id,name,gender,dob,nik,phone,bank_account,credit_card,email,address,decoy_id
0,Opung Saefullah,M,1989-09-28,3172012809894507,+628582181960,48908386379,5202654235116152,opung_saefullah619@gmail.com,"Jl. Tebet Barat Dalam No. 8, Semarang, Sulawesi Selatan 01338",9974659571848144
1,Sutan Nasrullah Yulianti,M,1987-09-21,3501012109871292,088595931034,26475255341,5428327648350300,sutan_nasrullah_yulianti411@gmail.com,"Gang Abdul Muis No. 654, Jambi, NB 16155",9989826016962532
2,"Dt. Omar Haryanti, M.Pd",F,1987-10-24,3105016410878180,083824238849,63287101226916,5397848018451463,"dt..omar.haryanti,.m.pd@hotmail.com","Gg. Medokan Ayu No. 5, Tarakan, DI Yogyakarta 34131",9980454522783883
3,Siska Utama,M,1975-09-27,6101012709751744,08592528809,25430391,4718227824896386,siskautama@hotmail.com,"Jalan Otto Iskandardinata No. 19, Prabumulih, Kalimantan Utara 76483",9971655859362929
4,"Cut Ghaliyati Firmansyah, S.Psi",F,1992-03-07,3175014703924062,+628575098393,41051834,5573829973763112,"cutghaliyatifirmansyah,s.psi442@outlook.com","Jl. Ahmad Yani No. 5, Sungai Penuh, SB 72423",9975727650201532
5,T. Pangeran Padmasari,M,1995-06-11,3273011106950994,+6283813338726,417810801326773,6011602606474683,t.pangeranpadmasari736@yahoo.co.id,"Jalan HOS. Cokroaminoto No. 7, Tomohon, BE 22691",9951756487656844
6,Dr. Paris Ramadan,M,1975-12-28,3174012812759490,+628845009788,319136193,5490916998543536,dr._paris_ramadan@hotmail.com,"Gang Gardujati No. 62, Ambon, Kepulauan Bangka Belitung 81489",9954497824951157
7,Vanesa Marpaung,M,1965-12-14,3171011412657509,08518384251,5278498084124,4182449353487408,vanesa.marpaung650@hotmail.com,"Jalan Gardujati No. 43, Kendari, DKI Jakarta 71822",9910498405557549
8,R.M. Eman Nuraini,F,1990-11-02,3176014211904292,+6281586801128,9262045053315,6011869232260256,r.m._eman_nuraini@hotmail.com,"Gg. Surapati No. 5, Pematangsiantar, ST 33150",9925215786129316
9,Lanjar Prasetya,F,1986-12-24,3173016412867712,08577543303,245868501429,5201965569816938,lanjar_prasetya46@gmail.com,"Jl. Cikutra Timur No. 518, Kota Administrasi Jakarta Utara, Sumatera Barat 82997",9985779571941120
10,Yani Wasita,M,1968-05-01,3402010105687067,082295148465,923662994680,5243699577738726,yaniwasita87@ymail.com,"Gg. Setiabudhi No. 67, Tangerang, Gorontalo 65133",9999080472949558
11,Dina Anggraini,F,1965-06-25,3272016506653849,08593200379,869367632,5501632870831722,dina_anggraini684@outlook.com,"Jalan Ciumbuleuit No. 81, Sungai Penuh, Aceh 32677",9970058695705667
12,Almira Marbun,F,1966-10-02,3102014210667778,089734873471,55581223623,4665876036690961,almira_marbun7@hotmail.com,"Gang Erlangga No. 68, Bukittinggi, KS 30980",9964888623226621
13,Asirwanda Padmasari,F,1995-08-09,7102014908958948,085734670656,398069901627204,5353755646417084,asirwanda.padmasari975@yahoo.co.id,"Jl. K.H. Wahid Hasyim No. 913, Bitung, KU 91699",9919657878829047
14,Farhunnisa Winarsih,M,1983-06-11,3172011106834052,08559232719,552991241904966,5531931491905867,farhunnisawinarsih@ymail.com,"Gang Gegerkalong Hilir No. 4, Lubuklinggau, YO 79911",9958024810513676
15,T. Cahyadi Tampubolon,M,1984-03-30,3601013003848032,085157262849,869453147379965,4752735454948080,t..cahyadi.tampubolon@outlook.com,"Gang Jamika No. 84, Surakarta, Maluku 24118",9988136143474712
16,Rahmi Pranowo,M,1963-08-10,5102011008638042,08971436349,7855744431351,5582337498941344,rahmi.pranowo@hotmail.com,"Gang Pasir Koja No. 164, Ambon, NB 42786",9927813523469265
17,Bahuraksa Maryadi,F,1985-07-02,3173014207850894,088527109477,1471167190,5129413186999389,bahuraksa_maryadi462@hotmail.com,"Gg. Gegerkalong Hilir No. 450, Gorontalo, Kalimantan Utara 58692",9992827843723769
18,Saka Marpaung,F,2005-03-15,3301015503059317,08213341232,1679740344,5571349361832425,saka.marpaung@hotmail.com,"Jl. Rumah Sakit No. 34, Tanjungpinang, Gorontalo 07337",9990108975122825
19,"R.A. Genta Dongoran, S.Kom",F,1974-02-03,3701014302742038,+6289864887719,69401399049027,5474296717565519,"r.a..genta.dongoran,.s.kom338@outlook.com","Jalan Pelajar Pejuang No. 86, Bandar Lampung, JA 29401",9966362620433470
20,Titi Sihotang,M,1987-06-05,5101010506871443,+6287751680876,8703482477109,6011324808613176,titi.sihotang@outlook.com,"Jalan Pasir Koja No. 608, Mataram, SN 59514",9981615538229358
21,"Hasan Simbolon, S.Sos",F,1982-08-06,3601014608827906,08997826398,2465840449,5472787558867530,"hasansimbolon,s.sos245@yahoo.co.id","Gg. Otto Iskandardinata No. 29, Padang, AC 43699",9916143567498898
22,Maimunah Handayani,F,1990-07-26,5102016607906247,08337028951,287026217459615,6011865780913437,maimunahhandayani93@gmail.com,"Jl. Peta No. 9, Bekasi, Kalimantan Utara 33200",9999192556631689
23,Rahmi Hidayanto,M,1968-06-07,3701010706682726,+628590504556,32219693792374,5340748217594647,rahmi_hidayanto866@yahoo.co.id,"Gg. Yos Sudarso No. 32, Tomohon, GO 32870",9964142355042866
24,"Puti Mutia Mansur, M.M.",F,1985-04-24,3273016404853887,083394406409,84395339,5221047095214567,"puti.mutia.mansur,.m.m.@ymail.com","Gang Jamika No. 7, Kota Administrasi Jakarta Selatan, KU 87347",9984708232492754
25,Gilda Saputra,F,1959-05-25,3102016505594211,089951712368,14817549651370,5485931746120041,gilda_saputra@yahoo.co.id,"Jl. Jakarta No. 623, Padangpanjang, SR 87603",9985655364701466
26,Vera Padmasari,M,2000-03-09,3501010903007433,+6283292617964,4773515850643,4713900532931831,verapadmasari@hotmail.com,"Jalan Setiabudhi No. 66, Pasuruan, Kalimantan Timur 67065",9930769492763886
27,"dr. Nyoman Marbun, M.M.",M,1991-05-01,3203010105912371,085321020539,5026811775,5491783908470077,"dr._nyoman_marbun,_m.m.@outlook.com","Jalan Ciwastra No. 6, Pangkalpinang, Kalimantan Barat 46537",9920344186334469
28,"dr. Estiawan Andriani, S.T.",M,1972-11-10,3302011011729967,08142499856,889611836736,5276615654527113,"dr..estiawan.andriani,.s.t.96@gmail.com","Jl. Sentot Alibasa No. 100, Dumai, Bali 32719",9988302107614994
29,Tira Rajasa,M,2006-05-23,7301012305069203,08786560494,37315851493,6011689980940247,tirarajasa781@hotmail.com,"Jl. Rajawali Timur No. 904, Mojokerto, KS 93149",9910860501093328
30,"Drs. Purwa Gunarto, S.I.Kom",M,1998-09-17,3101011709989279,08382018366,6459910229,4147679764381568,"drs..purwa.gunarto,.s.i.kom291@ymail.com","Gg. Antapani Lama No. 71, Mataram, SG 62849",9953407804805910
31,KH. Jayadi Hastuti,M,1998-11-08,3274010811986476,+628213432445,722683885160607,4596966416052974,kh.jayadihastuti942@gmail.com,"Jalan Dipatiukur No. 73, Salatiga, PB 07527",9944239933962424
32,"T. Ganep Setiawan, M.Ak",F,1966-08-31,3502017108668585,082345352181,65231243292,6011127799799555,"t..ganep.setiawan,.m.ak@outlook.com","Jl. Moch. Toha No. 6, Sabang, KU 77014",9998860477656106
33,"Hesti Samosir, M.Farm",F,1967-03-06,3203014603679690,082181477005,299867980,5393597820715180,"hestisamosir,m.farm@yahoo.co.id","Gang M.H Thamrin No. 57, Lhokseumawe, BB 13518",9971610050105901
34,"Fitria Nababan, S.Kom",F,2006-07-24,7101016407068565,+6281554665905,964492519,5525462914865286,"fitria.nababan,.s.kom662@ymail.com","Jalan Kebonjati No. 35, Langsa, AC 40084",9912565649515560
35,Makuta Lestari,F,1992-11-14,3301015411922954,085673322141,69296222,6011927065379472,makuta.lestari@hotmail.com,"Gang Ronggowarsito No. 52, Kota Administrasi Jakarta Pusat, Sulawesi Utara 16719",9976008426249470
36,Cakrawangsa Maryadi,M,1989-03-15,3402011503899346,+6289746886239,175818141247,5426137506068539,cakrawangsa_maryadi84@yahoo.co.id,"Jl. Stasiun Wonokromo No. 99, Pematangsiantar, PB 74964",9954848169569414
37,Lurhur Januar,M,1985-12-01,3303010112852393,08534727790,53289861,6011434103697114,lurhur_januar@ymail.com,"Jalan Jamika No. 281, Ambon, Sulawesi Barat 97403",9944048675565438
38,Tira Hasanah,M,1970-10-08,3204010810707033,081139621851,77065405,6011153195205855,tirahasanah180@outlook.com,"Jalan W.R. Supratman No. 832, Bontang, DI Yogyakarta 24994",9935652257976528
39,Shakila Sihombing,M,1978-12-04,3271010412787499,081330305486,503450541566765,5177584161692847,shakila_sihombing@hotmail.com,"Gang Ciwastra No. 0, Ternate, MU 01399",9951608186822804
40,"Ir. Rizki Santoso, M.Farm",F,2006-07-22,3701016207069874,+628967570596,26582029,5570213556909272,"ir._rizki_santoso,_m.farm381@gmail.com","Gang Pelajar Pejuang No. 967, Parepare, Nusa Tenggara Timur 55125",9929377062447535
41,Irma Wijayanti,F,1977-06-10,3502015006775151,+628181027868,839473121727,4551884422583135,irma.wijayanti243@gmail.com,"Jalan Raya Setiabudhi No. 51, Pekanbaru, AC 60385",9987972386330355
42,Sari Handayani,F,1988-10-31,5101017110889039,08531467866,351778528,5592268018242259,sarihandayani231@ymail.com,"Jalan Peta No. 71, Sorong, Kalimantan Utara 48086",9949977104301438
43,"Puti Malika Lazuardi, S.E.I",M,1960-03-30,3202013003603217,088524981829,3995900109,5239690784473644,"puti_malika_lazuardi,_s.e.i@yahoo.co.id","Gang Ronggowarsito No. 37, Meulaboh, KS 14658",9968495047695469
44,Eko Salahudin,F,1969-08-21,5101016108693343,08785556258,4714732104696,5125953278774708,eko.salahudin968@ymail.com,"Gang Sentot Alibasa No. 88, Palu, MU 39636",9940276258391158
45,"Nabila Wibowo, S.Sos",F,1957-07-26,3174016607570829,081997480162,7506098358416,5478499121655851,"nabila.wibowo,.s.sos204@ymail.com","Jl. S. Parman No. 5, Palembang, Gorontalo 02621",9916373904360786
46,Jessica Oktaviani,M,1980-07-25,3176012507805457,089929825952,688879470551,5394097499309721,jessicaoktaviani645@yahoo.co.id,"Gang Raya Setiabudhi No. 7, Solok, YO 43161",9914442036410382
47,"Cinthia Handayani, S.E.",M,1996-04-09,3104010904960311,089762636897,38385786,5227858549733481,"cinthia_handayani,_s.e.231@hotmail.com","Gg. Cikutra Barat No. 55, Bontang, KU 92221",9939174445400905
48,Raina Zulaika,F,1988-02-15,3302015502887862,+6283141986652,257473384842,4993308330165717,rainazulaika@gmail.com,"Jl. Rawamangun No. 4, Kota Administrasi Jakarta Pusat, Aceh 48217",9987455287825312
49,Tgk. Suci Anggraini,M,2006-04-03,3601010304067794,08994540193,36206724,4049915478872876,tgk._suci_anggraini@hotmail.com,"Jalan Sukajadi No. 13, Samarinda, NT 40640",9911980779642379
50,"Prayogo Hardiansyah, M.Ak",F,1985-10-09,3204014910859303,08559668516,3753046374,5249904530174261,"prayogohardiansyah,m.ak515@gmail.com","Gg. Merdeka No. 3, Tangerang, JB 04709",9951523488849669
51,Bakijan Sihombing,F,1974-11-30,3274017011743591,085327956878,49187851910,6011883982258715,bakijansihombing211@gmail.com,"Jl. Gegerkalong Hilir No. 5, Cimahi, BB 45171",9981828598791390
52,Satya Wastuti,F,1962-10-24,3174016410627430,+6285379087406,49106518,4170462265676616,satyawastuti@hotmail.com,"Gg. Antapani Lama No. 81, Medan, BB 51370",9935117478272596
53,Tgk. Vinsen Suryatmi,F,1988-08-31,7101017108882087,08570478686,85243106903,5111907903067385,tgk..vinsen.suryatmi@yahoo.co.id,"Gang Suryakencana No. 12, Bandung, Maluku 11382",9942956526439283
54,Salsabila Namaga,F,1976-03-13,3302015303763882,08598364408,7870568566,5146287334270863,salsabila_namaga@outlook.com,"Jalan Rajiman No. 6, Bandung, PA 77351",9945885494827465
55,Puji Yuliarti,M,2008-03-07,3303010703081296,+6289718304699,498373540,5131739363854675,pujiyuliarti665@hotmail.com,"Gang Kebonjati No. 713, Banjarbaru, NB 29318",9960613018014709
56,Rahmat Pradipta,F,1966-05-25,5101016505661616,+6289935560932,52353693785477,5325228728080109,rahmat.pradipta@yahoo.co.id,"Gg. Ir. H. Djuanda No. 842, Surabaya, BA 05395",9911284843888896
57,Anastasia Mahendra,M,1956-01-24,6101012401567472,08329977008,18484086,6011211823398458,anastasia_mahendra815@gmail.com,"Gg. Cihampelas No. 89, Palopo, SS 90847",9974598052006284
58,Aswani Kuswandari,M,1989-12-14,3274011412894915,08231666870,2765918033,6011974014890258,aswani.kuswandari@ymail.com,"Gg. Cempaka No. 159, Batam, JB 99856",9966057143929011
59,T. Jaeman Mayasari,M,2008-12-03,3301010312082662,+6285885621850,25999650477,5158662961943110,t._jaeman_mayasari158@yahoo.co.id,"Jl. Bangka Raya No. 36, Palu, RI 15654",9964837024263326
60,Mahfud Kusmawati,F,1975-06-04,3402014406751746,+628234754121,988610158199560,5266183982622446,mahfud_kusmawati@gmail.com,"Jl. Bangka Raya No. 528, Semarang, Nusa Tenggara Barat 65604",9971173937347241
61,Ciaobella Permata,F,1987-08-20,3601016008874912,08995437993,5065965756,6011924593752650,ciaobella_permata753@ymail.com,"Jalan Dr. Djunjunan No. 85, Tual, Kepulauan Riau 68998",9944118283786493
62,"Radit Santoso, S.Ked",F,1956-08-17,3501015708564593,083819398280,474167243426617,5479688680589115,"radit.santoso,.s.ked674@yahoo.co.id","Gang Sentot Alibasa No. 229, Batam, Jawa Tengah 18366",9996228542277669
63,Hairyanto Saragih,M,1979-09-16,3502011609795433,08960143888,85679825071,5261125457387570,hairyanto.saragih449@hotmail.com,"Jl. Jamika No. 0, Kota Administrasi Jakarta Timur, ST 79764",9952258471736956
64,R. Gangsar Astuti,M,1966-11-07,3175010711660371,08782382825,462266093796603,5141918255371474,r.gangsarastuti990@ymail.com,"Gang Cihampelas No. 690, Gorontalo, Maluku 24451",9996034159099094
65,"Mala Natsir, S.E.I",F,1955-08-18,3175015808555701,+6283192499125,225286692966,5178282742257906,"mala_natsir,_s.e.i@outlook.com","Jalan Suniaraja No. 0, Banda Aceh, SG 59696",9937458312335464
66,Icha Latupono,F,1993-07-11,7301015107938282,088176772190,50438427978,5419148580783610,ichalatupono@hotmail.com,"Jalan Wonoayu No. 51, Bima, KU 96816",9973290776502362
67,"Jessica Prasetya, S.Psi",F,2002-03-22,3401016203021426,08973395962,40958498254,5294812604223253,"jessica.prasetya,.s.psi780@outlook.com","Jl. Sentot Alibasa No. 23, Bontang, Kepulauan Bangka Belitung 29212",9991265686830137
68,"Jumadi Hariyah, M.Farm",F,2006-08-01,3601014108066147,08971684577,27518636,6011374545892978,"jumadi_hariyah,_m.farm@gmail.com","Jalan Cempaka No. 774, Semarang, BE 81477",9998124566649569
69,Yance Suwarno,F,1957-03-29,3172016903572036,+6281570632424,5152064361103,5312938700516272,yance.suwarno235@gmail.com,"Gang Indragiri No. 0, Samarinda, Kalimantan Selatan 97820",9924521724349142
70,"Tgk. Nasab Hutasoit, M.TI.",F,1979-07-17,3402015707794903,085322189092,36973112196,5265234138999405,"tgk.nasabhutasoit,m.ti.897@yahoo.co.id","Gg. Cempaka No. 8, Mataram, Papua 66590",9995416238331120
71,"Gandewa Haryanto, S.Psi",M,1997-10-30,3502013010974843,08217613791,65269658,5527109104300683,"gandewa_haryanto,_s.psi644@outlook.com","Gang Kapten Muslihat No. 2, Bau-Bau, Jawa Tengah 46291",9966614978182314
72,Syahrini Sitompul,M,1971-12-06,7102010612718809,081414183285,563031617,5490421020275880,syahrinisitompul@hotmail.com,"Gang Asia Afrika No. 42, Makassar, Sumatera Barat 32214",9926616740623348
73,Jono Namaga,M,2000-10-23,3303012310007035,+628184917785,6241913800,6011030756220863,jono.namaga@outlook.com,"Gg. Jakarta No. 292, Banjar, Sulawesi Barat 37947",9948175043437796
74,Galak Halimah,M,1967-11-06,3402010611671957,08822380617,618705349493,5359738320603855,galakhalimah@hotmail.com,"Gang Peta No. 88, Cilegon, Kalimantan Selatan 40758",9962955474890913
75,"Zulfa Maryati, S.IP",F,2005-08-31,3273017108053362,08836702410,67191826199062,5144565574313291,"zulfa.maryati,.s.ip@yahoo.co.id","Gg. Cihampelas No. 2, Bekasi, KI 50606",9975590376451684
76,Harsana Hutapea,F,1982-04-27,3601016704821979,088437474112,135213568044,6011206788317127,harsana.hutapea@yahoo.co.id,"Gg. Dipenogoro No. 5, Bogor, BT 72779",9937883489103319
77,Ajiman Rajasa,F,1955-06-30,3402017006551377,+628170137215,129667066253244,5320999347687014,ajiman_rajasa@outlook.com,"Jalan Peta No. 410, Padangpanjang, Sulawesi Tenggara 17980",9945066371358735
78,R.A. Tina Megantara,M,1989-05-03,3501010305895884,089959856420,14078593213,5534803965223953,r.a.tinamegantara715@ymail.com,"Gg. Moch. Toha No. 6, Surakarta, JK 18888",9959493917037561
79,Nadine Gunawan,M,1985-02-19,3104011902858065,+6288427010393,159325250029218,6011515691545221,nadinegunawan972@outlook.com,"Jalan Setiabudhi No. 531, Bogor, BT 85277",9954653268217245
80,"R.M. Atma Haryanti, S.Gz",M,1989-04-29,7301012904895847,08576442209,39593917,5151355215704331,"r.m.atmaharyanti,s.gz70@hotmail.com","Jl. Cihampelas No. 48, Probolinggo, SU 03450",9925207564453037
81,Humaira Maheswara,M,2001-12-19,3174011912016324,089726765861,37104054115,5162181599706299,humaira_maheswara@gmail.com,"Gang Sukajadi No. 27, Medan, SU 16169",9938928026778972
82,Kenes Sihombing,M,2008-12-12,3601011212089079,088444310698,1506149731,4324171467741865,kenes.sihombing380@hotmail.com,"Gg. Kapten Muslihat No. 47, Cimahi, ST 70596",9972737388660297
83,"Dt. Bahuraksa Winarsih, S.Sos",M,1970-01-14,3202011401707205,089834902115,48068687937416,6011089899217223,"dt..bahuraksa.winarsih,.s.sos@yahoo.co.id","Jl. Rungkut Industri No. 7, Blitar, YO 55690",9969584264588999
84,"Ihsan Uwais, S.I.Kom",M,1987-11-20,3602012011873309,081451168685,199861622999119,6011148564679973,"ihsan.uwais,.s.i.kom177@outlook.com","Gg. Suniaraja No. 43, Bandar Lampung, KB 86814",9997008065324881
85,"Melinda Prabowo, M.Ak",F,1997-01-22,3173016201976485,08780745054,232475469137367,6011850821486282,"melindaprabowo,m.ak@yahoo.co.id","Jl. HOS. Cokroaminoto No. 727, Tangerang Selatan, MU 18844",9945111605153099
86,"Titin Uyainah, S.E.",M,2001-03-09,5101010903010829,+628324578610,827985524140602,6011933334680076,"titin.uyainah,.s.e.@ymail.com","Jl. HOS. Cokroaminoto No. 705, Pangkalpinang, JB 14678",9911193145629154
87,Yuni Permata,M,1977-05-24,3202012405779968,085966574374,20858994417154,5554443283096520,yunipermata27@hotmail.com,"Jalan Cihampelas No. 85, Purwokerto, Kalimantan Barat 68018",9966940179169023
88,Caraka Sinaga,F,1963-06-23,3173016306639553,+6285538758428,824825135,5146554947170994,carakasinaga73@yahoo.co.id,"Jalan Pasir Koja No. 842, Singkawang, DKI Jakarta 99229",9926864191138057
89,dr. Zaenab Pratiwi,F,1994-02-15,7101015502944889,+628952235697,2752500743,6011292712966661,dr._zaenab_pratiwi@gmail.com,"Jl. H.J Maemunah No. 4, Yogyakarta, Sulawesi Barat 78447",9938065608890893
90,"Ir. Halim Salahudin, M.M.",F,1968-06-07,3171014706685280,+628830033542,310447898562,5275326033230986,"ir..halim.salahudin,.m.m.127@gmail.com","Gg. Veteran No. 73, Sibolga, Jawa Tengah 55625",9945998871065900
91,Galuh Permadi,M,1983-01-08,3174010801831772,08121676184,4046184992,5318914117393487,galuh.permadi367@hotmail.com,"Gang Pacuan Kuda No. 104, Singkawang, SR 25953",9915545491578505
92,Oliva Hastuti,F,1996-06-02,3105014206967876,08780011972,243744701,6011204556110021,olivahastuti@hotmail.com,"Jalan Dipatiukur No. 87, Jambi, NT 04797",9947759728140028
93,Slamet Kurniawan,M,1970-08-23,3402012308705616,08166674676,2202169797,5196590277167019,slamet_kurniawan671@gmail.com,"Gang Surapati No. 06, Salatiga, KS 84168",9983863464271850
94,T. Rudi Oktaviani,M,1979-07-13,3303011307798505,08836375628,12877217,5235408386631773,t.rudioktaviani@outlook.com,"Gg. Soekarno Hatta No. 85, Dumai, Sumatera Selatan 80002",9954480601460347
95,"drg. Karja Hasanah, S.E.I",M,1993-09-29,5103012909930292,085160880199,85503758997,5557113055488511,"drg..karja.hasanah,.s.e.i@outlook.com","Jalan Suniaraja No. 4, Pekalongan, Sumatera Selatan 94705",9967594315544783
96,Hamzah Padmasari,M,1973-02-05,3202010502733210,+628556373516,879827080,5469782922169954,hamzahpadmasari903@outlook.com,"Gang Suryakencana No. 9, Tebingtinggi, BE 28962",9995710279315396
97,Anggabaya Pertiwi,M,1999-08-01,3203010108996519,087872269848,43945228851,6011587996846081,anggabaya.pertiwi26@yahoo.co.id,"Gg. Raya Setiabudhi No. 26, Padang Sidempuan, Sumatera Selatan 02838",9938132278904472
98,"Jati Novitasari, S.Sos",F,1972-10-06,3102014610724696,+628170438057,96384066658,4043973598933479,"jati.novitasari,.s.sos@yahoo.co.id","Gang R.E Martadinata No. 49, Depok, KU 84344",9934459677583136
99,"Tiara Lestari, S.Psi",M,1993-04-11,3501011104930666,089684229405,1259094798,5215832818268862,"tiara.lestari,.s.psi@yahoo.co.id","Gang Gedebage Selatan No. 8, Mojokerto, NT 40415",9956710618343900
100,"Edi Kuswandari, S.Kom",F,2005-02-09,3402014902054810,+6285680157399,66164840,5458877043581128,"edikuswandari,s.kom@gmail.com","Jalan Dr. Djunjunan No. 9, Kota Administrasi Jakarta Barat, Bengkulu 30165",9969702989207234
101,Maman Mandala,M,1993-12-13,3105011312938811,+628962075011,919346676650,5318091901581445,mamanmandala89@outlook.com,"Gang Ronggowarsito No. 3, Madiun, Lampung 19380",9965608579740159
102,Hamzah Nugroho,M,2004-07-11,5102011107042562,08842684245,98210099,5388143536822234,hamzahnugroho855@yahoo.co.id,"Jalan PHH. Mustofa No. 049, Magelang, Lampung 88728",9935521187972916
103,Rusman Kusumo,M,1980-06-26,7301012606807558,08854141397,3314913577594,5592995562053361,rusman_kusumo861@yahoo.co.id,"Gang K.H. Wahid Hasyim No. 549, Cirebon, RI 85161",9975139535397735
104,Jati Sinaga,F,1965-03-10,3401015003655005,+628812914283,208099693,4848872563942788,jatisinaga93@hotmail.com,"Gang Moch. Toha No. 45, Sawahlunto, Aceh 53017",9911492510443730
105,Silvia Mardhiyah,M,1971-10-12,3102011210718424,+6285322992750,414530385677005,4844989266591843,silvia_mardhiyah@ymail.com,"Gang Kendalsari No. 327, Palu, PA 87833",9959664449922630
106,Puti Paramita Hassanah,F,1991-12-14,5103015412917899,+628117231843,6913651777,5192603029922808,putiparamitahassanah@yahoo.co.id,"Jl. M.H Thamrin No. 3, Cimahi, MU 13971",9982710274609334
107,Yessi Hakim,F,2003-10-02,3172014210034645,08237977236,9425799136,5321038862912797,yessihakim@gmail.com,"Gang Ahmad Yani No. 874, Mojokerto, BB 39106",9985898958991517
108,Kemba Halim,M,1973-10-25,3602012510738554,089508637659,724731498,5343009818063562,kemba_halim@outlook.com,"Gg. Tubagus Ismail No. 265, Palopo, Papua Barat 18251",9992384566201916
109,dr. Karsana Mahendra,F,1964-11-06,3202014611648784,+6289694636887,549562137213865,6011890260127967,dr..karsana.mahendra66@yahoo.co.id,"Gg. Rawamangun No. 8, Prabumulih, Papua Barat 37524",9921262996974878
110,"Vanesa Kusumo, S.Gz",M,1965-05-22,3501012205656565,+6288390277038,98392053,5502146566938011,"vanesa.kusumo,.s.gz563@ymail.com","Jl. Cikutra Timur No. 907, Kota Administrasi Jakarta Barat, BT 73830",9992042100254506
111,Gina Permata,F,1962-10-12,3401015210624531,08577690426,945184894,5576973577907142,gina.permata@yahoo.co.id,"Gg. Ir. H. Djuanda No. 8, Padang Sidempuan, MA 08926",9954434873344143
112,Gangsar Yuniar,F,1985-03-24,3401016403858463,08844341651,8553942373,5134333395211170,gangsaryuniar@outlook.com,"Gang Jakarta No. 62, Kendari, KI 27086",9997352639143030
113,Dr. Cahyanto Wibisono,F,2007-06-22,5103016206079413,081828463920,88085627187500,5536915594284341,dr._cahyanto_wibisono982@hotmail.com,"Gg. H.J Maemunah No. 751, Banjarbaru, Kepulauan Riau 99013",9980193440421751
114,Hj. Putri Pratama,F,1998-08-30,3105017008986867,083264729293,486632270267,5188574489061201,hj..putri.pratama834@outlook.com,"Gang Antapani Lama No. 317, Tanjungpinang, KT 38546",9998647433378199
115,"Gatot Samosir, S.T.",M,1980-05-22,3701012205805484,081758845061,92455877169,5272256996112531,"gatot_samosir,_s.t.325@hotmail.com","Jalan Waringin No. 35, Padang Sidempuan, BT 20489",9948175367794548
116,Ida Mangunsong,F,1986-06-27,3402016706869617,+6288362202341,21178006811492,4643347228200554,ida_mangunsong479@ymail.com,"Gg. Ahmad Yani No. 785, Tual, Sumatera Barat 72522",9929015730813855
117,Fitria Namaga,M,1994-02-09,5101010902949241,089657831745,5008254780,5577406493085365,fitrianamaga448@yahoo.co.id,"Jl. Abdul Muis No. 23, Tarakan, Jawa Tengah 38750",9941045648650987
118,"Warji Susanti, M.Kom.",F,1988-07-29,3272016907886918,+6285848463122,849735020802144,5170312073564754,"warji_susanti,_m.kom.@hotmail.com","Gg. Antapani Lama No. 848, Banda Aceh, SS 21182",9917886187397910
119,Drs. Hafshah Thamrin,F,1968-03-22,3502016203681170,088423460136,403718376452088,4474350313650241,drs.hafshahthamrin123@yahoo.co.id,"Gg. Surapati No. 93, Langsa, JK 16668",9991776357675989
120,"Adika Narpati, S.Pt",F,1980-11-30,3101017011806085,08232719500,9127358573,4652407784873925,"adikanarpati,s.pt357@outlook.com","Jalan Ahmad Dahlan No. 339, Kota Administrasi Jakarta Timur, BT 48902",9994257944064933
121,Anita Pranowo,M,2005-05-13,3271011305058703,081444857086,69351863,5478294565118107,anita.pranowo@yahoo.co.id,"Gg. Jamika No. 3, Tangerang, Nusa Tenggara Barat 21850",9978307619674043
122,Salman Hutagalung,M,1960-06-26,3273012606600522,083389940539,47170586,6011509480141387,salman.hutagalung@ymail.com,"Jalan KH Amin Jasuta No. 77, Manado, PB 29619",9936664811957996
123,Nasab Hidayanto,M,1971-03-01,7101010103714076,081619576122,3897558556659,5198368457760041,nasabhidayanto@hotmail.com,"Gg. KH Amin Jasuta No. 655, Bekasi, Aceh 75412",9952266801372849
124,Melinda Puspita,M,1959-12-04,3105010412595160,081288899210,3459334419,5393157279194092,melinda_puspita@hotmail.com,"Jl. Setiabudhi No. 1, Meulaboh, AC 66183",9971125189186267
125,Mahdi Wibowo,F,1986-02-05,3175014502863715,081104805892,30679981364,6011622517908648,mahdi.wibowo409@yahoo.co.id,"Gang Pasteur No. 21, Palangkaraya, Kepulauan Riau 47154",9928982733387498
126,"Sari Lailasari, M.Ak",F,2006-03-14,7301015403063246,+6288193898331,69116655355904,5159792703352111,"sarilailasari,m.ak@ymail.com","Jl. Rajawali Barat No. 659, Magelang, Sulawesi Tengah 69245",9930787327019078
127,"Farah Kuswandari, S.Psi",F,1987-10-14,3171015410875625,085277053833,979206980420,5239407016451044,"farahkuswandari,s.psi@outlook.com","Gang KH Amin Jasuta No. 93, Metro, Kepulauan Riau 51939",9924017526377046
128,Mahmud Pudjiastuti,F,2009-01-24,5103016401099783,+628842387800,676205554384,6011046084325624,mahmud.pudjiastuti748@ymail.com,"Gg. PHH. Mustofa No. 1, Tangerang, Sumatera Barat 43426",9968734654568516
129,Ikin Rahimah,M,1997-10-27,3101012710976988,085978232983,926292518812,5220566474231227,ikin.rahimah781@ymail.com,"Jalan Siliwangi No. 8, Bima, KU 29096",9996180954225781
130,Wulan Astuti,M,2007-06-03,3274010306073784,081217289752,822330604633312,5397573660965694,wulanastuti@ymail.com,"Gg. Merdeka No. 8, Palopo, Papua 79825",9973557395556108
131,Ciaobella Sihombing,F,2009-02-01,3173014102094026,088308680347,572649082771,5581298266570271,ciaobellasihombing@outlook.com,"Jl. Sentot Alibasa No. 57, Pematangsiantar, SU 71775",9945193349342129
132,Rusman Latupono,F,1958-11-02,3102014211582025,08237518689,96025922220644,5574212309407775,rusmanlatupono@ymail.com,"Jl. Pacuan Kuda No. 2, Magelang, Sulawesi Selatan 36226",9979449117389202
133,"Raisa Napitupulu, M.M.",M,1976-07-28,3105012807769648,+6289967199038,12205020994,5210162249998270,"raisanapitupulu,m.m.593@gmail.com","Jl. Laswi No. 19, Prabumulih, KB 53714",9955433449517114
134,Paris Uyainah,F,1991-06-06,3501014606911109,08964721458,49019817946,5454899529978772,paris.uyainah@hotmail.com,"Jalan Sentot Alibasa No. 79, Tangerang, MA 25134",9937242888470877
135,Talia Megantara,M,1961-07-11,3175011107610393,08983966055,13441448850,4556990235577022,talia_megantara160@ymail.com,"Gg. W.R. Supratman No. 782, Pasuruan, LA 25790",9957162588894125
136,Jayeng Mansur,F,2001-12-13,3601015312010918,088395880395,2240568299629,4450461735743847,jayeng.mansur115@gmail.com,"Gang Rajiman No. 77, Bau-Bau, Bali 40438",9938444614018404
137,"drg. Karya Lailasari, M.Pd",M,1970-10-19,3701011910708291,+6281282357845,923076810,5209157018409431,"drg._karya_lailasari,_m.pd@hotmail.com","Gang R.E Martadinata No. 783, Bima, Kalimantan Utara 07451",9984909712810249
138,Prayoga Prakasa,F,1978-12-03,3701014312781928,+628182410988,9542493214958,5302070160166299,prayogaprakasa645@ymail.com,"Jalan Kendalsari No. 330, Prabumulih, Kepulauan Riau 54494",9953973402571242
139,Ir. Rahman Kuswoyo,F,2006-08-23,3104016308068741,082392171747,39456255770,4715772459928164,ir.rahmankuswoyo@hotmail.com,"Gg. Suryakencana No. 232, Kota Administrasi Jakarta Barat, Riau 29466",9984978541673728
140,"Putu Iswahyudi, S.Sos",F,1979-08-15,3502015508799676,08959382761,79583219719975,5417246191965700,"putu.iswahyudi,.s.sos@ymail.com","Gang Raya Ujungberung No. 0, Tegal, SG 18636",9973750840454211
141,Hasna Sinaga,F,1999-10-03,3501014310999469,08973549465,96240580,4851403696566667,hasnasinaga@outlook.com,"Gg. Sadang Serang No. 0, Bengkulu, SG 12770",9936487660610669
142,Farah Mustofa,F,2008-10-09,3402014910086836,081422010276,2267969278,5387653269097387,farah_mustofa421@gmail.com,"Jalan Suryakencana No. 41, Surakarta, JI 64361",9915329960927726
143,Dariati Kuswandari,F,1993-03-18,3402015803931855,08992847818,471894905,5407787956544203,dariatikuswandari946@ymail.com,"Gg. Antapani Lama No. 516, Pariaman, DI Yogyakarta 61115",9918642592794332
144,Dina Wibowo,F,1975-01-22,3102016201759386,082190471281,529444019292,5575243728051294,dina.wibowo858@outlook.com,"Jl. Kendalsari No. 2, Malang, Kalimantan Tengah 69731",9963926623105742
145,Parman Maheswara,M,2003-08-18,3701011808032741,085604102767,76742860476,5558018569454418,parman_maheswara671@outlook.com,"Gang HOS. Cokroaminoto No. 413, Tanjungbalai, BA 38983",9944032243207182
146,Septi Habibi,M,1995-08-06,7101010608955529,+6281680010618,634430091093911,4926921244717462,septihabibi926@hotmail.com,"Jalan Moch. Toha No. 91, Mataram, Maluku Utara 69658",9949024390666429
147,"drg. Xanana Hidayanto, S.Ked",M,1992-02-03,3501010302926367,08784427173,8128639174,4011947072006422,"drg.xananahidayanto,s.ked338@ymail.com","Jalan Cihampelas No. 684, Pagaralam, Riau 88924",9982533423602340
148,Kajen Putra,F,1959-09-22,5102016209597145,08388306719,6460158517432,5406346157173202,kajen.putra@outlook.com,"Jalan Rajawali Timur No. 6, Banjarmasin, Kalimantan Utara 61799",9918866482242784
149,"Opung Wahyuni, S.E.",F,1958-03-08,5103014803588749,+628970505061,929310270790320,5104179291117997,"opung.wahyuni,.s.e.@outlook.com","Jl. Jamika No. 58, Cimahi, Papua 41056",9955631459166537
150,Eluh Permata,M,1969-11-24,7102012411692251,+628770925114,35827390219620,5310021946723245,eluhpermata462@yahoo.co.id,"Gang Cikutra Barat No. 92, Cilegon, Kepulauan Bangka Belitung 91380",9934566947030040
151,"Cut Hesti Gunawan, M.Kom.",M,1957-08-03,3103010308578191,082356083318,9837340312772,5100543645970103,"cuthestigunawan,m.kom.@gmail.com","Jl. BKR No. 6, Madiun, KU 54195",9982466771540943
152,"Umay Habibi, S.E.",M,1961-08-29,3271012908613856,+6289763531531,46317970623972,5352735435209045,"umay.habibi,.s.e.114@outlook.com","Jalan Rawamangun No. 45, Purwokerto, Sulawesi Tenggara 53494",9934092267820934
153,Jaiman Uwais,F,1995-02-24,3274016402954836,08159831687,87406335693,5429060078068678,jaimanuwais@outlook.com,"Jl. Abdul Muis No. 03, Subulussalam, AC 06413",9943850764492846
154,Hari Lestari,M,1983-10-28,7301012810830204,08952543107,8990772625,5570165804649894,hari.lestari@ymail.com,"Jalan Cihampelas No. 865, Tidore Kepulauan, DKI Jakarta 82619",9957248423466125
155,Salimah Mustofa,M,1985-11-15,6101011511855964,+628216579055,932538179,6011335548640154,salimah_mustofa464@ymail.com,"Gang Suniaraja No. 5, Palopo, Kepulauan Riau 13291",9976168793195185
156,Ihsan Hastuti,F,1963-08-09,3701014908636032,+628227116241,227238046827,5267043103856952,ihsanhastuti662@outlook.com,"Gg. Laswi No. 47, Bitung, JK 49035",9984615164872386
157,"Hilda Tamba, S.Sos",F,1963-03-22,5101016203634983,085324375402,392842222310592,5345238055257823,"hildatamba,s.sos@gmail.com","Jalan Astana Anyar No. 78, Bengkulu, Sulawesi Tenggara 21003",9931961543110007
158,"drg. Kasiyah Usamah, S.Pt",M,1962-04-09,7102010904628314,087874929751,38140693,5351509398343011,"drg.kasiyahusamah,s.pt870@gmail.com","Jl. Kiaracondong No. 7, Bekasi, NB 07029",9982030792752678
159,"Lala Mandasari, S.Ked",F,1978-08-08,3104014808788036,+628775626565,6478137674266,5199123478519615,"lala.mandasari,.s.ked420@outlook.com","Gg. Lembong No. 447, Bandung, KU 76870",9988220695554526
160,Dina Andriani,F,1959-12-13,3176015312593265,081648704947,400244714627301,6011471959796471,dinaandriani@hotmail.com,"Gg. Setiabudhi No. 87, Salatiga, Sumatera Selatan 64205",9912467781966639
161,Umar Setiawan,F,1987-06-16,3102015606879530,08215725204,1448183219285,6011544518952021,umarsetiawan289@outlook.com,"Jalan Jamika No. 334, Tual, Kalimantan Timur 52239",9957894949820609
162,"Tami Tamba, M.Farm",M,1972-05-20,3273012005723570,08143898881,220754527,5485240132234230,"tami.tamba,.m.farm81@gmail.com","Jl. Yos Sudarso No. 4, Pasuruan, Banten 03930",9912646033724925
163,Gamblang Susanti,F,1983-08-22,3602016208830697,+628550890714,111939325012,6011495528938910,gamblang.susanti@ymail.com,"Jalan Raya Ujungberung No. 029, Binjai, Sumatera Utara 15691",9934173286507584
164,Diana Manullang,M,1973-05-21,3273012105733507,088259271256,71517182754,5401571647947384,diana_manullang298@yahoo.co.id,"Jalan Stasiun Wonokromo No. 9, Jayapura, KB 44220",9919796205250114
165,drg. Zizi Purnawati,F,2006-06-12,3402015206062938,081116781126,315353961,5167499465796780,drg._zizi_purnawati151@gmail.com,"Jalan KH Amin Jasuta No. 1, Bontang, Nusa Tenggara Barat 35521",9945279386171650
166,"Manah Sitorus, M.M.",F,1999-08-01,5103014108993782,08531017026,3499118773477,5448588006167565,"manah_sitorus,_m.m.@gmail.com","Jl. Cikutra Timur No. 41, Banjarbaru, Papua Barat 62676",9988340963126351
167,Cinthia Kuswandari,F,1974-03-06,3102014603748053,08964671978,882806479695450,4902559056165564,cinthia_kuswandari@yahoo.co.id,"Jalan BKR No. 05, Bima, DI Yogyakarta 26218",9993392425476411
168,Gandi Riyanti,M,2006-01-26,3271012601064996,085220850769,50790569659171,5535785294563713,gandiriyanti220@hotmail.com,"Jalan Rungkut Industri No. 20, Magelang, KT 68844",9951841775543268
169,Asirwanda Wijaya,F,1971-04-09,3274014904711507,085141987635,946853664987,5582082973748963,asirwandawijaya@ymail.com,"Gg. Abdul Muis No. 14, Dumai, GO 32417",9961265591421766
170,Violet Widodo,F,2000-10-10,3101015010003939,081466513644,463123034778,5360324204482070,violet.widodo@hotmail.com,"Jalan H.J Maemunah No. 6, Medan, PB 27047",9951938644529370
171,Raihan Santoso,M,1980-04-28,3601012804805955,082323198189,813915596363,5112347649078519,raihan_santoso559@outlook.com,"Jl. Otto Iskandardinata No. 86, Purwokerto, Bengkulu 86879",9944671908352615
172,Ifa Hutapea,F,2002-10-27,3101016710025948,089940900348,2837606441343,6011275604177657,ifahutapea@yahoo.co.id,"Jl. Cihampelas No. 233, Banjar, SN 63294",9946729265306251
173,"Yani Hidayat, S.Pt",M,1972-06-23,3401012306726896,+6288570027206,691123829657,5324295431652662,"yanihidayat,s.pt@gmail.com","Gang M.T Haryono No. 09, Binjai, SR 29991",9988606161221444
174,Puti Winda Suwarno,M,2005-02-27,3272012702057577,+6285520696942,3910867713334,5276263934362620,puti.winda.suwarno298@yahoo.co.id,"Gang Suryakencana No. 99, Bandung, KB 62996",9973469384649415
175,Shakila Prakasa,M,1957-04-21,3402012104579551,08980725636,218005375990,4489646528092420,shakilaprakasa505@outlook.com,"Gang Asia Afrika No. 44, Pasuruan, Gorontalo 24754",9922614885538440
176,Hj. Clara Nainggolan,F,1994-07-26,7101016607947094,+6281415027456,585625728703,5103207427617071,hj._clara_nainggolan727@outlook.com,"Gang M.T Haryono No. 08, Batam, MA 28902",9925833366822761
177,"R.A. Zalindra Hakim, S.H.",M,1965-08-15,3175011508655728,+628234228499,99261371,5204165915201778,"r.a._zalindra_hakim,_s.h.644@ymail.com","Gg. Kiaracondong No. 57, Subulussalam, Jambi 35797",9910818869901822
178,"Dr. Rini Puspasari, S.I.Kom",F,1964-10-19,3173015910647424,08773045018,26423610326642,4476492515837768,"dr._rini_puspasari,_s.i.kom275@gmail.com","Jalan Peta No. 602, Jayapura, KI 46800",9969467071315682
179,Marsudi Natsir,F,1980-10-24,3103016410807113,08960857327,576174224,6011386490810810,marsudinatsir436@gmail.com,"Gang H.J Maemunah No. 66, Palu, Kepulauan Bangka Belitung 74896",9990005449530492
180,Kajen Wijayanti,F,1986-10-10,3401015010864176,08231722601,697794523219,5216800610277699,kajenwijayanti499@ymail.com,"Jalan Ronggowarsito No. 545, Kota Administrasi Jakarta Selatan, MA 28309",9960769162337599
181,Sabrina Mandala,F,1977-01-12,3301015201771436,08530310303,4683147276,4122777079334965,sabrina.mandala@gmail.com,"Gang Veteran No. 60, Makassar, Kalimantan Timur 58428",9970768260014135
182,Jarwi Mahendra,F,1964-12-28,5103016812649481,+6288507678997,90695814,5567179576024376,jarwi_mahendra@ymail.com,"Jalan Merdeka No. 34, Magelang, PA 94717",9992704833866148
183,"Lamar Prastuti, M.Ak",F,1958-02-09,5101014902582149,081965729341,3329716743,5180054522801567,"lamar.prastuti,.m.ak@gmail.com","Jl. Sukabumi No. 4, Banjarbaru, Jawa Tengah 35697",9941540358546474
184,"R. Victoria Hutapea, M.Kom.",F,1962-12-11,3202015112625576,08318428910,811991808121352,5547871255213763,"r..victoria.hutapea,.m.kom.252@hotmail.com","Jalan Abdul Muis No. 43, Samarinda, JI 12966",9981074350431730
185,Kiandra Ardianto,M,1976-12-29,3272012912764359,083253286326,88507208115562,5306029084668457,kiandra_ardianto9@ymail.com,"Jalan Raya Ujungberung No. 3, Tangerang, Aceh 35421",9972794156768322
186,Tgk. Eli Haryanto,M,1975-12-04,7102010412757245,083134108562,418848520089,5234681054851012,tgk._eli_haryanto@outlook.com,"Gang M.T Haryono No. 8, Palangkaraya, Jawa Barat 75326",9989601126823211
187,Ozy Mustofa,M,1956-03-30,3401013003564903,+628196831589,8126611062737,4586988649767766,ozy.mustofa@outlook.com,"Jl. Siliwangi No. 0, Subulussalam, Kepulauan Bangka Belitung 90100",9974418973873827
188,Maimunah Wibowo,M,1992-06-16,6101011606928670,08527702851,21594082154544,5302296044327011,maimunahwibowo@gmail.com,"Jalan Laswi No. 0, Padangpanjang, Gorontalo 99261",9977720542827648
189,Puti Intan Latupono,F,1982-11-02,3701014211825535,083392287772,2996636580741,6011209481813982,putiintanlatupono@ymail.com,"Jl. Pasirkoja No. 3, Tarakan, Sulawesi Barat 20873",9936656807954456
190,Julia Prakasa,F,1992-05-17,6101015705920306,08520433971,7907056260856,5211182422412462,juliaprakasa@ymail.com,"Jl. Joyoboyo No. 7, Bekasi, Sumatera Selatan 14374",9955784184401363
191,Baktianto Natsir,M,1969-06-22,3172012206690959,+6285915265461,47886140578,5317063048913823,baktianto_natsir582@outlook.com,"Gang W.R. Supratman No. 1, Tual, Banten 22557",9980431604455703
192,Uchita Iswahyudi,M,2006-10-15,3101011510066117,08843868700,300749465398,5202891416128460,uchita.iswahyudi626@hotmail.com,"Jl. Surapati No. 74, Tanjungbalai, SU 21202",9946784827956831
193,Dr. Wani Purnawati,F,1960-10-23,3203016310604030,087737950209,36876811,5407156956201754,dr..wani.purnawati@yahoo.co.id,"Gang Kendalsari No. 277, Padang Sidempuan, ST 14508",9912786330588919
194,Ir. Genta Winarsih,F,1996-08-28,3401016808963138,+6282333750479,71498728399,5421921249384302,ir.gentawinarsih695@ymail.com,"Jalan Ronggowarsito No. 62, Balikpapan, JI 72175",9973887136454625
195,Alika Mayasari,M,1968-03-21,3602012103680850,087764187758,14687506351,5403613325411077,alika_mayasari@ymail.com,"Jalan Ciwastra No. 79, Bekasi, Sumatera Barat 51701",9998144742886222
196,Kalim Pudjiastuti,F,1976-12-30,3202017012764050,085135058319,891100651,6011207049611082,kalim.pudjiastuti302@outlook.com,"Jalan Suryakencana No. 7, Mataram, Bengkulu 75899",9996874715083995
197,"Galih Hartati, S.IP",F,1980-10-05,3274014510809824,081167699150,4110919392845,5379723200249685,"galihhartati,s.ip773@hotmail.com","Gg. Setiabudhi No. 4, Tanjungpinang, Gorontalo 27261",9930745317492956
198,Dacin Lazuardi,F,1968-12-10,3301015012689885,087850892038,75333153,5577959959465213,dacin_lazuardi@outlook.com,"Jalan Sadang Serang No. 609, Yogyakarta, ST 98270",9999897976351382
199,Kadir Astuti,M,1983-11-07,3274010711837644,08567563620,608124739,6011500334234258,kadirastuti@yahoo.co.id,"Jl. Dr. Djunjunan No. 99, Pekalongan, PB 93465",9934777758638182
200,Yani Mansur,F,2007-08-14,3273015408070344,085315347355,21223386559630,6011993842530424,yanimansur992@yahoo.co.id,"Gang M.H Thamrin No. 3, Gorontalo, Lampung 22885",9921457801501902
201,"Tgk. Kanda Kuswandari, M.Farm",F,1993-07-27,3271016707932744,088285787255,874969033373634,5369254812147857,"tgk..kanda.kuswandari,.m.farm@outlook.com","Jalan M.T Haryono No. 062, Surakarta, BE 42442",9997417669524393
202,"Violet Sihombing, S.Kom",F,2000-07-15,3602015507007392,089865754602,251488814311,4508353544439287,"violet_sihombing,_s.kom9@hotmail.com","Jalan Kendalsari No. 8, Tidore Kepulauan, Papua Barat 84066",9958785770337613
203,"Ir. Galar Puspasari, S.Gz",F,1977-09-15,3502015509779502,081182633373,851536637780529,6011240755366687,"ir._galar_puspasari,_s.gz@ymail.com","Gg. Merdeka No. 5, Tebingtinggi, Kalimantan Selatan 72122",9914534563583402
204,Harja Gunarto,M,1994-11-27,3101012711945411,083836186371,512182097023164,5134817058025665,harja.gunarto@ymail.com,"Jalan Jamika No. 4, Magelang, SG 02590",9977308229566649
205,"Latif Wijayanti, S.Pd",M,1996-12-27,3501012712963383,08534672994,530271693859777,5401475469263297,"latifwijayanti,s.pd443@outlook.com","Gg. Ahmad Dahlan No. 281, Padangpanjang, RI 53355",9923445689820479
206,Wasis Safitri,F,1974-09-11,3173015109743928,081584137681,285672438,4701765636004127,wasis_safitri687@outlook.com,"Gg. Cihampelas No. 993, Tangerang Selatan, MU 16484",9919601233419793
207,KH. Hardi Mulyani,M,1956-07-18,7301011807563970,+628977422091,962104275,5130837081647099,kh..hardi.mulyani50@yahoo.co.id,"Gg. Suryakencana No. 581, Cimahi, AC 33613",9945145411669778
208,"Ulya Fujiati, S.Pt",F,1984-04-01,3201014104843277,08236005313,320681558,5539386613315523,"ulya.fujiati,.s.pt412@gmail.com","Gang BKR No. 102, Sabang, DI Yogyakarta 46676",9939941888564394
209,Harsaya Wulandari,F,1978-08-05,3274014508781082,081801364971,5195625257,4509976838903098,harsaya.wulandari@outlook.com,"Jl. Ciumbuleuit No. 81, Tangerang Selatan, Maluku 47660",9944277091367805
210,Sutan Cahya Wijaya,M,1980-10-21,3174012110802254,083243263039,624508640355338,4339685270171306,sutancahyawijaya@yahoo.co.id,"Gang Antapani Lama No. 8, Bitung, BT 99688",9934443052985126
211,Fathonah Situmorang,M,2006-05-08,3201010805068314,+6282374233629,834715662776,5496270661498284,fathonahsitumorang180@outlook.com,"Jl. K.H. Wahid Hasyim No. 943, Denpasar, Bengkulu 81414",9953046153607418
212,"Ratna Laksita, S.Psi",F,1960-07-06,3204014607606147,+6288515273230,8666567491601,5392364587506635,"ratna.laksita,.s.psi@hotmail.com","Jl. Peta No. 1, Lubuklinggau, SB 59492",9913975749974652
213,Yani Sihotang,M,1985-10-01,3202010110859920,08984399201,79183626448869,5261195243640279,yani.sihotang@outlook.com,"Gg. Pacuan Kuda No. 645, Tangerang, NB 77547",9968667212990651
214,Mariadi Sudiati,F,1985-01-01,3602014101852796,081622372817,33023467912,4416141509377107,mariadi.sudiati@ymail.com,"Jl. Pasirkoja No. 1, Banda Aceh, Sumatera Selatan 99693",9923628111014749
215,T. Kenari Namaga,M,2004-02-25,7101012502040119,083377596555,66690551076,5520918435797865,t.kenarinamaga@hotmail.com,"Gang Merdeka No. 4, Pangkalpinang, SS 65803",9999193657262636
216,"Drs. Mahdi Marbun, M.TI.",F,2001-01-01,3173014101015334,08979769156,264932898027148,6011727178333210,"drs..mahdi.marbun,.m.ti.@yahoo.co.id","Jl. Ahmad Yani No. 2, Manado, Banten 73145",9941015162972217
217,"Danang Maryati, S.I.Kom",F,1967-11-06,5102014611672017,085315399156,96334141115931,5452569040983669,"danang_maryati,_s.i.kom790@yahoo.co.id","Jalan Cihampelas No. 5, Tarakan, SU 49892",9993144560844038
218,Karimah Rahmawati,M,1975-07-21,3273012107756477,+6281152437729,64814973,5346052330276427,karimah.rahmawati562@hotmail.com,"Jalan M.T Haryono No. 55, Pariaman, Aceh 72318",9965037391821017
219,Cakrawala Nashiruddin,M,1989-12-16,7101011612894638,08198612590,829277423330,5291266201572010,cakrawalanashiruddin666@ymail.com,"Jl. Veteran No. 17, Pariaman, Kalimantan Tengah 60302",9998236446225110
220,Cahyanto Usamah,F,1986-03-07,3201014703860557,08526749261,57501111783099,5474192676492155,cahyanto.usamah@outlook.com,"Jl. Pasirkoja No. 869, Tebingtinggi, Lampung 37977",9965418047830369
221,"drg. Rahayu Megantara, M.Farm",F,1964-06-03,3271014306648502,08843129208,2029321840118,5258260340848723,"drg.rahayumegantara,m.farm503@ymail.com","Gg. Erlangga No. 9, Kediri, Papua Barat 21038",9959559613872469
222,Ir. Hari Maryadi,M,2001-08-18,3273011808010733,+628583243298,5296184462671,5262831435989269,ir..hari.maryadi324@outlook.com,"Jalan Jayawijaya No. 1, Pariaman, Jawa Barat 68650",9944834777243965
223,Ghaliyati Laksmiwati,M,1992-11-19,3203011911922042,08848615155,4401636112,5449718594849102,ghaliyati.laksmiwati326@yahoo.co.id,"Gg. HOS. Cokroaminoto No. 73, Kotamobagu, SR 30098",9987642407367185
224,Harimurti Yolanda,F,1961-07-29,5102016907619705,+6285308222694,4967275784468,5534146511131293,harimurti.yolanda87@ymail.com,"Gang Dr. Djunjunan No. 694, Prabumulih, Sulawesi Selatan 94636",9979363419417485
225,drg. Cemani Uwais,M,1985-01-09,3602010901858335,085378816093,78538909,5328321528506760,drg..cemani.uwais@hotmail.com,"Gang Suniaraja No. 2, Tidore Kepulauan, KI 21386",9950819875409227
226,"Dr. Luwes Habibi, S.E.",F,1997-08-29,5102016908974810,08170963480,150975451052650,4673188261702432,"dr._luwes_habibi,_s.e.405@hotmail.com","Jl. Waringin No. 6, Batam, BB 51906",9970281431496469
227,Raisa Yolanda,M,2005-06-20,7102012006054416,+6285172256053,126650237416,5387256862110221,raisa_yolanda@yahoo.co.id,"Gg. Cempaka No. 384, Bandung, SS 92053",9958154442472914
228,Bakianto Saefullah,F,1990-08-01,3171014108907117,+6289947163928,243637189239,5523126043260938,bakianto.saefullah@outlook.com,"Gang Kutai No. 801, Purwokerto, LA 54393",9983883776753891
229,Ratih Ardianto,F,1979-10-08,3274014810793634,087870860414,7350200053474,5416247554110820,ratih_ardianto370@ymail.com,"Jalan Stasiun Wonokromo No. 845, Pekanbaru, BB 76973",9995107048415492
230,"drg. Maman Haryanti, M.Farm",F,1996-02-12,3201015202964522,+6285611291093,218954738202368,5548557161768805,"drg..maman.haryanti,.m.farm614@yahoo.co.id","Gg. Cikutra Timur No. 33, Padang Sidempuan, Nusa Tenggara Timur 43416",9916396450368345
231,"dr. Citra Puspasari, S.E.",M,1991-08-05,3104010508916513,08812786866,30293908788,5243448123083403,"dr.citrapuspasari,s.e.152@yahoo.co.id","Jalan Joyoboyo No. 23, Ternate, KS 34333",9917253300488360
232,"Ir. Kani Mangunsong, S.IP",M,2000-04-19,3105011904008759,08525955184,55005342408916,5549837354396272,"ir..kani.mangunsong,.s.ip748@hotmail.com","Jalan R.E Martadinata No. 759, Payakumbuh, Kepulauan Riau 28463",9923187606917640
233,Asmadi Novitasari,F,1995-09-21,3103016109957527,+628163972404,7931216376,4820916601002316,asmadi_novitasari@gmail.com,"Gg. Suniaraja No. 2, Bitung, SU 50036",9986330615506807
234,Karen Suryatmi,F,1986-08-02,3272014208863315,+6285397245723,910018418620,5103662543617215,karen.suryatmi105@hotmail.com,"Jalan Pasteur No. 95, Denpasar, SB 36556",9996651292859610
235,Kenzie Mustofa,F,1970-04-24,3175016404705907,+628239226859,34945147541022,5226771196421527,kenzie.mustofa786@hotmail.com,"Jalan Stasiun Wonokromo No. 63, Ternate, Jawa Tengah 02672",9979554071842241
236,"Hj. Padma Nasyidah, S.Psi",F,2008-12-21,5102016112086783,08783668788,71968931350,5105872105524724,"hj.padmanasyidah,s.psi996@yahoo.co.id","Jalan Suniaraja No. 203, Parepare, GO 54558",9917860754746363
237,"T. Gangsar Damanik, S.Farm",M,1985-04-25,3175012504852345,08336501917,1252131096,5127284765704126,"t..gangsar.damanik,.s.farm@ymail.com","Jl. Peta No. 58, Ternate, Sulawesi Tengah 69472",9934428705103720
238,"Respati Sirait, S.Farm",M,2002-02-05,3171010502026495,+6289684984362,962369036,5189177566205630,"respati_sirait,_s.farm@gmail.com","Jl. Sadang Serang No. 554, Sibolga, RI 75987",9994891586397061
239,Sabar Damanik,F,1977-07-26,3172016607773925,+628198113904,13419909700,5214054683565212,sabar_damanik@ymail.com,"Jalan Laswi No. 611, Parepare, Bengkulu 68114",9913333539668492
240,Marwata Wibisono,F,1988-08-03,5102014308889607,081322711332,9898572545,5460633991297106,marwata.wibisono785@ymail.com,"Gg. Cempaka No. 2, Pontianak, JI 05577",9922270271172258
241,T. Kuncara Handayani,F,2007-11-11,3273015111077452,+628774214955,8474721970,5246692758955167,t.kuncarahandayani461@gmail.com,"Gang Ahmad Dahlan No. 8, Malang, Sulawesi Utara 17456",9918030059263025
242,Ajeng Adriansyah,M,1969-03-29,7301012903690131,08144629613,257787112166365,4559737147082724,ajengadriansyah219@ymail.com,"Gang Jayawijaya No. 774, Yogyakarta, Sulawesi Selatan 93085",9918780546463933
243,dr. Harto Prayoga,F,1965-05-24,3602016405657757,+628563064421,714768342016,5242356778265969,dr..harto.prayoga@gmail.com,"Jalan Pasirkoja No. 638, Kotamobagu, Kepulauan Riau 31224",9996765118939381
244,Raina Hartati,M,1961-03-03,3302010303615186,08117275164,82791033,5382963533905507,raina_hartati919@ymail.com,"Gg. Asia Afrika No. 080, Bima, LA 27031",9974179692216054
245,Gasti Siregar,F,1963-05-08,3601014805635763,083185127652,9664649111,4096179817890465,gasti.siregar229@ymail.com,"Gang Rawamangun No. 0, Bau-Bau, JT 46187",9926112059052711
246,"Tgk. Yuliana Wibowo, S.Ked",M,1965-01-06,5102010601652039,083166053844,563060002589,5252963863960961,"tgk..yuliana.wibowo,.s.ked962@yahoo.co.id","Gang Pacuan Kuda No. 0, Palu, Gorontalo 76452",9982801062003439
247,Panca Pudjiastuti,M,1989-03-09,3602010903893785,08518196482,21060920981,5460275233438366,panca_pudjiastuti@hotmail.com,"Gang Kiaracondong No. 03, Kendari, Sulawesi Selatan 02491",9998300850123872
248,Adika Gunarto,M,1976-08-01,3273010108761818,08981244211,4617061713665,5572240299015576,adikagunarto@yahoo.co.id,"Jalan Pacuan Kuda No. 719, Tual, BE 52812",9937140420584023
249,Puti Yuliarti,M,1981-07-22,7102012207810378,+628833513052,5473158477,5386342346199423,puti.yuliarti977@outlook.com,"Jl. Sukabumi No. 24, Pasuruan, ST 87392",9972791918743586
250,Uchita Hastuti,F,1984-07-26,3203016607845223,085163955172,749856012562,5231355251050531,uchita_hastuti582@yahoo.co.id,"Jl. Cihampelas No. 48, Palu, AC 20959",9919322491260281
251,"Bella Wahyuni, M.Pd",F,1968-02-08,3204014802689860,08561849196,65330770461172,5459639040907422,"bella_wahyuni,_m.pd@hotmail.com","Jalan Kendalsari No. 56, Binjai, GO 02203",9912291986859192
252,Baktiadi Firmansyah,M,1960-12-28,5102012812601559,089545561857,57715910300215,6011632135800405,baktiadi.firmansyah50@gmail.com,"Jalan Siliwangi No. 910, Sungai Penuh, SB 70586",9956348124790546
253,"H. Asmianto Susanti, S.T.",F,1999-08-08,3203014808992791,085312529671,87457314415,5433117030376378,"h..asmianto.susanti,.s.t.@ymail.com","Jalan Lembong No. 1, Tebingtinggi, Kalimantan Timur 33839",9984258960638505
254,Kalim Puspita,F,1988-12-23,3301016312887439,+628142356798,41462491271130,5324078754181562,kalim.puspita155@ymail.com,"Gang Otto Iskandardinata No. 12, Purwokerto, RI 28975",9981482991187201
255,Tgk. Surya Wahyudin,F,2003-12-12,3174015212037231,+6281810663436,997861031310,4943181439666138,tgk.suryawahyudin844@outlook.com,"Jalan Ahmad Yani No. 3, Yogyakarta, BB 77600",9934069880224646
256,Cut Padma Mansur,M,2008-04-16,3401011604084719,+628191289743,325720765,4241209579073714,cut.padma.mansur@ymail.com,"Jalan Lembong No. 04, Bengkulu, BT 52245",9983925957586846
257,Daruna Rajasa,M,2003-04-02,3101010204031539,085157758474,64589714,5580263257039651,daruna.rajasa@yahoo.co.id,"Jalan Ciumbuleuit No. 5, Cirebon, SB 94096",9999895288050535
258,Viman Sitorus,M,1959-06-13,3203011306598928,08974556964,95916795,5210727284982479,viman_sitorus67@gmail.com,"Jalan Moch. Ramdan No. 9, Subulussalam, PB 48058",9915761500449996
259,Olivia Prasetya,M,1985-09-19,3204011909859717,+628527406500,5882142369143,4753666144942967,oliviaprasetya897@ymail.com,"Gang Kutisari Selatan No. 8, Jayapura, Sulawesi Selatan 62251",9938079498290083
260,"Alika Pudjiastuti, S.Sos",F,1980-11-27,3176016711806821,+628854414978,22875857567667,4806129439852984,"alikapudjiastuti,s.sos899@gmail.com","Gang Gegerkalong Hilir No. 783, Mojokerto, KS 31465",9927722721522270
261,Puti Carla Winarsih,F,1992-03-09,3171014903927583,088301041591,601980382872324,5540793110291818,puti.carla.winarsih@outlook.com,"Gang Kebonjati No. 59, Yogyakarta, MA 59792",9972459586832249
262,"R.A. Farah Wahyudin, S.E.I",F,1978-12-30,3174017012781996,+6285972384979,1223288377,5241975466176622,"r.a..farah.wahyudin,.s.e.i291@gmail.com","Jl. Wonoayu No. 405, Lhokseumawe, Sulawesi Tengah 05383",9964806205956534
263,KH. Eka Pudjiastuti,M,1966-03-20,3301012003660559,08975277402,68681225957,5524461767929883,kh._eka_pudjiastuti133@ymail.com,"Gg. Indragiri No. 8, Kota Administrasi Jakarta Pusat, JI 43940",9991733035205151
264,Bagas Wibisono,F,1980-04-26,3502016604801108,08132311775,22661094101,5359025176298336,bagas_wibisono503@hotmail.com,"Jl. PHH. Mustofa No. 6, Metro, SS 57981",9938313392915514
265,drg. Kanda Damanik,M,1965-04-11,3602011104658660,08559013020,91528733978559,5421766191284118,drg._kanda_damanik@ymail.com,"Gang Rajiman No. 20, Tangerang Selatan, Nusa Tenggara Timur 43840",9956572651983666
266,Yulia Dabukke,M,1989-01-02,3274010201894750,081751241893,790819740056,5235023850371991,yuliadabukke@hotmail.com,"Gg. Suniaraja No. 2, Tegal, PB 63926",9919959947795751
267,dr. Melinda Namaga,F,2007-08-15,3272015508079035,08994010783,84300038960870,5362668217195533,dr._melinda_namaga@yahoo.co.id,"Jl. HOS. Cokroaminoto No. 82, Yogyakarta, Jawa Tengah 51881",9922946028006138
268,"R. Titi Dabukke, S.Psi",M,1965-02-25,3274012502656768,+628840301027,65934296,5311148375374584,"r._titi_dabukke,_s.psi@ymail.com","Gang KH Amin Jasuta No. 4, Depok, GO 20994",9947653518630105
269,R.A. Rina Pradipta,F,1987-11-30,7102017011878249,08515697413,58315203771,4704496410496701,r.a._rina_pradipta394@gmail.com,"Jalan Ronggowarsito No. 897, Denpasar, Papua Barat 72233",9938953338541107
270,"Dt. Wahyu Saputra, S.Farm",F,1956-12-13,3103015312567063,08844085095,405966018648,5369984267320440,"dt..wahyu.saputra,.s.farm256@hotmail.com","Jl. Jend. Sudirman No. 97, Palu, Kalimantan Utara 60965",9965536379918527
271,"Queen Riyanti, M.Pd",M,1976-06-30,3203013006765927,081890149542,80705783,5309149851724441,"queen_riyanti,_m.pd@yahoo.co.id","Gang Cihampelas No. 886, Sabang, Papua Barat 34764",9942745043607789
272,Malika Marbun,M,1996-12-28,3173012812963019,+6288295083044,9093511871813,5159561642059553,malika_marbun919@outlook.com,"Jl. Rawamangun No. 7, Tebingtinggi, SS 29826",9997524106549013
273,Aisyah Nugroho,M,1977-07-18,3102011807776035,081329019358,4690261139898,5568180978875431,aisyahnugroho@hotmail.com,"Jalan Pasir Koja No. 21, Binjai, ST 18689",9942492982221907
274,Pia Wibowo,F,2006-07-01,3302014107061891,085865158815,86392836929,5245511668297326,pia_wibowo@gmail.com,"Jalan Jamika No. 206, Lhokseumawe, Sulawesi Tengah 21230",9947067365747751
275,Amalia Haryanti,F,1988-10-30,3273017010882071,081302128866,93415599910157,5376472298120995,amalia_haryanti691@outlook.com,"Gg. Moch. Toha No. 977, Palembang, JK 38498",9971724351276728
276,Asirwanda Nashiruddin,M,1999-07-02,6101010207999636,08183475098,55652203684995,4542144773244912,asirwanda.nashiruddin683@yahoo.co.id,"Jalan Ir. H. Djuanda No. 994, Bekasi, Bengkulu 62249",9939107405578844
277,"Rina Pertiwi, M.Pd",M,1990-11-26,3172012611909805,08130705349,927411767412415,6011131528547815,"rinapertiwi,m.pd705@gmail.com","Jalan Dipatiukur No. 55, Batam, Sulawesi Selatan 47214",9924136598713868
278,Paramita Pranowo,F,1972-12-27,3104016712729146,08133296334,374231830617893,5520649693578245,paramita.pranowo897@outlook.com,"Jl. Ronggowarsito No. 9, Pagaralam, Maluku Utara 89952",9965197330668389
279,Putri Usamah,F,1988-05-20,7102016005887881,08193146753,375156277,5463044836085455,putri_usamah401@outlook.com,"Jl. PHH. Mustofa No. 010, Sorong, JA 96605",9946689322957888
280,"Ir. Danuja Anggriawan, S.Kom",M,1974-02-03,3203010302747955,+6285704763928,629800615,5281083583286341,"ir..danuja.anggriawan,.s.kom933@hotmail.com","Gg. Rajawali Barat No. 8, Yogyakarta, AC 55699",9940345719465459
281,"R. Febi Sitompul, S.Psi",M,2007-01-22,3171012201070592,+628128670244,14166241118,5560089219639454,"r._febi_sitompul,_s.psi@hotmail.com","Jl. Ronggowarsito No. 785, Padang Sidempuan, BE 95880",9974584600264632
282,"Gamblang Thamrin, S.Pt",M,1966-06-16,3273011606664330,+6289946136847,70765817390,5337579145211821,"gamblang.thamrin,.s.pt886@ymail.com","Gg. Sukabumi No. 8, Samarinda, Papua Barat 91450",9921803643738353
283,Jamal Prakasa,M,1969-11-15,3502011511697759,+628830746452,14387875357788,6011116162028124,jamal.prakasa@gmail.com,"Jalan Ahmad Dahlan No. 21, Bandung, KS 78078",9969699553652821
284,Novi Novitasari,F,1963-07-14,3102015407638595,08818660416,959592248395,5494773522870568,novi.novitasari154@gmail.com,"Jl. M.T Haryono No. 2, Tebingtinggi, BT 68104",9953885999892785
285,"Samsul Riyanti, S.Pt",M,2005-07-23,3104012307051538,088451097921,60344694596,5288319213424919,"samsul.riyanti,.s.pt817@hotmail.com","Jl. M.T Haryono No. 4, Samarinda, MA 53344",9993343210737610
286,"drg. Mumpuni Lazuardi, S.T.",F,1983-12-15,5102015512833430,08153319222,61028767,5248138666754859,"drg.mumpunilazuardi,s.t.@yahoo.co.id","Jalan Antapani Lama No. 8, Gorontalo, Nusa Tenggara Timur 42493",9999197646684361
287,Rahmi Sirait,F,1964-06-17,3101015706647164,088574186520,663983652037583,4945154809404761,rahmi.sirait713@hotmail.com,"Jl. Waringin No. 0, Meulaboh, BE 66299",9918055749195992
288,"Tira Hassanah, M.Ak",M,1989-03-15,5102011503899955,089827810509,3216107051,6011843905529585,"tira.hassanah,.m.ak964@outlook.com","Jalan Otto Iskandardinata No. 1, Salatiga, JB 71747",9918652940221096
289,Cakrabirawa Susanti,M,1980-08-15,3104011508808217,081412704938,54851579,6011197111212593,cakrabirawasusanti@yahoo.co.id,"Jalan Otto Iskandardinata No. 57, Bandar Lampung, YO 15772",9911472266413497
290,Rahmi Permata,M,1970-06-15,3402011506707543,+628234324064,6633432447,5217595587209626,rahmipermata@outlook.com,"Jalan Raya Ujungberung No. 1, Prabumulih, Sulawesi Tenggara 96393",9950629515612510
291,Kiandra Haryanto,M,1984-10-19,3303011910848254,088518343740,8279559690,5215026755125428,kiandra_haryanto@gmail.com,"Gang Ahmad Yani No. 83, Surabaya, YO 19975",9974238179208758
292,"Dr. Elma Samosir, S.Sos",F,1985-03-09,3502014903857760,085859576403,764969028,5149839225014255,"dr._elma_samosir,_s.sos@outlook.com","Gang Yos Sudarso No. 0, Jambi, Jawa Barat 22784",9938201388734617
293,Dr. Faizah Putra,M,1976-04-09,3301010904765039,08233361328,1725178637673,6011162526546965,dr.faizahputra74@outlook.com,"Gang Sentot Alibasa No. 909, Blitar, LA 58008",9992536258647439
294,Carla Suryono,M,1999-07-14,3274011407999971,08165558099,427303461,5262624467046228,carla_suryono@outlook.com,"Gang Medokan Ayu No. 66, Palangkaraya, Kalimantan Tengah 72386",9921629939197195
295,Zaenab Agustina,F,2000-10-01,3273014110006627,08115298670,70464197857585,4268612059438971,zaenab_agustina50@hotmail.com,"Jl. Antapani Lama No. 027, Bogor, DKI Jakarta 67969",9927102730903279
296,dr. Kusuma Hartati,F,1964-12-02,5101014212646015,+6282146540842,17540915086321,5412276457938972,dr..kusuma.hartati79@hotmail.com,"Jl. W.R. Supratman No. 0, Tegal, KU 68950",9930650367202214
297,Dr. Tiara Uwais,M,2008-01-14,3501011401088399,082346602416,54988305973,6011642480962443,dr..tiara.uwais@gmail.com,"Jl. Ahmad Dahlan No. 78, Pematangsiantar, DKI Jakarta 71894",9968311834892150
298,Patricia Anggriawan,M,1988-04-25,3203012504884376,+6289813305319,795867805555727,6011738264609178,patriciaanggriawan@yahoo.co.id,"Gang Veteran No. 44, Bandung, MA 07929",9961958493958964
299,Yessi Oktaviani,F,1957-12-31,3204017112575167,089702992959,58736826,5411633194226865,yessi_oktaviani@outlook.com,"Jalan Gegerkalong Hilir No. 1, Kota Administrasi Jakarta Pusat, Jawa Barat 44019",9994339845265796
300,R. Sakura Hassanah,F,1964-08-22,3302016208645951,+6285188863677,326408572169666,5109329981996050,r.sakurahassanah@ymail.com,"Jalan Rajiman No. 805, Bontang, JT 66372",9976415765779161
301,"Zaenab Situmorang, S.Gz",M,1966-08-06,3402010608660373,08332753273,203977397327,5419523710068767,"zaenab.situmorang,.s.gz802@hotmail.com","Jl. Rawamangun No. 74, Tidore Kepulauan, KI 67428",9927027558225286
302,Edward Hassanah,M,2002-03-17,3701011703027878,+6282160568761,225652373415,5517734547574944,edwardhassanah@yahoo.co.id,"Jl. Jayawijaya No. 5, Singkawang, KR 44149",9950593976939514
303,"Ir. Pangestu Permadi, M.Farm",M,1976-05-02,3274010205766077,083242947742,3946430394,5190458867925292,"ir.pangestupermadi,m.farm322@outlook.com","Gg. M.H Thamrin No. 010, Bengkulu, Sumatera Utara 75344",9977841264315505
304,Lukman Iswahyudi,M,1965-08-21,5102012108656224,08115343324,457790833,5206158148881072,lukmaniswahyudi@yahoo.co.id,"Jl. Dipatiukur No. 2, Surabaya, Kalimantan Barat 24471",9935712850086349
305,Vivi Aryani,M,1989-09-15,3274011509897473,08169484131,9403339977,4805137171731893,vivi.aryani613@hotmail.com,"Jl. Pelajar Pejuang No. 665, Kota Administrasi Jakarta Selatan, BB 71739",9911351064981565
306,"Joko Kurniawan, S.E.I",F,1976-05-31,3175017105767253,085504694725,548354884712,5305877221641755,"jokokurniawan,s.e.i@yahoo.co.id","Gg. Pasirkoja No. 011, Palopo, BA 20064",9925302018393661
307,Kania Permata,M,1963-05-26,3105012605635034,088258714939,3362292587964,5147452455574697,kania_permata781@gmail.com,"Gang Surapati No. 1, Ambon, Papua Barat 19855",9917784216255511
308,Amelia Usamah,F,1992-01-12,3401015201922293,089803344505,68833987411325,5579706734996014,amelia.usamah655@hotmail.com,"Jalan Erlangga No. 32, Meulaboh, Kalimantan Selatan 61571",9961997184329885
309,Unjani Nainggolan,F,2003-01-05,3204014501031820,08991562294,835984884,5502155732573758,unjani_nainggolan204@hotmail.com,"Jl. Kutai No. 761, Payakumbuh, Sulawesi Tengah 05050",9913259591045840
310,Respati Yolanda,M,1977-02-09,3175010902776731,089670808509,95874951,5519181828197930,respati.yolanda786@hotmail.com,"Jl. BKR No. 2, Sungai Penuh, BA 90320",9973511681637358
311,Utama Samosir,M,1964-07-06,3303010607641197,081678606940,10356243958739,5292323421089028,utamasamosir@hotmail.com,"Jl. Dr. Djunjunan No. 799, Batam, Kalimantan Selatan 56519",9954379341112063
312,Zalindra Prabowo,M,1984-09-09,3105010909843305,08596433502,260736077633691,4289812317955630,zalindra.prabowo93@outlook.com,"Jalan Gedebage Selatan No. 26, Tanjungpinang, Papua 73902",9981598201263041
313,"Hj. Rahmi Waluyo, S.E.",M,1960-08-10,5101011008600265,081166155416,416704502329,4282270093459629,"hj._rahmi_waluyo,_s.e.@ymail.com","Jl. Abdul Muis No. 194, Tanjungbalai, Sulawesi Utara 32487",9931307183720901
314,Lurhur Firgantoro,M,1977-06-17,3402011706771793,08157346549,60702608,5398221053161171,lurhur_firgantoro426@yahoo.co.id,"Gg. Sentot Alibasa No. 08, Depok, Jambi 95883",9994902298964826
315,"Maryanto Pranowo, S.T.",M,1980-04-12,3301011204807803,089925859177,33822311649,4334245798894253,"maryanto_pranowo,_s.t.@ymail.com","Jl. Waringin No. 22, Banjarbaru, Papua 36459",9914818312275465
316,"drg. Artawan Jailani, S.Gz",F,1998-09-09,3174014909983243,08162032650,639673794871485,5224578715841562,"drg.artawanjailani,s.gz@gmail.com","Gg. Monginsidi No. 137, Padangpanjang, Kalimantan Selatan 31531",9926926943443174
317,Farah Waluyo,F,1968-01-06,3176014601685696,+6285968182683,13589298808,5283825212932898,farah_waluyo@hotmail.com,"Gang Cikapayang No. 23, Cirebon, Papua Barat 27354",9951727329016394
318,Anggabaya Purnawati,F,1966-02-17,7101015702666902,+6289952401484,162272362,5566933513426194,anggabayapurnawati@outlook.com,"Jl. Rawamangun No. 62, Jayapura, Lampung 92983",9911513234958767
319,"Drs. Nurul Pratama, M.Farm",M,1959-11-18,7101011811595099,08839737418,315406417692743,5411995376601446,"drs._nurul_pratama,_m.farm656@outlook.com","Jalan W.R. Supratman No. 3, Madiun, SN 92906",9921692432828315
320,Jarwadi Mayasari,M,2008-02-22,3273012202087956,085839641789,96091919113599,5360577980660395,jarwadi.mayasari25@gmail.com,"Gang Dipenogoro No. 73, Sabang, Aceh 32543",9945682119905989
321,Agus Kuswandari,F,1990-03-09,3401014903905774,085870574238,7527155983541,5516597263475571,agus_kuswandari@yahoo.co.id,"Jalan Erlangga No. 26, Medan, SG 16580",9912239064203915
322,"T. Nalar Suryatmi, M.Pd",M,1971-03-24,3104012403719533,+6285988269131,52585626149915,5170382407333376,"t.nalarsuryatmi,m.pd@yahoo.co.id","Jalan Monginsidi No. 5, Binjai, Papua Barat 79055",9951768610290029
323,H. Bagas Purwanti,M,1964-09-03,3172010309647918,089788936289,55465535851253,6011892187851935,h.bagaspurwanti@outlook.com,"Jalan R.E Martadinata No. 793, Madiun, Nusa Tenggara Timur 86401",9990819555528157
324,Nova Mardhiyah,M,1975-05-06,5101010605757175,088112087805,2514940976,5526374845398620,novamardhiyah698@gmail.com,"Gang Wonoayu No. 13, Bekasi, DKI Jakarta 24112",9995796141672036
325,"Dalima Mandasari, S.E.I",M,1970-02-10,3401011002709625,08529186233,3071511696,6011667252145268,"dalima_mandasari,_s.e.i@yahoo.co.id","Gang R.E Martadinata No. 756, Ternate, Bali 31038",9966492823707185
326,Ratna Siregar,M,1990-01-09,3274010901905755,+6282371840908,2208005640995,6011123972835120,ratnasiregar@outlook.com,"Gang Rajawali Barat No. 2, Cimahi, BB 75402",9981400298651103
327,Eli Safitri,M,1974-04-12,3701011204740498,+628134415298,839295786,6011718153523731,eli_safitri43@gmail.com,"Jl. Otto Iskandardinata No. 231, Lubuklinggau, Jawa Barat 45238",9977615331373876
328,"Galiono Situmorang, S.E.I",M,1993-05-25,7101012505931491,087783452734,76617071587964,5340803149982500,"galionositumorang,s.e.i@hotmail.com","Gg. Gedebage Selatan No. 672, Lubuklinggau, JT 88547",9936493011420634
329,"Drs. Mulyanto Maulana, M.Farm",F,2003-08-06,7102014608030860,08968503172,2373990063140,5152635602293943,"drs._mulyanto_maulana,_m.farm697@yahoo.co.id","Gg. Cihampelas No. 814, Padang, KI 51509",9948370867322185
330,Drs. Gawati Setiawan,F,1989-11-04,3171014411896814,089543749060,331112712852464,5444941163187320,drs.gawatisetiawan37@outlook.com,"Gg. Tebet Barat Dalam No. 1, Depok, Sumatera Barat 99805",9925677100258854
331,"Zulaikha Aryani, S.I.Kom",M,1976-09-05,3173010509766359,08161369572,93350902,5242573066248138,"zulaikha.aryani,.s.i.kom@hotmail.com","Gg. Sentot Alibasa No. 47, Jambi, ST 74266",9913562412827527
332,Ir. Clara Megantara,F,1962-09-30,3271017009624027,088382285011,35502130,5309069130981079,ir.claramegantara661@hotmail.com,"Gang Cikutra Timur No. 6, Ambon, Sulawesi Barat 62879",9996701154509516
333,Daliono Nashiruddin,F,1995-12-30,3701017012953894,+6288157727853,7425064207,5383625366677766,daliono_nashiruddin373@hotmail.com,"Jalan Rajawali Barat No. 4, Sabang, SG 00244",9966138080315823
334,"Hj. Nadine Maheswara, S.Pd",M,2006-11-02,7101010211063374,08583939578,64362718749603,5158268627036925,"hj._nadine_maheswara,_s.pd@outlook.com","Jalan Astana Anyar No. 471, Sawahlunto, SU 47158",9937839122613250
335,Surya Rajata,M,1994-10-16,3601011610945186,08982759980,200051553,5523415959775247,surya_rajata@yahoo.co.id,"Gg. Rawamangun No. 2, Cilegon, Bengkulu 56504",9968429436277169
336,"Waluyo Hutagalung, M.TI.",M,1970-12-17,7102011712706713,081543127102,772095799270795,5215122946213544,"waluyohutagalung,m.ti.@hotmail.com","Jl. R.E Martadinata No. 54, Tangerang Selatan, Papua 89520",9979629147878702
337,Kasiyah Laksita,M,1962-08-10,3601011008622770,+6283238480752,54765047158,4290904637660466,kasiyah_laksita376@outlook.com,"Jl. Lembong No. 833, Padangpanjang, SG 12075",9958149621134874
338,Dina Handayani,M,1972-01-14,3401011401724286,08857441715,121312512,5431100591297519,dinahandayani@yahoo.co.id,"Jalan Gedebage Selatan No. 223, Blitar, KT 16110",9936113749720345
339,"dr. Artanto Napitupulu, S.IP",M,1997-01-17,3272011701970063,08963016583,89274907280,4234289311325324,"dr._artanto_napitupulu,_s.ip651@ymail.com","Jalan Pasir Koja No. 140, Bitung, Kalimantan Tengah 25012",9981306817785844
340,Ratna Tampubolon,F,2000-11-20,3105016011006989,+6281738044210,1961701595919,5257575747583392,ratna.tampubolon44@outlook.com,"Jl. Dipenogoro No. 0, Tasikmalaya, KS 28013",9955648895151523
341,"Dr. Karimah Rahmawati, S.E.",F,2004-12-01,5101014112047609,08972660256,7506229231,4672453076248435,"dr..karimah.rahmawati,.s.e.499@outlook.com","Gg. Sukabumi No. 38, Padang Sidempuan, JA 17182",9932496401310788
342,Tiara Suwarno,F,1981-12-26,3174016612815790,08515794238,77042549691,5428455259710751,tiara_suwarno@hotmail.com,"Gang Gardujati No. 47, Tangerang Selatan, Sulawesi Tengah 86463",9942855160994829
343,"Dr. Shania Uwais, S.E.",F,2001-06-24,5102016406014597,088595325939,89705816295,4877941763425072,"dr..shania.uwais,.s.e.@hotmail.com","Gg. Cempaka No. 1, Bontang, Riau 91215",9977914688566627
344,Farah Riyanti,M,2007-11-15,3203011511075244,088198339914,98436604432,5200615727682975,farah_riyanti111@outlook.com,"Gg. Yos Sudarso No. 99, Tomohon, RI 79678",9937832573271949
345,"drg. Balangga Maheswara, S.T.",F,1970-04-09,3204014904702669,085301058752,90656259045990,5402711221823153,"drg._balangga_maheswara,_s.t.@outlook.com","Jl. Astana Anyar No. 017, Cirebon, PB 24991",9979303891117163
346,"Pardi Nurdiyanti, M.Kom.",F,1996-04-05,7102014504961019,088362813721,430800370033,5128556608470682,"pardi.nurdiyanti,.m.kom.@ymail.com","Gang Rajiman No. 4, Probolinggo, BA 61675",9939390615849346
347,Michelle Firgantoro,M,2001-04-08,5103010804010118,08319582632,585862394535,5261470798632107,michelle_firgantoro@yahoo.co.id,"Jalan Rajiman No. 24, Pasuruan, Jambi 88977",9952025169537341
348,Jono Hakim,M,1985-07-28,3301012807855914,+628983943804,6376576927,5389431910090048,jono.hakim311@outlook.com,"Gang Kendalsari No. 5, Madiun, BE 90255",9989953946164844
349,Cut Vanesa Utami,M,1998-12-05,3273010512980878,+628323651460,24247310,5320113798440972,cut.vanesa.utami@yahoo.co.id,"Gg. Sentot Alibasa No. 65, Surabaya, KU 34911",9965946523848188
350,Gandi Narpati,F,2002-02-18,3172015802020609,088176209014,440433700968730,5251957782558827,gandi_narpati753@outlook.com,"Gg. Kapten Muslihat No. 98, Kota Administrasi Jakarta Timur, Bali 90569",9991656665395799
351,Puti Yani Lestari,F,1976-04-15,3402015504767660,+6283127865619,6577820582,5458292361618805,putiyanilestari@hotmail.com,"Gang S. Parman No. 5, Singkawang, Maluku 63718",9987472338787509
352,Alika Salahudin,M,1966-10-09,3274010910665487,08815586863,23723081721436,5238130004132114,alika_salahudin@outlook.com,"Jl. Kutai No. 41, Pagaralam, KT 14846",9960319600078188
353,Farah Agustina,F,1991-01-15,3171015501919791,085965346997,80755047,6011681699570603,farah_agustina@outlook.com,"Jalan Asia Afrika No. 8, Samarinda, SB 74896",9986524515316242
354,"Sari Halim, M.TI.",M,2005-09-06,3272010609054021,085165397054,496102908718274,5596804918727425,"sari.halim,.m.ti.298@outlook.com","Jalan Moch. Toha No. 466, Batam, Kalimantan Tengah 44249",9920814029179855
355,Balijan Maryadi,M,1967-12-18,5102011812677967,08586260423,471122299077560,5585816704686114,balijan.maryadi270@outlook.com,"Gg. Rawamangun No. 86, Sukabumi, Banten 24204",9981371195243842
356,Sakura Pudjiastuti,M,1997-11-08,3176010811971983,08121923785,229618033242605,4801849804253733,sakura.pudjiastuti680@outlook.com,"Jalan Cikutra Barat No. 594, Padang Sidempuan, Papua 62319",9940135546697129
357,Karman Widiastuti,M,1994-11-15,3103011511946355,08852282178,336534606,4560356793279860,karmanwidiastuti@yahoo.co.id,"Jl. Kutisari Selatan No. 559, Tidore Kepulauan, KU 32123",9983360614010267
358,Laila Rajasa,F,2007-08-03,5103014308071230,+628966181205,854895478769,5589992751758893,lailarajasa65@hotmail.com,"Jalan Raya Setiabudhi No. 6, Tangerang Selatan, Kalimantan Utara 25754",9948177681517224
359,Cut Zaenab Wijayanti,F,1956-05-07,6101014705563733,087739354358,596392435885,5179821433952755,cut.zaenab.wijayanti402@hotmail.com,"Gang Rajawali Timur No. 5, Prabumulih, Kalimantan Utara 60644",9989967706104851
360,"R.A. Ifa Pranowo, S.E.",F,1960-02-01,7102014102605594,+6281491416860,878948963406,5579176651221508,"r.a..ifa.pranowo,.s.e.@hotmail.com","Jalan Pelajar Pejuang No. 776, Tasikmalaya, SN 24815",9987189613787873
361,"Yulia Pudjiastuti, S.Psi",F,1977-12-09,3176014912771572,08960900159,733399948532,4895326389021990,"yulia_pudjiastuti,_s.psi829@gmail.com","Jl. Medokan Ayu No. 20, Dumai, MA 91123",9944647912135028
362,"Ir. Prabowo Mustofa, M.Ak",F,1983-02-04,3274014402833966,08982341034,83311677269608,6011437685507894,"ir._prabowo_mustofa,_m.ak859@ymail.com","Gang HOS. Cokroaminoto No. 29, Kotamobagu, KS 65266",9962489677809539
363,R.A. Ayu Damanik,M,2006-03-25,3271012503069847,+628336335564,469709317069,5256076761645340,r.a._ayu_damanik934@outlook.com,"Jalan Pasirkoja No. 2, Padang, Sulawesi Selatan 21529",9933717488435108
364,"Paramita Fujiati, M.M.",M,1961-07-19,7101011907619816,+628830650312,51847242,6011642364281318,"paramitafujiati,m.m.@hotmail.com","Jl. Kebonjati No. 47, Blitar, SN 93436",9976183504442220
365,"R.M. Alambana Siregar, S.T.",F,1964-12-13,3102015312643871,+628129111428,952282305248088,4622072239594738,"r.m._alambana_siregar,_s.t.@yahoo.co.id","Gg. Indragiri No. 7, Balikpapan, Sulawesi Utara 56366",9919436224712791
366,Belinda Kuswoyo,F,1994-12-17,3176015712940010,081987688687,7486287203195,6011419666450571,belinda.kuswoyo@yahoo.co.id,"Jalan Waringin No. 99, Ambon, Kepulauan Bangka Belitung 46528",9973321334935990
367,Elon Narpati,M,1957-06-07,3301010706576494,08580374767,4726032145057,5361945887071557,elon.narpati@gmail.com,"Jalan Dipatiukur No. 86, Kota Administrasi Jakarta Selatan, JA 02745",9924259257490609
368,Hani Suryatmi,M,2005-03-25,7301012503054418,08218385076,695450891776808,5598126574223191,hani_suryatmi283@yahoo.co.id,"Jalan Raya Setiabudhi No. 7, Sabang, ST 32032",9916193522764111
369,Elisa Hastuti,F,1957-02-23,3171016302572179,085593626894,11204713727,4175957498855822,elisahastuti699@ymail.com,"Jalan Cempaka No. 87, Payakumbuh, JA 15134",9941835351138571
370,Pangestu Melani,M,1964-12-19,3602011912647920,+6281884760944,9333721885,5366954132971501,pangestu_melani416@yahoo.co.id,"Jl. Veteran No. 371, Bandar Lampung, LA 65915",9976590952030978
371,Jagaraga Wahyuni,M,1963-07-08,3303010807636069,085237769366,492529596111,4028671200720242,jagaraga_wahyuni696@ymail.com,"Jalan Rumah Sakit No. 975, Jambi, BE 50189",9915686912596256
372,Hamima Nugroho,M,1975-10-22,3301012210755410,08519109032,249498194217942,5581793406527758,hamimanugroho314@outlook.com,"Jl. Laswi No. 664, Bitung, Maluku 64925",9943092424502999
373,"dr. Oliva Pangestu, M.Kom.",F,1991-02-24,3302016402913450,+6285822010912,321455937661894,5537052635100461,"dr..oliva.pangestu,.m.kom.833@outlook.com","Gang Ahmad Yani No. 6, Tomohon, SN 92661",9973274847968410
374,Malika Wastuti,M,1957-05-24,3302012405576920,+628770246175,4897432600,5555955017833251,malikawastuti675@ymail.com,"Jalan PHH. Mustofa No. 61, Langsa, Jawa Tengah 43864",9996198234789212
375,R. Vero Gunawan,M,1985-11-29,3602012911850646,089887045069,867993593,5344039464083037,r._vero_gunawan245@gmail.com,"Jalan Rawamangun No. 9, Manado, Kepulauan Bangka Belitung 80172",9916723470700401
376,"drg. Aurora Hutasoit, S.Farm",M,1997-08-31,3203013108978770,088408490793,236852830615,5537012424462639,"drg.aurorahutasoit,s.farm168@gmail.com","Gang Wonoayu No. 52, Denpasar, JK 16800",9953556503642985
377,Cawisono Yolanda,M,1976-07-15,3271011507762549,+628523142175,917941515263840,5411225288375056,cawisono_yolanda812@gmail.com,"Gang Rajawali Barat No. 9, Tanjungbalai, RI 12203",9982115968119712
378,Mursinin Nainggolan,F,1961-04-03,3105014304612745,085591378765,10730950556,5505712198819274,mursinin_nainggolan567@gmail.com,"Jalan Suryakencana No. 683, Langsa, Sulawesi Tenggara 76012",9999802763496162
379,"Tira Handayani, M.Kom.",F,2003-12-11,3201015112035113,088440104246,661851744600,5252128991511458,"tira_handayani,_m.kom.@yahoo.co.id","Jalan Kiaracondong No. 96, Magelang, AC 66799",9939878268178927
380,Ani Laksita,M,1994-09-09,3274010909940805,081888189848,704615402,4190170756814299,anilaksita@gmail.com,"Jalan Cikutra Barat No. 0, Samarinda, MU 46717",9933696769360965
381,"Ganjaran Hassanah, S.Farm",M,1988-11-02,3273010211880276,08992283608,88306396384,5226969443916493,"ganjaran_hassanah,_s.farm@outlook.com","Jalan Waringin No. 73, Semarang, Nusa Tenggara Barat 24665",9936906212339800
382,"R.M. Luthfi Pranowo, S.Pd",F,1998-03-12,3176015203989448,08163203301,4419031061,5237221556684732,"r.m.luthfipranowo,s.pd@outlook.com","Jl. Kiaracondong No. 971, Payakumbuh, Maluku 38005",9936458515432134
383,Shania Manullang,M,2002-10-12,5103011210028011,081804067200,461424426078,4975437347642733,shania_manullang@gmail.com,"Gg. Bangka Raya No. 931, Pasuruan, Kepulauan Bangka Belitung 50842",9942992998203599
384,"Drs. Rahmi Winarsih, S.IP",F,2001-04-18,3501015804013587,08851458414,701913443899,6011827802058690,"drs._rahmi_winarsih,_s.ip2@yahoo.co.id","Jalan Dr. Djunjunan No. 9, Sabang, Banten 21352",9925265118526039
385,"Maimunah Mayasari, M.Kom.",F,1994-07-17,3602015707944116,08186999516,45055738573,5380119236037685,"maimunahmayasari,m.kom.@ymail.com","Gang HOS. Cokroaminoto No. 376, Kota Administrasi Jakarta Barat, Sulawesi Utara 48214",9941061786403004
386,"dr. Gatra Usamah, S.H.",M,1975-04-28,3105012804756077,08514096149,25391149830,5348207365118933,"dr.gatrausamah,s.h.@outlook.com","Jl. W.R. Supratman No. 67, Bandar Lampung, Sulawesi Tengah 08115",9959111646987862
387,"R.M. Ibrahim Halim, S.Sos",F,1972-03-18,3701015803729115,+628151904322,33332470,5573920135462129,"r.m._ibrahim_halim,_s.sos@yahoo.co.id","Gg. Veteran No. 84, Malang, Aceh 89267",9914945115976051
388,Drs. Pandu Safitri,M,1989-12-24,3601012412891779,08233126163,5888995729,5493762974549308,drs..pandu.safitri416@outlook.com,"Jalan Rajawali Barat No. 085, Tebingtinggi, JB 31884",9985358519319946
389,"Ir. Capa Damanik, S.Ked",F,1983-05-13,3272015305839526,08520381876,1828323089,5413881588144586,"ir..capa.damanik,.s.ked@gmail.com","Gang S. Parman No. 054, Bitung, BE 74907",9979030551427747
390,Reksa Prastuti,M,1973-07-08,3176010807733613,08239716815,600000015291,4371785090255611,reksaprastuti662@hotmail.com,"Gang Otto Iskandardinata No. 9, Tasikmalaya, Papua Barat 15893",9932416554462775
391,Mutia Januar,M,1999-08-24,7102012408992424,088447812248,66708670,4900436551584828,mutia_januar@yahoo.co.id,"Jalan Dipatiukur No. 627, Palopo, DI Yogyakarta 86988",9931008458747699
392,"Tgk. Restu Mandasari, S.Farm",F,1997-04-08,6101014804973734,087705429608,163369987950982,5110401648188043,"tgk.restumandasari,s.farm751@yahoo.co.id","Jalan Ir. H. Djuanda No. 2, Tasikmalaya, SG 88137",9980151735121487
393,"Endah Purwanti, S.I.Kom",M,1980-10-09,7101010910803177,+628338164321,52894642036258,5331441706462558,"endah_purwanti,_s.i.kom@yahoo.co.id","Jl. Soekarno Hatta No. 4, Pematangsiantar, Jawa Tengah 54544",9961937646871274
394,"R.M. Caket Rahmawati, S.Farm",F,1981-06-14,7102015406813064,08190176464,41538882,6011452790504047,"r.m..caket.rahmawati,.s.farm@yahoo.co.id","Jalan K.H. Wahid Hasyim No. 7, Bitung, Nusa Tenggara Timur 06794",9959971188306577
395,Violet Waluyo,M,1985-10-06,7101010610854223,08776321119,280933913732653,4601198756178685,violetwaluyo@gmail.com,"Gg. Cihampelas No. 7, Tegal, MU 99663",9936014236854085
396,Puput Gunawan,M,2003-10-29,3172012910030482,085161829803,8744916093659,6011520149118943,puput.gunawan553@yahoo.co.id,"Jl. Astana Anyar No. 4, Sukabumi, JK 98909",9965869928224938
397,"drg. Jefri Budiyanto, S.IP",F,1983-05-22,3303016205830433,+6285332239982,555611404288605,5505376660811269,"drg..jefri.budiyanto,.s.ip@yahoo.co.id","Jalan Pacuan Kuda No. 9, Bau-Bau, Maluku Utara 90705",9983216545382226
398,Aisyah Nuraini,M,1978-10-23,3402012310786400,+628380627153,4455068826,5417768293844013,aisyah.nuraini@ymail.com,"Jalan Gardujati No. 824, Denpasar, BB 24620",9972972746700363
399,Elvina Dongoran,M,1988-05-23,3303012305884890,085888260335,115709085,5491449207492699,elvinadongoran587@ymail.com,"Jalan Raya Setiabudhi No. 654, Bitung, Bengkulu 39937",9922616278322137
400,dr. Wasis Latupono,F,1982-09-05,3101014509828770,083293259140,423123426698,4690872617607230,dr._wasis_latupono@ymail.com,"Gang M.H Thamrin No. 17, Padang Sidempuan, KI 48913",9941016564734541
401,"Panji Mahendra, S.Pd",F,1996-05-30,3402017005963998,08838040561,60826958264186,5465613087612382,"panji_mahendra,_s.pd586@gmail.com","Jl. Ir. H. Djuanda No. 82, Prabumulih, SN 00794",9966106304746033
402,Abyasa Halim,M,1990-06-23,3201012306909628,085900273008,71016831139500,4680941491507621,abyasahalim@ymail.com,"Gang Sentot Alibasa No. 3, Banjar, JI 41612",9972392772685475
403,Mala Pranowo,F,1994-05-14,3101015405940825,+628324407779,1726629250,5417760299140689,malapranowo547@gmail.com,"Gang Pasteur No. 553, Serang, NB 20970",9937483368153583
404,"Cawuk Zulkarnain, M.Pd",M,2003-11-22,3104012211037437,+628572552356,803211920,5313638527789564,"cawuk.zulkarnain,.m.pd@outlook.com","Jl. Jayawijaya No. 715, Serang, NT 20175",9986728164281918
405,Ajeng Prasetya,F,2005-10-08,3301014810054336,+628219502648,744037341,5378127782210217,ajeng_prasetya@gmail.com,"Jalan Dipatiukur No. 4, Kediri, Sumatera Barat 04793",9937215611167778
406,"Hj. Lala Kusumo, S.T.",F,1955-08-06,7101014608556880,081579736383,9560539707,6011986617706739,"hj._lala_kusumo,_s.t.@gmail.com","Jl. Cikutra Timur No. 2, Blitar, BB 84308",9962931186625886
407,"Kurnia Hasanah, S.Ked",M,1988-05-23,3272012305882801,08165521650,246921821925967,6011908984369987,"kurnia_hasanah,_s.ked@yahoo.co.id","Gang Tubagus Ismail No. 18, Payakumbuh, PA 30468",9915321114809318
408,Hartaka Nababan,F,1979-06-14,3173015406799916,085794842495,245788707,4523867673820975,hartaka_nababan@ymail.com,"Jl. W.R. Supratman No. 332, Lhokseumawe, YO 07609",9974939791086365
409,Zaenab Ramadan,F,1998-04-06,7102014604988069,08339968722,80858062350,5540566957900124,zaenab_ramadan@hotmail.com,"Jalan Sadang Serang No. 583, Serang, Sulawesi Tengah 79110",9962711500037099
410,Iriana Haryanto,F,2004-09-18,3202015809042991,+6288379632594,38946338915,5324152857256296,iriana.haryanto@yahoo.co.id,"Jalan Rajawali Barat No. 6, Bima, Bengkulu 46619",9984553516893822
411,Saka Rahimah,F,1995-10-26,3273016610953663,+628828655078,95095744303491,5589117972038593,saka.rahimah@gmail.com,"Gang W.R. Supratman No. 9, Makassar, Bali 85931",9961259741310340
412,Puti Rika Nababan,M,1960-10-03,3502010310605040,082347155313,4678136750094,6011214105276980,puti.rika.nababan713@ymail.com,"Gang Ronggowarsito No. 9, Denpasar, Kalimantan Utara 00249",9995152279919817
413,"Perkasa Tamba, S.Pd",M,1978-09-30,5102013009780111,081823888562,9660598678744,6011227585485967,"perkasa_tamba,_s.pd816@ymail.com","Gang Rungkut Industri No. 45, Pematangsiantar, Jawa Tengah 38806",9935019421589918
414,Manah Pangestu,M,1973-10-11,3301011110731945,082350200024,41321551305,5270836821444882,manahpangestu393@ymail.com,"Gg. Rawamangun No. 5, Singkawang, Maluku 52170",9979048972614630
415,Manah Prasetyo,M,1981-12-28,5103012812813639,089674620258,6431832812,5112392049106013,manahprasetyo251@hotmail.com,"Jl. Ronggowarsito No. 5, Gorontalo, Riau 05015",9932537795951182
416,Caket Siregar,M,1956-10-31,7301013110567589,+628318276817,6775458472,5329052918768313,caket_siregar@outlook.com,"Jalan Astana Anyar No. 342, Kota Administrasi Jakarta Selatan, KB 83230",9927020785101110
417,Cinthia Damanik,F,1964-09-19,3103015909641038,08983739920,3999362165,5591438823255397,cinthiadamanik209@ymail.com,"Gg. Laswi No. 73, Medan, Jawa Timur 11223",9953357435849975
418,Talia Wahyudin,F,1965-07-24,3601016407652002,088173264309,891279970292,5312053978713755,talia.wahyudin@yahoo.co.id,"Jl. Kendalsari No. 3, Bukittinggi, MU 04289",9913952010891425
419,Ozy Hutapea,M,2003-01-18,3176011801035969,08388320048,988975358523860,6011030443619956,ozy.hutapea@hotmail.com,"Gg. H.J Maemunah No. 5, Pematangsiantar, SG 55877",9990293245186279
420,drg. Suci Padmasari,M,1980-10-17,3172011710802445,+6281501437483,19671397191,5160221321767209,drg..suci.padmasari@gmail.com,"Jl. Cihampelas No. 634, Metro, Jawa Timur 48121",9963842194106648
421,Tgk. Dartono Padmasari,F,1971-02-22,3273016202712122,08161907258,49304936653,5402748124211405,tgk.dartonopadmasari700@ymail.com,"Gang Cihampelas No. 66, Payakumbuh, Maluku Utara 60273",9991123379834125
422,Gatot Hutasoit,F,1969-07-22,3176016207692460,081920935561,49952970,6011137124365852,gatothutasoit376@hotmail.com,"Jalan Dipenogoro No. 150, Magelang, KS 44439",9939837697583902
423,"Drs. Hana Anggriawan, S.Pd",M,2009-02-07,3202010702091228,+628142706159,97402990716,5390632248155424,"drs.hanaanggriawan,s.pd@yahoo.co.id","Gang Indragiri No. 0, Sungai Penuh, SS 63337",9950174550512455
424,Drs. Usyi Hastuti,M,1967-10-31,3201013110670961,08529567975,257955462347,6011124760108011,drs.usyihastuti@yahoo.co.id,"Gg. Kebonjati No. 63, Palopo, BA 29240",9968067066764731
425,"Rafid Thamrin, S.Psi",M,1982-03-15,3273011503827362,083817268080,8129015071380,5371307351045843,"rafid_thamrin,_s.psi@outlook.com","Gang Jayawijaya No. 59, Salatiga, Banten 25999",9926072519157707
426,Kezia Putra,M,1986-03-15,3172011503860286,08965885766,131805339627466,5321591832700045,kezia_putra425@gmail.com,"Jalan Waringin No. 597, Bekasi, JI 82097",9998220047023882
427,Bagiya Winarno,M,1956-08-29,3271012908561909,082197714004,590531520,5299809497698733,bagiyawinarno@outlook.com,"Gg. Kapten Muslihat No. 1, Banjarmasin, PA 25662",9971785639945846
428,Kawaca Andriani,M,2008-08-25,3601012508086263,088516612374,894332562389949,5419701426203706,kawacaandriani@gmail.com,"Jalan Gegerkalong Hilir No. 467, Sibolga, MA 87430",9967806347186972
429,Bella Wacana,M,2008-09-24,3102012409080450,08178135998,311708894801864,5282217588397851,bella_wacana@ymail.com,"Gang Rawamangun No. 0, Kotamobagu, Sulawesi Tenggara 46926",9918685165076669
430,drg. Michelle Winarno,M,1968-08-30,3202013008688849,+6281375712369,21287942968827,5569704095314198,drg._michelle_winarno116@outlook.com,"Jalan Moch. Toha No. 484, Tanjungpinang, Kalimantan Tengah 68151",9979574364297479
431,KH. Purwadi Simbolon,M,1996-01-02,3103010201967988,+628195651796,74966834,5460478421702851,kh..purwadi.simbolon@yahoo.co.id,"Gg. Laswi No. 0, Bandar Lampung, YO 65636",9991627380627854
432,Calista Mansur,M,1957-04-02,3601010204574510,08840893486,16246728799,4609114131935929,calista.mansur732@gmail.com,"Gang Cikutra Timur No. 837, Parepare, KR 20912",9940022820618464
433,H. Hartaka Narpati,F,1971-02-04,3601014402710007,08783045881,35447241,5416503440966176,h.hartakanarpati@ymail.com,"Jalan Cempaka No. 23, Tangerang, Kalimantan Tengah 08164",9993675663933758
434,Cut Alika Waluyo,M,1979-03-10,7102011003798865,081178214174,459266486,5489396987486940,cutalikawaluyo@hotmail.com,"Jalan Kiaracondong No. 060, Makassar, Kalimantan Selatan 31220",9992804136012491
435,Rahman Simbolon,F,1977-08-28,3302016808770808,+628529292075,15117160398863,5353621894559062,rahman_simbolon@gmail.com,"Gg. W.R. Supratman No. 331, Madiun, KB 65063",9990559204033444
436,Maryadi Setiawan,F,1979-12-26,3176016612794895,088320466489,705642045657758,4974533890623544,maryadi_setiawan897@yahoo.co.id,"Jl. Tubagus Ismail No. 97, Tasikmalaya, JI 19562",9999162895237653
437,"Prabawa Simanjuntak, M.Kom.",M,1973-02-21,3601012102735514,08191659953,72212242,6011767746259162,"prabawa.simanjuntak,.m.kom.@yahoo.co.id","Gg. Sukabumi No. 3, Kediri, Bali 43639",9924065947001406
438,Hardi Mandasari,M,1959-07-01,3402010107598248,081700801798,882312995704726,6011426121203845,hardi.mandasari754@hotmail.com,"Gg. Laswi No. 0, Tebingtinggi, ST 24508",9970525658284476
439,Septi Suwarno,F,1997-12-20,3501016012978722,+6282185254824,95454006445,5275231123274897,septisuwarno749@ymail.com,"Gang Pacuan Kuda No. 803, Sibolga, Papua Barat 27017",9921944232278526
440,Aslijan Usada,F,1958-12-28,3701016812586524,08564272038,2750801963,6011045306935884,aslijan.usada@hotmail.com,"Jl. Jend. Sudirman No. 8, Kendari, Sumatera Selatan 67423",9942301795212333
441,Luluh Prayoga,F,1968-06-08,3171014806680586,08516778481,3444544608385,5517993781053918,luluh.prayoga550@ymail.com,"Jalan Pasteur No. 15, Metro, JI 76896",9989923423338447
442,"Dr. Ayu Wibowo, S.Farm",F,1996-04-08,7101014804968430,+628144579271,346301986424238,5539728339121875,"dr..ayu.wibowo,.s.farm@ymail.com","Jl. Pasir Koja No. 74, Kotamobagu, Papua Barat 15273",9982770371359132
443,Adhiarja Budiman,M,1963-07-26,7301012607633475,08151010232,28676610,4898761081435613,adhiarja_budiman@ymail.com,"Gang Suniaraja No. 5, Pasuruan, MA 60169",9921969830781765
444,"dr. Yusuf Rajasa, S.I.Kom",M,1963-12-24,5102012412634528,+628953546951,17620545967,6011150066664114,"dr..yusuf.rajasa,.s.i.kom927@hotmail.com","Gg. W.R. Supratman No. 3, Pariaman, BT 02497",9910220255339834
445,Dodo Prayoga,F,2006-03-15,7102015503065308,+6285199497089,76834826899,5462697083868887,dodoprayoga@outlook.com,"Jl. H.J Maemunah No. 6, Tarakan, DKI Jakarta 62644",9978301322322329
446,Ir. Timbul Wibowo,M,1982-03-31,3402013103820502,083225719760,30126578982,5304180952175585,ir._timbul_wibowo@outlook.com,"Jl. KH Amin Jasuta No. 5, Kota Administrasi Jakarta Timur, KT 40270",9974306340535469
447,"H. Hamzah Novitasari, S.Farm",F,1960-06-10,3272015006602261,+6288169211882,36422297589170,6011454218545707,"h._hamzah_novitasari,_s.farm@gmail.com","Jl. Soekarno Hatta No. 237, Pekalongan, JA 93230",9991346014530592
448,"KH. Dadi Rajata, S.Farm",M,1995-09-16,3176011609956016,08819001635,82324728,5189540017882242,"kh.dadirajata,s.farm@gmail.com","Jl. PHH. Mustofa No. 614, Makassar, BA 77100",9920202349862646
449,Mulya Padmasari,F,1969-07-31,7102017107696114,081110580119,37115261,5505370923007163,mulyapadmasari@gmail.com,"Jl. Sukabumi No. 8, Pasuruan, Sulawesi Utara 96555",9978100816680636
450,"R.A. Karen Widiastuti, S.Sos",F,2009-03-08,3272014803098261,085943298769,75294471619,6011827348131043,"r.a._karen_widiastuti,_s.sos@hotmail.com","Gang Dipenogoro No. 762, Sibolga, JA 35797",9989022135550799
451,"Dacin Adriansyah, S.Psi",F,1983-01-07,3274014701833002,082243574835,7806486067,5198344883842539,"dacin_adriansyah,_s.psi944@outlook.com","Gg. Tebet Barat Dalam No. 39, Padang, DKI Jakarta 67164",9929408592157751
452,"Dinda Nurdiyanti, M.Farm",M,1987-12-31,3303013112875473,082174065795,7239209085510,5340913111786195,"dindanurdiyanti,m.farm@hotmail.com","Jalan Rajawali Barat No. 8, Cimahi, Sulawesi Tengah 78333",9951510023292611
453,"Naradi Irawan, S.IP",F,1964-05-31,3501017105640885,08160695354,301227595,6011002601515324,"naradi_irawan,_s.ip990@outlook.com","Gg. Sukajadi No. 34, Surakarta, JA 87153",9957822818596680
454,"Drs. Atmaja Yuniar, S.Psi",M,2005-07-12,3701011207054629,081317327980,1310064934039,4045203608941188,"drs._atmaja_yuniar,_s.psi@yahoo.co.id","Jalan Merdeka No. 14, Binjai, JK 93195",9996778162257970
455,Kezia Permata,M,1962-02-03,7102010302625885,+628315952056,77990069,5380186774037843,keziapermata@yahoo.co.id,"Jl. Sukajadi No. 55, Pematangsiantar, Kalimantan Timur 60875",9937280181477312
456,Zalindra Prasetya,F,1963-01-10,3301015001639520,08320067762,42501736,5242624178429024,zalindraprasetya@yahoo.co.id,"Gg. Ir. H. Djuanda No. 0, Lhokseumawe, SS 49737",9941150492748738
457,Almira Sitorus,F,1970-12-14,3303015412701561,+628220906053,94302116673290,5257598875921297,almirasitorus608@hotmail.com,"Jl. Jend. Sudirman No. 64, Banda Aceh, Riau 67566",9965624840802086
458,"Intan Suryono, S.Kom",M,1959-02-02,3274010202593937,+628950275582,809207115238023,5321921581897051,"intansuryono,s.kom97@gmail.com","Gg. Indragiri No. 472, Palembang, SU 23330",9925774439072610
459,"Ir. Ciaobella Wastuti, S.E.I",F,1974-10-09,3105014910748775,+6283288195977,788005378,6011931869289728,"ir.ciaobellawastuti,s.e.i283@hotmail.com","Jl. Dipenogoro No. 72, Bitung, SS 96263",9917519913208890
460,Hasta Lestari,M,1957-01-17,6101011701572263,081520028394,32041447432,5581165993020203,hastalestari@hotmail.com,"Jalan Rawamangun No. 6, Sorong, ST 01111",9931009673820382
461,"Upik Melani, S.H.",M,1981-08-18,3176011808812140,089752135302,60646300593777,5269198321029167,"upikmelani,s.h.@outlook.com","Jalan Kutai No. 676, Samarinda, Jawa Barat 51826",9963215927008284
462,Hartana Puspita,M,1999-02-09,3102010902999537,08831043841,32913167080568,5266706362198657,hartana_puspita62@ymail.com,"Jl. Kapten Muslihat No. 292, Sabang, ST 10293",9952289342077993
463,Kanda Rajasa,M,1990-06-15,3701011506907070,+628384933965,37322626114243,6011625854218807,kandarajasa753@ymail.com,"Gg. Siliwangi No. 2, Surabaya, Aceh 40848",9923806677887451
464,Dr. Talia Sihotang,F,1979-03-28,3101016803793934,08599964338,34725058333,5230311587605454,dr._talia_sihotang798@ymail.com,"Jl. Moch. Toha No. 324, Bogor, KT 42961",9947798611906931
465,Kezia Yulianti,F,1984-11-26,3303016611847431,083853536597,769861634212,5245080959481521,kezia_yulianti@hotmail.com,"Jalan Pasir Koja No. 6, Prabumulih, Kalimantan Tengah 43598",9991026152398343
466,Yuni Mangunsong,F,1987-11-17,3502015711874950,08971307423,526140489,5132614543079633,yunimangunsong789@yahoo.co.id,"Jalan Rungkut Industri No. 141, Tangerang Selatan, SR 51554",9912546501859077
467,"Sutan Endra Anggriawan, S.IP",M,1963-02-11,7102011102631999,088122115871,623542687447,4173208652377727,"sutanendraanggriawan,s.ip441@hotmail.com","Jalan Gedebage Selatan No. 849, Bengkulu, SU 94849",9936501695141160
468,Cawisono Simanjuntak,M,1960-07-23,5101012307600056,085200527810,6800027221425,5331609439136818,cawisono_simanjuntak@yahoo.co.id,"Gang Ronggowarsito No. 2, Balikpapan, SS 22694",9937879155085716
469,"Suci Uwais, S.H.",F,1958-01-24,3401016401585752,+6281420929735,6332227393899,5104573532366182,"suci_uwais,_s.h.@outlook.com","Gg. Setiabudhi No. 84, Pagaralam, SU 41465",9922895197336995
470,"Bahuwirya Hutagalung, S.H.",M,2000-11-08,7301010811007523,08136971823,171261583,5482176484673577,"bahuwirya_hutagalung,_s.h.@yahoo.co.id","Jl. Peta No. 7, Pagaralam, Sumatera Selatan 77881",9940498408890749
471,R.A. Yance Ardianto,M,1977-02-08,3101010802772645,08821944258,3256062953,5206373118046744,r.a..yance.ardianto@gmail.com,"Jl. Rungkut Industri No. 28, Cirebon, YO 28506",9942243673502332
472,Hardi Kusumo,F,1981-12-20,3175016012819203,08770136260,739756154705,5249121516411956,hardi_kusumo439@gmail.com,"Gg. Rajawali Barat No. 44, Ambon, RI 48079",9922853422033745
473,Garda Ardianto,F,2001-01-08,3105014801019682,+6287787520702,7201971212,5213936967897606,gardaardianto978@yahoo.co.id,"Gang Dr. Djunjunan No. 526, Balikpapan, GO 73188",9933214616892917
474,Dewi Laksita,F,2003-09-25,5103016509037928,08579227607,965339431916543,4895231202191500,dewi_laksita498@hotmail.com,"Jalan Waringin No. 54, Pagaralam, Kalimantan Barat 17722",9949801432671776
475,Agnes Tamba,F,1974-04-25,3204016504747864,08110268764,86497974163656,5504500635537300,agnestamba757@hotmail.com,"Gg. Cihampelas No. 665, Cilegon, Kalimantan Selatan 41678",9970041774686206
476,"Nasab Mahendra, S.Psi",M,1981-12-21,5101012112817232,+628239529635,8025512827636,5231594898959658,"nasab_mahendra,_s.psi424@yahoo.co.id","Jl. Dr. Djunjunan No. 225, Yogyakarta, KU 56906",9951119687664467
477,Nova Hutasoit,M,1981-02-21,3301012102814218,+6282291699939,597439464088,5123095862973980,novahutasoit790@gmail.com,"Jl. Pacuan Kuda No. 14, Surakarta, SN 71892",9932193166226455
478,"Ir. Siti Usada, S.E.I",M,1965-05-26,3171012605659356,08970217075,4465579220300,5249646129390021,"ir.sitiusada,s.e.i896@gmail.com","Gg. BKR No. 32, Banda Aceh, Kalimantan Selatan 06684",9938712349430604
479,Darman Sirait,F,1993-01-07,3303014701936447,083135957086,414584345,5363113885034238,darman_sirait@gmail.com,"Gg. H.J Maemunah No. 414, Kota Administrasi Jakarta Utara, NT 35020",9944999078503499
480,"Panca Sinaga, S.Kom",M,1955-03-29,3301012903557496,08194631043,96800852946902,6011177417430433,"panca_sinaga,_s.kom@yahoo.co.id","Jalan Bangka Raya No. 475, Langsa, JA 08255",9932991161505494
481,Uli Rahmawati,M,1995-03-30,7301013003959987,+6281865275233,4020256913,5103033467711679,uli_rahmawati@outlook.com,"Jalan Indragiri No. 11, Sorong, JA 93371",9970077383643595
482,Drs. Gangsa Sihombing,M,1959-04-03,5102010304599989,083130245301,4984723034,5520284719017229,drs.gangsasihombing@hotmail.com,"Jl. Gegerkalong Hilir No. 684, Mataram, ST 61768",9918230760649930
483,KH. Ajimin Marbun,F,2005-07-03,3601014307054243,088417754619,5065838727,5525812259095668,kh.ajiminmarbun289@ymail.com,"Jalan Ahmad Yani No. 367, Cimahi, ST 86694",9978321107375684
484,Capa Pertiwi,M,1966-05-21,3104012105667396,08221211018,45869017,6011074039251998,capapertiwi258@yahoo.co.id,"Gang Rajawali Barat No. 448, Cimahi, Kalimantan Timur 83402",9954803373017911
485,Diana Saputra,M,2006-01-30,5103013001061672,08162764338,1542216265,5549633083344472,diana.saputra313@ymail.com,"Jl. Abdul Muis No. 5, Madiun, DKI Jakarta 26945",9991645606961331
486,"Rahman Anggriawan, S.I.Kom",F,2008-06-01,3171014106084440,+628982059685,4774926632956,5142777522592067,"rahman.anggriawan,.s.i.kom908@hotmail.com","Gg. Asia Afrika No. 9, Tebingtinggi, Papua Barat 98373",9921783426330380
487,Laksana Usamah,M,1972-09-20,3176012009720456,+628322941156,6596363726,5194206615498084,laksana_usamah@yahoo.co.id,"Jalan Bangka Raya No. 27, Payakumbuh, KB 22397",9925056969290430
488,Marsudi Suryono,M,2006-02-25,7102012502060663,+6281398321122,2548158268,5387640191854881,marsudi.suryono399@hotmail.com,"Jl. Suniaraja No. 9, Batam, Jawa Tengah 63761",9928797998441785
489,Ozy Budiman,M,1994-04-29,3173012904946362,081678735856,741962342192,5562213204104297,ozy_budiman@gmail.com,"Jalan Gardujati No. 023, Kota Administrasi Jakarta Timur, Jawa Tengah 01851",9989988955415220
490,Vanya Pratiwi,M,1966-02-19,3272011902667718,08976999949,383180036,5360200053285382,vanya_pratiwi@gmail.com,"Gang Ronggowarsito No. 308, Sorong, JA 01841",9998920089901291
491,"drg. Dinda Adriansyah, S.H.",M,1982-11-01,3302010111822941,08188380582,1076862763,6011328389633767,"drg.dindaadriansyah,s.h.86@gmail.com","Gang Ir. H. Djuanda No. 43, Tangerang Selatan, Jambi 21314",9998823717309156
492,dr. Devi Tarihoran,F,1974-07-04,3103014407746516,+628983684101,4392188352,5391875067761062,dr.devitarihoran741@ymail.com,"Jl. W.R. Supratman No. 5, Tangerang, Sulawesi Selatan 49451",9910881185762044
493,Salimah Uwais,M,1969-11-07,3203010711694053,08227976178,7983845720266,5268629591257347,salimahuwais@hotmail.com,"Jl. Suryakencana No. 526, Tebingtinggi, SU 19642",9941457741280749
494,Cemplunk Winarno,F,1960-02-04,3602014402600148,089729907472,79417996708089,5347485994641833,cemplunkwinarno822@gmail.com,"Gang Ronggowarsito No. 6, Bogor, KU 68788",9975027569893216
495,Sutan Harjo Hutasoit,M,1981-10-24,3204012410817510,088336988164,54509286,4521026270664891,sutan.harjo.hutasoit@hotmail.com,"Jl. Siliwangi No. 305, Bogor, JA 55247",9960462655938607
496,"Drs. Lili Prasasta, S.Kom",M,1962-12-30,3274013012620009,08850574883,518563027500030,5556619953056413,"drs.liliprasasta,s.kom@outlook.com","Jl. Ir. H. Djuanda No. 06, Banjarbaru, Gorontalo 79202",9986192628554019
497,Dipa Hutagalung,F,1974-12-08,3602014812747354,+6282101872600,75103444429,5406745686524061,dipa.hutagalung@gmail.com,"Jl. Waringin No. 2, Parepare, Sulawesi Barat 70412",9996029673236512
498,"Anggabaya Suartini, S.E.",F,1958-06-14,5102015406582244,+6287722219053,804747648455,5439652138350714,"anggabaya.suartini,.s.e.295@hotmail.com","Gang Erlangga No. 4, Tarakan, Kalimantan Timur 24186",9924303178091608
499,Paiman Prabowo,M,2008-01-08,3174010801080055,085822117327,58839585585229,5542525161857596,paiman.prabowo@gmail.com,"Gg. K.H. Wahid Hasyim No. 8, Tanjungbalai, SG 56620",9984462072317300
500,"Irwan Nababan, S.T.",M,1998-08-05,3402010508985055,082377447353,5784171594,5597344930537880,"irwan.nababan,.s.t.@gmail.com","Gg. Rungkut Industri No. 03, Cilegon, Gorontalo 39043",9940646867350276
501,"Wisnu Firmansyah, S.H.",F,1985-01-01,3272014101851125,08558926087,9152787304,6011862515217460,"wisnu_firmansyah,_s.h.@hotmail.com","Gg. Cihampelas No. 514, Manado, LA 83565",9941867493136247
502,"Samiah Kuswoyo, S.Psi",F,2007-10-20,6101016010070820,08515673446,862969143362999,5266450999900109,"samiahkuswoyo,s.psi610@outlook.com","Jl. Kutai No. 79, Kupang, JI 71133",9991266054923443
503,"Caket Marpaung, M.TI.",M,1998-10-25,7102012510983834,08781189684,5648849979,5272857595828192,"caket.marpaung,.m.ti.@gmail.com","Gg. PHH. Mustofa No. 96, Tasikmalaya, PB 39912",9975127096541175
504,Cinta Budiman,M,1985-10-28,3176012810854903,08839717059,614367286811,5130388568119391,cinta_budiman@hotmail.com,"Gg. Dipenogoro No. 52, Cilegon, DI Yogyakarta 95511",9991124787798334
505,"drg. Eka Kusmawati, S.T.",M,1964-11-20,3172012011649386,08157790552,79335158807053,5160119391038291,"drg._eka_kusmawati,_s.t.@hotmail.com","Gg. Cihampelas No. 46, Solok, JB 58955",9927065406423247
506,Ophelia Hartati,M,1959-09-20,3602012009590693,082181810450,473615873662,5313589693353907,opheliahartati8@ymail.com,"Jl. Stasiun Wonokromo No. 214, Cilegon, RI 36715",9970546029390355
507,"Kasusra Hastuti, S.IP",M,1980-05-14,3402011405804783,08971566397,6116436902837,5327028966605341,"kasusra.hastuti,.s.ip@outlook.com","Gg. Bangka Raya No. 651, Makassar, Sumatera Barat 71470",9945875033916705
508,Dalima Uyainah,F,1984-08-24,3271016408846754,08221975358,740510388027,5104276362814440,dalima_uyainah@ymail.com,"Gg. Cikutra Barat No. 67, Banjarbaru, Kalimantan Tengah 64421",9990968816268723
509,Latika Hutapea,F,1962-11-12,3173015211626855,088149092288,974551358727,4743068811640346,latika.hutapea@ymail.com,"Jalan Otto Iskandardinata No. 20, Pagaralam, NB 23567",9938928723951300
510,"Violet Marpaung, S.Farm",F,1980-11-20,3701016011805885,08823364770,409091538,6011602826254200,"violet_marpaung,_s.farm@yahoo.co.id","Jl. Ciumbuleuit No. 9, Madiun, MU 27275",9921965325504255
511,"Hasim Saptono, M.TI.",M,1961-05-06,3401010605617377,08980441007,293245381097,5594122487098725,"hasimsaptono,m.ti.400@ymail.com","Gg. KH Amin Jasuta No. 1, Jambi, Kalimantan Selatan 82963",9938808093164124
512,Mustika Permata,M,1974-01-03,3103010301746115,082342240432,990034686,4630702867202009,mustikapermata@outlook.com,"Jalan Rajawali Barat No. 81, Sungai Penuh, Sulawesi Tenggara 65586",9919861827059901
513,"Tgk. Balijan Nugroho, M.M.",F,1983-06-19,3104015906836706,+628840577950,425900739713072,5111386908716726,"tgk..balijan.nugroho,.m.m.@hotmail.com","Jl. R.E Martadinata No. 64, Subulussalam, LA 11109",9949315157705748
514,Jamal Oktaviani,F,2005-07-26,3175016607058127,+628528170744,33442252,4602523941209449,jamaloktaviani844@outlook.com,"Gg. Veteran No. 378, Binjai, Kalimantan Selatan 15766",9935374165570382
515,Violet Prasetyo,F,1955-08-16,3172015608553412,081655132761,902455985160,5111915891268646,violetprasetyo622@hotmail.com,"Gang Veteran No. 3, Padangpanjang, BT 02589",9988252066324128
516,Yosef Pertiwi,F,1972-05-09,6101014905726903,08537600884,183781919074,5492164006983692,yosefpertiwi@yahoo.co.id,"Jalan Kendalsari No. 6, Samarinda, SN 62658",9955886508989479
517,Baktiadi Mahendra,M,1963-10-08,3203010810638853,081847082139,64622021237205,5203300008863467,baktiadi_mahendra@ymail.com,"Jalan Raya Ujungberung No. 110, Balikpapan, Jawa Tengah 98196",9910472467144060
518,"Diah Hasanah, S.I.Kom",M,1956-07-29,3175012907564131,+6285200916923,479897906085481,6011867463000995,"diahhasanah,s.i.kom@yahoo.co.id","Gg. Kebonjati No. 3, Yogyakarta, Kepulauan Bangka Belitung 41209",9926709289211195
519,Jagaraga Riyanti,M,2002-01-10,3201011001027302,08238151985,9294203401535,6011346607569991,jagaraga_riyanti291@outlook.com,"Gg. Pasirkoja No. 117, Gorontalo, Riau 70617",9972150031951753
520,Danu Andriani,M,2007-01-04,3174010401071565,08214028182,97940262085,5417452735364238,danu_andriani@gmail.com,"Jalan K.H. Wahid Hasyim No. 02, Bitung, NB 79980",9922271987116501
521,"Hamima Maheswara, S.Kom",M,1963-10-07,3273010710639176,085318161255,710079230466,4012838271012324,"hamimamaheswara,s.kom753@gmail.com","Jl. Siliwangi No. 305, Jayapura, DKI Jakarta 44731",9922607235892245
522,Ir. Emil Hastuti,M,1974-01-12,3172011201744334,088407665344,52276346,6011019153057349,ir._emil_hastuti@hotmail.com,"Jalan Pasir Koja No. 346, Sawahlunto, MA 37676",9959217039040113
523,Yulia Simanjuntak,F,1987-06-01,3272014106878048,08952512726,96665622,5219768784947712,yuliasimanjuntak@yahoo.co.id,"Jalan Ahmad Yani No. 51, Cimahi, Banten 96498",9912114676993956
524,Balijan Najmudin,M,1974-03-26,3601012603741784,088289742235,50466821215,6011649525492063,balijannajmudin708@hotmail.com,"Gg. Pacuan Kuda No. 355, Lubuklinggau, JA 50537",9924225463078277
525,Gina Purwanti,F,1985-11-08,3104014811858958,08858273063,5882188496806,5340511021254346,gina.purwanti@yahoo.co.id,"Jalan Ahmad Dahlan No. 184, Samarinda, Sulawesi Barat 55330",9914126875976361
526,Aurora Saefullah,M,1998-07-23,3502012307980835,085903721860,30319789990,4140034713171975,aurorasaefullah569@gmail.com,"Gg. Jend. A. Yani No. 5, Kendari, BA 09074",9931899726053396
527,Ani Nasyidah,F,1962-04-15,3174015504628313,08179478550,475358210,5328878072790379,ani.nasyidah969@gmail.com,"Jl. Waringin No. 644, Tomohon, Nusa Tenggara Timur 18579",9913867303452164
528,Tami Hasanah,M,1957-10-02,5102010210572534,08539964771,630768102480855,5380024432362215,tami_hasanah@outlook.com,"Jalan Astana Anyar No. 002, Madiun, SN 21358",9963823514043062
529,"Anastasia Rajata, S.Gz",F,2008-08-25,5101016508084253,+6283806751691,3150164261070,5135084243198391,"anastasia.rajata,.s.gz296@ymail.com","Jalan Pasirkoja No. 96, Tanjungpinang, Jawa Timur 97125",9941014242133661
530,"Drs. Tirta Zulkarnain, M.M.",M,2001-10-03,3171010310014939,085191053021,775864633,5595348110501471,"drs._tirta_zulkarnain,_m.m.@outlook.com","Gang Pelajar Pejuang No. 73, Kota Administrasi Jakarta Selatan, Lampung 58331",9992363764854410
531,Almira Prabowo,F,1959-04-09,3175014904595244,08998551281,612395978155426,6011097236024463,almiraprabowo863@hotmail.com,"Gang Kebonjati No. 15, Semarang, Sumatera Utara 47281",9975942619644216
532,Vero Utama,M,2004-07-29,3173012907045868,082210730871,883703175438,4274148572602929,vero_utama266@ymail.com,"Gg. Kebonjati No. 462, Samarinda, GO 71130",9936166877231632
533,Emas Dabukke,F,2003-06-30,3173017006037352,089542076327,63867625923,5468790604886934,emas.dabukke59@hotmail.com,"Gang Gedebage Selatan No. 1, Palangkaraya, KT 68685",9943117536848987
534,Kartika Januar,F,1958-01-30,3171017001585683,08127396159,50535670789775,5242619038422738,kartika_januar@outlook.com,"Jalan PHH. Mustofa No. 629, Pontianak, Sumatera Barat 10313",9939028518483028
535,Kamal Santoso,M,1961-06-06,3174010606612885,08167111757,816204298,5214486983052161,kamalsantoso@ymail.com,"Gg. Merdeka No. 6, Mojokerto, Gorontalo 47323",9936341803960792
536,Tiara Riyanti,M,1973-12-25,3103012512736771,+628851426471,27703163,5305004933267246,tiara_riyanti@gmail.com,"Jl. S. Parman No. 9, Ternate, MA 25122",9932503225895731
537,Dinda Budiman,F,1973-02-23,3701016302737099,+628588390654,9519393272728,6011129163504969,dinda.budiman129@outlook.com,"Jalan Jend. Sudirman No. 12, Serang, NT 90737",9965608885322459
538,"Cut Qori Zulaika, S.Pd",F,1961-02-12,3102015202617433,+6281553974995,98640675,6011602080192904,"cut.qori.zulaika,.s.pd@hotmail.com","Jl. Dipenogoro No. 57, Ternate, Nusa Tenggara Timur 74570",9952124800853344
539,Titin Sitorus,M,1999-11-29,3173012911994580,+628179322533,33510255,5201935450369886,titinsitorus@ymail.com,"Jalan Ir. H. Djuanda No. 32, Payakumbuh, BA 96531",9944564933715523
540,Suci Kurniawan,M,1965-09-05,3102010509654826,085829620805,22441290759,5359992012376319,suci_kurniawan471@ymail.com,"Gg. Tebet Barat Dalam No. 56, Kota Administrasi Jakarta Utara, MA 09859",9949102978681767
541,"drg. Kasim Situmorang, S.Pd",M,1961-11-07,3271010711610244,08339419375,326713175,5162647528646128,"drg.kasimsitumorang,s.pd27@gmail.com","Jalan Rawamangun No. 2, Solok, Jawa Timur 74140",9942168301968362
542,Eko Rahayu,M,1979-09-20,3171012009799357,081552403211,65051432191,5230877972479251,ekorahayu760@yahoo.co.id,"Gang Abdul Muis No. 50, Kota Administrasi Jakarta Pusat, Jawa Barat 48821",9980609663600634
543,Oskar Napitupulu,M,1993-09-22,3202012209935265,+628849204877,793332998651590,5157846408585884,oskar.napitupulu@hotmail.com,"Jalan BKR No. 53, Pagaralam, RI 44942",9971537000653728
544,"Taufik Sinaga, M.Farm",F,1985-08-30,3176017008856628,08168467292,65196282225,4182562472863946,"taufik.sinaga,.m.farm@gmail.com","Jalan Veteran No. 3, Lhokseumawe, DKI Jakarta 97826",9944575184773424
545,"drg. Cinta Mandala, M.TI.",F,1997-06-18,3272015806974710,+628160966270,14509563217400,5539101933538922,"drg..cinta.mandala,.m.ti.165@outlook.com","Gang Setiabudhi No. 76, Pangkalpinang, BA 61294",9922219584164278
546,Drs. Kasiyah Mahendra,M,1997-09-09,3501010909970095,+6281308277056,707626438,5550095372346172,drs._kasiyah_mahendra@yahoo.co.id,"Jalan Surapati No. 0, Tual, SU 01041",9925666637515729
547,Rizki Siregar,M,1973-03-21,3104012103736724,08529441642,754413727,5368576063494298,rizki.siregar839@outlook.com,"Jl. Indragiri No. 8, Tanjungpinang, KT 87232",9919778819558581
548,Tantri Ardianto,F,1971-06-17,3302015706715574,+6285101799932,1248374441,6011723456538690,tantri_ardianto@yahoo.co.id,"Jl. Abdul Muis No. 918, Kota Administrasi Jakarta Barat, KT 70876",9962035831177902
549,Eja Waskita,M,1958-03-20,3501012003582242,+628954723864,19538557,5542164359900937,eja_waskita@hotmail.com,"Gg. Kendalsari No. 7, Palangkaraya, JT 22328",9970145313099100
550,Sutan Jaswadi Kuswandari,M,1995-04-06,3301010604958008,+628954378844,76187564,5372636815418588,sutanjaswadikuswandari@gmail.com,"Gg. Soekarno Hatta No. 4, Meulaboh, GO 66204",9973725070376798
551,drg. Ajeng Prastuti,F,1979-11-23,3102016311799452,+628528450786,66605033746,5483306773067186,drg..ajeng.prastuti@outlook.com,"Jalan Setiabudhi No. 774, Cilegon, NT 58681",9976906389026870
552,Garan Yolanda,F,1964-08-19,3272015908640265,088288653859,77396342,5589876055049229,garan.yolanda712@gmail.com,"Gg. Kapten Muslihat No. 61, Metro, SU 98842",9988958062216796
553,Ir. Kamaria Padmasari,F,1992-11-21,3271016111928931,083806632016,83992891,5598271826533718,ir._kamaria_padmasari@ymail.com,"Jl. Jamika No. 117, Madiun, KI 12661",9953344081776105
554,Calista Firgantoro,F,1958-07-22,3102016207586640,08190398313,114599670692,4958730549824388,calistafirgantoro761@yahoo.co.id,"Jalan Jend. Sudirman No. 17, Bogor, Kalimantan Selatan 47743",9917644233143605
555,Ibrahim Nuraini,M,1966-01-28,3271012801667634,08846780664,689016492,6011815037017090,ibrahim.nuraini423@gmail.com,"Jl. Laswi No. 205, Salatiga, DI Yogyakarta 28733",9938651932664061
556,Olivia Thamrin,M,1986-01-04,6101010401868838,08137262829,5485007288,5595927411680698,oliviathamrin116@gmail.com,"Gg. W.R. Supratman No. 6, Salatiga, JK 84117",9967159453064283
557,Drs. Julia Damanik,F,1967-08-30,3176017008670255,+628858203917,7344435962,5545870120424251,drs..julia.damanik@ymail.com,"Gang Setiabudhi No. 241, Pematangsiantar, Sumatera Selatan 69081",9931985619904799
558,Safina Dabukke,M,1986-09-06,5101010609865968,+628582849760,80243652405536,5281875403648828,safina.dabukke361@outlook.com,"Gang Kiaracondong No. 02, Purwokerto, Nusa Tenggara Barat 37199",9982869483601580
559,"KH. Argono Situmorang, S.Pt",F,1993-03-06,3203014603936555,08953236066,59125949722042,5486226992066619,"kh._argono_situmorang,_s.pt972@yahoo.co.id","Jalan Pasteur No. 0, Bandung, SB 56743",9963052916741448
560,Akarsana Napitupulu,M,1956-05-14,7301011405564063,085687688777,7041348208493,4539839122600015,akarsana_napitupulu@outlook.com,"Jalan Sukajadi No. 26, Purwokerto, JB 71955",9966143511614723
561,Amelia Prakasa,M,1965-09-01,3271010109654997,+628574913410,628720998656422,5205920823530975,amelia_prakasa@ymail.com,"Jl. Tubagus Ismail No. 8, Balikpapan, Kalimantan Utara 10272",9946738906627471
562,Kamaria Suartini,F,1970-06-21,3176016106709313,08845682017,17966186957,5140434741253133,kamaria_suartini677@outlook.com,"Gg. Ronggowarsito No. 1, Batu, Kepulauan Bangka Belitung 75374",9911791417687081
563,"Dr. Erik Yolanda, S.H.",M,2006-01-18,5103011801068032,+628812175036,1259991938,5333703424447487,"dr.erikyolanda,s.h.1@outlook.com","Jl. Sentot Alibasa No. 97, Bau-Bau, KT 83483",9913613919708831
564,"Yulia Megantara, S.Gz",F,1961-11-03,7102014311616816,08535107651,808517328,5451456340918581,"yulia.megantara,.s.gz353@ymail.com","Jalan Asia Afrika No. 04, Semarang, Papua Barat 10496",9921127152109199
565,"drg. Kiandra Handayani, S.Gz",M,1981-12-17,3302011712817404,081796539160,104093045418403,5482218039662037,"drg.kiandrahandayani,s.gz381@hotmail.com","Jalan Kapten Muslihat No. 80, Bandung, Nusa Tenggara Timur 95493",9985176723052225
566,Tari Oktaviani,M,1996-02-08,3101010802966419,+628779516469,45623039744,6011088067089875,tari.oktaviani@gmail.com,"Jl. M.H Thamrin No. 48, Pagaralam, SU 26732",9926534402767229
567,Wirda Zulaika,M,2004-03-24,7102012403044623,08571326611,958052632119,5560472205397076,wirda_zulaika975@hotmail.com,"Gg. Sadang Serang No. 6, Singkawang, KR 44901",9949198925987177
568,"Galur Saptono, S.E.",F,1971-10-14,5102015410710930,08843171461,4946766262359,5305302618402578,"galursaptono,s.e.929@gmail.com","Gg. Antapani Lama No. 05, Subulussalam, KT 09149",9982749823630569
569,Irnanto Najmudin,F,1984-12-27,3174016712845418,+6282130663605,740989103,5409120302520941,irnanto_najmudin@outlook.com,"Gang Gegerkalong Hilir No. 229, Kediri, JA 28795",9962217168605204
570,"Ghaliyati Halim, S.T.",F,1957-06-23,3402016306573790,+628526009860,674544920548944,5238118081896551,"ghaliyatihalim,s.t.217@hotmail.com","Jalan Kutisari Selatan No. 511, Binjai, SS 33595",9956470524323023
571,"Heryanto Hidayanto, S.Farm",F,1999-12-26,3502016612992571,081521797056,71624860704,5326602351585015,"heryanto_hidayanto,_s.farm@gmail.com","Gg. Rungkut Industri No. 56, Parepare, LA 25042",9972092633618432
572,Balamantri Sudiati,M,2004-06-14,3272011406046934,+628815605879,3441339547,5440645315790572,balamantri.sudiati@ymail.com,"Jalan Sukabumi No. 0, Metro, DKI Jakarta 39898",9991005820063146
573,H. Banawi Nuraini,F,1994-11-05,3602014511944921,08386561833,587680570237718,5230192209567339,h..banawi.nuraini@ymail.com,"Gang Pasteur No. 943, Kota Administrasi Jakarta Barat, Papua 75137",9977421102122151
574,Karen Hutapea,M,1994-10-13,3176011310943447,083840282532,799242773923852,4232091401693329,karenhutapea286@yahoo.co.id,"Gang Rungkut Industri No. 763, Prabumulih, KU 92944",9979614105205727
575,Bajragin Wasita,M,1973-08-28,7101012808732447,+6281155154526,669991383100643,5122622777733164,bajraginwasita@outlook.com,"Jalan K.H. Wahid Hasyim No. 02, Padangpanjang, BB 12060",9913979193322359
576,Cahyadi Mulyani,F,1992-06-22,3171016206923397,088503605952,341074027406,5358267625906200,cahyadi.mulyani251@yahoo.co.id,"Jalan Surapati No. 8, Tasikmalaya, LA 55999",9981544727054994
577,"Aurora Hidayanto, S.I.Kom",F,1961-01-11,3502015101614299,08954974597,28399798491,5298609955049320,"aurora_hidayanto,_s.i.kom794@hotmail.com","Gang PHH. Mustofa No. 22, Bukittinggi, AC 76572",9927949598096962
578,Tgk. Vera Kuswoyo,M,1982-09-05,3274010509829675,081712128981,694853400,5512762239847428,tgk.verakuswoyo166@outlook.com,"Gang Cikapayang No. 8, Kotamobagu, Maluku Utara 52203",9974895732345688
579,Ratih Susanti,F,1978-06-17,3271015706788412,08822378870,268061349564,5399846058679490,ratih_susanti@gmail.com,"Gang Jend. A. Yani No. 447, Jayapura, JI 49134",9997384787486499
580,Kusuma Melani,F,1962-10-29,3101016910623299,08380809261,1165557864,5278655575124766,kusuma_melani@gmail.com,"Jl. Abdul Muis No. 05, Kotamobagu, Sulawesi Selatan 82741",9983716183340267
581,"Puti Maimunah Astuti, M.Kom.",F,1993-11-21,3303016111938537,+628954051665,324441899,5340233868608359,"puti_maimunah_astuti,_m.kom.@gmail.com","Gg. Otto Iskandardinata No. 513, Madiun, JI 47815",9912797967763509
582,Ian Januar,M,2003-05-25,3601012505033179,081342386020,1898309413490,5461979797245280,ian_januar@hotmail.com,"Jl. Pacuan Kuda No. 963, Kota Administrasi Jakarta Selatan, SU 72742",9995763578742169
583,Wasis Maryati,F,1965-12-07,7101014712650216,085907356748,67394059,6011802602944209,wasis.maryati@hotmail.com,"Jalan Rajiman No. 9, Tarakan, Kalimantan Barat 64969",9984654740779779
584,Novi Nuraini,M,1967-11-20,3303012011678530,08187342031,874867595141864,5582308829586844,novi.nuraini585@yahoo.co.id,"Gg. Otto Iskandardinata No. 76, Probolinggo, Sulawesi Utara 13146",9940931351389438
585,Hilda Wijayanti,M,2007-07-23,3602012307070511,+6283294276748,406629315181788,5142655946989066,hilda.wijayanti@outlook.com,"Gg. Raya Setiabudhi No. 1, Tanjungpinang, RI 77963",9930326898806991
586,Ophelia Pratama,M,1956-10-10,5102011010561951,08972237900,64870847795417,5375539818890731,ophelia_pratama@hotmail.com,"Gang Tebet Barat Dalam No. 66, Pagaralam, RI 04735",9919120720332176
587,Gaiman Hassanah,F,1989-07-27,5103016707899872,082158962683,738020761239612,4905188129886186,gaiman.hassanah@outlook.com,"Jl. Medokan Ayu No. 995, Sibolga, BA 61558",9964607939876103
588,Karja Pranowo,M,1958-08-21,3175012108580772,08983729826,44864970350,5375789683355707,karja_pranowo@gmail.com,"Gg. Moch. Ramdan No. 25, Padang Sidempuan, KT 00081",9934042221652243
589,"drg. Artanto Manullang, S.Pd",M,1982-04-17,3273011704825291,087805705218,94440458831,4414701235036877,"drg..artanto.manullang,.s.pd333@ymail.com","Jl. BKR No. 16, Blitar, KR 11860",9920508074461748
590,"Drs. Rahmi Maryadi, S.IP",M,1956-01-03,3701010301567379,+628972344568,89403664016329,5273783159757297,"drs.rahmimaryadi,s.ip@outlook.com","Gang W.R. Supratman No. 0, Kota Administrasi Jakarta Utara, SG 14976",9924698381053797
591,Darman Wasita,F,1970-12-09,7301014912703415,08139158542,42416518548,5196607344674620,darmanwasita126@ymail.com,"Jalan Sukabumi No. 765, Palopo, KI 63757",9986670993372840
592,"Galang Sitorus, S.E.I",F,1985-08-15,3272015508857980,08186170502,916981413,6011447609483774,"galang_sitorus,_s.e.i@ymail.com","Jl. Rajiman No. 3, Bontang, Riau 89307",9927647416869602
593,Ulya Sirait,F,1968-10-26,3204016610683955,08552650996,2836677196,5366102563420220,ulya.sirait@hotmail.com,"Gang Abdul Muis No. 38, Probolinggo, Sumatera Barat 35778",9992809605368006
594,"Uchita Hutapea, S.IP",M,1985-03-04,3271010403853421,089783675901,252446144092335,4746564260186375,"uchita.hutapea,.s.ip@gmail.com","Jalan Antapani Lama No. 812, Palembang, JA 67287",9992268241461065
595,"Drs. Lili Wacana, S.Ked",F,1962-10-06,3501014610625487,08312776414,48502551,5534448672288397,"drs..lili.wacana,.s.ked308@yahoo.co.id","Gang Tebet Barat Dalam No. 85, Salatiga, JI 48395",9942852018883933
596,Nadine Hariyah,M,1983-04-05,3202010504835918,+6281815749325,888795312040,5454377661830852,nadinehariyah@gmail.com,"Jl. Ahmad Dahlan No. 7, Lubuklinggau, Sulawesi Barat 27104",9977613676904810
597,Marsito Kuswoyo,M,1993-02-02,3272010202935113,08565114367,2078187109,5568564257068022,marsito_kuswoyo@yahoo.co.id,"Jl. Wonoayu No. 92, Malang, KI 03446",9920147811512028
598,Kartika Oktaviani,F,1986-10-10,3202015010862937,08556002302,65052241142066,5301514599201665,kartika.oktaviani@yahoo.co.id,"Jl. Kutai No. 134, Kota Administrasi Jakarta Selatan, GO 89659",9949106264051789
599,Ir. Ika Susanti,M,1996-11-24,3173012411965235,+628572205620,21348433,5413325286132399,ir._ika_susanti344@hotmail.com,"Jl. Moch. Ramdan No. 192, Cimahi, SU 51028",9927765416062325
600,Salwa Halimah,M,1998-10-20,3301012010983043,088244976024,73420953677349,5452973561526659,salwa_halimah@hotmail.com,"Jl. Stasiun Wonokromo No. 66, Manado, MA 81932",9964902125531459
601,"Tgk. Tania Megantara, S.Farm",M,2006-04-08,3402010804064036,08829664147,4369524746653,5238962985324366,"tgk._tania_megantara,_s.farm@hotmail.com","Jalan Stasiun Wonokromo No. 52, Mataram, SG 63983",9957674580474283
602,Wardi Anggriawan,F,1975-11-12,3272015211752567,089838354346,49061682497939,5481615381168373,wardi.anggriawan@gmail.com,"Jalan Abdul Muis No. 4, Bengkulu, Papua 80940",9976706031369061
603,"Jatmiko Widodo, S.Gz",M,1990-02-28,3501012802900966,08990148967,92649312,4463947625429269,"jatmikowidodo,s.gz304@outlook.com","Jl. Waringin No. 7, Cirebon, SU 05092",9936920064499859
604,Tedi Mustofa,M,1993-04-26,5101012604932273,+628593694811,74971967068335,5191016125901633,tedimustofa617@ymail.com,"Jl. Cempaka No. 0, Bengkulu, Kepulauan Riau 90552",9921445032787712
605,dr. Padma Budiman,M,2004-02-14,3274011402043795,+6281837673481,201679301481,4604991004202889,dr._padma_budiman874@gmail.com,"Jl. Kebonjati No. 2, Bau-Bau, KB 04938",9920183216346312
606,"Pangeran Adriansyah, S.Pd",M,1977-04-24,3201012404774784,08143485484,45316079,5517913860157119,"pangeran_adriansyah,_s.pd@yahoo.co.id","Gg. Rawamangun No. 1, Bekasi, JA 21259",9992042885168759
607,Pranata Narpati,F,1989-01-18,3172015801892218,+6285902881411,552719367857646,5191381074916198,pranata_narpati@yahoo.co.id,"Gang Ciwastra No. 3, Tangerang Selatan, Kalimantan Selatan 40642",9959023267690506
608,dr. Laras Prasetyo,F,1970-04-11,3174015104701248,08585350696,7168455252,6011741025471798,dr.larasprasetyo612@ymail.com,"Jl. PHH. Mustofa No. 74, Pasuruan, Nusa Tenggara Timur 58720",9960512723056133
609,drg. Eva Nasyiah,F,2006-06-30,3501017006069905,08190051956,45584227172662,6011565046070015,drg._eva_nasyiah880@gmail.com,"Gang Laswi No. 88, Bekasi, Sumatera Selatan 43740",9941313914344801
610,Ir. Laswi Nashiruddin,M,2004-12-29,3501012912048344,08954087100,78904172820762,5181152232822282,ir..laswi.nashiruddin@ymail.com,"Gang Soekarno Hatta No. 6, Madiun, GO 02675",9976294013003481
611,Cengkir Tamba,F,1973-05-23,3101016305738619,+6285599940041,891351135053,5272289206415781,cengkir.tamba614@ymail.com,"Jalan Asia Afrika No. 97, Tegal, RI 34595",9914111315628672
612,Ifa Gunarto,M,1981-04-08,7102010804810282,+628224194534,3814478674280,5118893063578032,ifa_gunarto@yahoo.co.id,"Gang Pasteur No. 6, Cilegon, Sumatera Selatan 49839",9941229125310892
613,Mujur Sitorus,F,1995-10-24,3202016410953925,08385585575,184290696904,5228986061065674,mujur.sitorus240@hotmail.com,"Jalan Sentot Alibasa No. 62, Ambon, Jawa Tengah 24412",9972493368683385
614,Ibrani Iswahyudi,M,1967-12-19,3272011912676539,+628777613681,35308437,5569929644477257,ibrani.iswahyudi545@yahoo.co.id,"Jalan Ronggowarsito No. 517, Tanjungpinang, Kalimantan Tengah 67316",9934503864451474
615,"R.M. Heru Simbolon, S.Pd",M,1962-02-24,3301012402628394,08114172415,25855749062796,4242570333295940,"r.m._heru_simbolon,_s.pd@gmail.com","Gg. Rajiman No. 9, Jayapura, KB 55580",9929605711509995
616,"dr. Vinsen Hutagalung, S.H.",F,1988-03-07,3274014703880756,+628182966299,2742922041,5378215392669376,"dr..vinsen.hutagalung,.s.h.@yahoo.co.id","Jl. Lembong No. 61, Meulaboh, Kalimantan Barat 24467",9959958283944821
617,Elma Marpaung,M,1957-02-02,3105010202571985,+628578048502,29019333593797,4900002956162253,elma_marpaung733@outlook.com,"Jalan Sentot Alibasa No. 1, Balikpapan, JI 29867",9982353293904826
618,"Yosef Winarsih, S.Sos",F,1955-11-02,3401014211559826,08597992304,4231677814564,5343701945391175,"yosef_winarsih,_s.sos439@outlook.com","Gang Pasirkoja No. 1, Pekalongan, PA 58512",9918222027613259
619,KH. Harjo Wulandari,F,2008-03-04,3103014403087716,08952092815,71902231,5516787067635323,kh..harjo.wulandari204@gmail.com,"Gg. Kutai No. 38, Palangkaraya, Bengkulu 40177",9960064454438406
620,Hj. Kartika Ramadan,M,1975-01-13,3271011301752262,083385637114,400037539892,6011313246598661,hj.kartikaramadan@outlook.com,"Jalan R.E Martadinata No. 24, Padangpanjang, BA 54091",9924535276807192
621,Kasiran Widodo,F,1974-07-03,7301014307743305,+6288159153820,165266426735,4272455337565692,kasiran_widodo421@ymail.com,"Jl. Gegerkalong Hilir No. 2, Palangkaraya, Kepulauan Riau 79389",9981959777389661
622,Gamanto Wahyudin,F,1979-12-19,3602015912792618,081594510462,39656851206276,5572935097934420,gamanto.wahyudin@hotmail.com,"Gg. Monginsidi No. 1, Subulussalam, Maluku 60241",9936182139407005
623,Calista Nababan,M,2000-05-27,3104012705004796,088180457972,170339821478,5523372094516765,calistanababan@outlook.com,"Jl. Soekarno Hatta No. 7, Tual, SN 24809",9967278530527911
624,Mustika Suryono,M,1976-09-27,3176012709768524,08960112200,942648333679,5308289671360541,mustikasuryono940@outlook.com,"Jalan Asia Afrika No. 24, Pangkalpinang, MU 33053",9928728631788037
625,Titi Sudiati,M,1958-08-26,7301012608586070,089590132495,450011546,4758080388904419,titi.sudiati@hotmail.com,"Gang Waringin No. 0, Makassar, MU 72773",9918990405890889
626,Muni Wibisono,F,1983-12-14,3502015412836308,088213538148,575580309016856,5271778401902715,muni_wibisono@outlook.com,"Jl. Medokan Ayu No. 85, Gorontalo, SU 44577",9924472758713617
627,Ir. Eli Oktaviani,F,1956-10-22,3272016210561749,083268611997,85983326170505,5435345819565720,ir.elioktaviani@hotmail.com,"Jalan Peta No. 7, Metro, JB 91163",9943698106624616
628,Kenzie Siregar,M,1966-08-15,6101011508662673,08196621775,684668793,4302853272766986,kenziesiregar228@hotmail.com,"Gang Setiabudhi No. 694, Yogyakarta, Papua 58886",9999786590391616
629,Nilam Hariyah,F,1967-05-14,3174015405672697,08778546130,408972073827777,5511842527863092,nilam.hariyah9@gmail.com,"Jl. Surapati No. 08, Tual, SG 16966",9920299960474370
630,"Alambana Safitri, S.H.",M,1977-05-14,3101011405774566,08144473057,819619971659656,5376409968334403,"alambana.safitri,.s.h.630@yahoo.co.id","Jalan Raya Ujungberung No. 3, Salatiga, Sulawesi Utara 50968",9963462354735006
631,Soleh Marpaung,F,1982-10-28,3104016810827519,08552191439,154736015791150,5510162600802656,solehmarpaung@hotmail.com,"Jl. Waringin No. 3, Blitar, LA 03977",9975970030638766
632,Dr. Halima Nugroho,F,1968-06-11,5101015106689115,08565488357,2496791463,5586643203172669,dr._halima_nugroho@hotmail.com,"Jalan Pacuan Kuda No. 10, Tangerang Selatan, SR 61648",9985816449967099
633,"Drs. Marsudi Nasyidah, S.Ked",F,1961-09-29,3202016909619704,081524000208,24605190,5454327163033560,"drs.marsudinasyidah,s.ked@outlook.com","Gg. Suniaraja No. 0, Padang, SS 61124",9938256146435962
634,Puti Tantri Narpati,M,1996-02-21,3272012102960954,08219089931,148028354,4589290930437669,puti.tantri.narpati249@outlook.com,"Jalan Pacuan Kuda No. 34, Magelang, YO 73454",9985124004809643
635,Winda Hartati,M,1992-06-05,6101010506921350,08536815947,805311058330,6011967397984217,windahartati@hotmail.com,"Jl. Ir. H. Djuanda No. 4, Jayapura, PA 44294",9995342813466942
636,Samiah Sihombing,M,1980-11-16,5102011611806688,08311676718,38836368850162,5362922666788091,samiahsihombing@outlook.com,"Gg. Sukajadi No. 30, Sawahlunto, Maluku 90458",9965884583649169
637,dr. Jati Safitri,M,1995-06-20,3502012006955323,08158989074,69812559777,5165976408385809,dr._jati_safitri@hotmail.com,"Gg. M.T Haryono No. 67, Pontianak, Sulawesi Utara 76015",9925390761115094
638,Darmana Maryadi,F,1967-05-09,3303014905677911,08859129565,214860050092449,5528787570302939,darmana.maryadi@yahoo.co.id,"Gg. Yos Sudarso No. 90, Ternate, KS 06158",9999173570839184
639,Dr. Slamet Nasyiah,M,1958-11-03,3271010311588310,08387429069,3336931806,5100730242662490,dr._slamet_nasyiah@outlook.com,"Jalan Pacuan Kuda No. 23, Tanjungbalai, Sulawesi Tenggara 09484",9999377130305823
640,Oskar Haryanto,F,1960-02-22,3172016202605352,+628814469567,97354453451466,5486583483483586,oskar_haryanto@outlook.com,"Jl. Moch. Ramdan No. 997, Bengkulu, Bengkulu 13717",9979599224014038
641,Baktianto Namaga,M,1959-09-18,3602011809596417,+6285932077587,426983443695,6011805045050921,baktiantonamaga276@outlook.com,"Jalan Indragiri No. 17, Semarang, Sulawesi Tenggara 46947",9911154584841216
642,Ophelia Laksmiwati,M,1989-04-17,5101011704893229,08189390773,395450380162585,4502045028143533,ophelia.laksmiwati143@ymail.com,"Jalan Sadang Serang No. 88, Sorong, ST 27058",9997318795978800
643,Cemani Haryanto,F,1980-08-14,3104015408801289,08512359042,8428662510,5457383855451461,cemani.haryanto@ymail.com,"Gg. Sadang Serang No. 8, Depok, GO 34845",9955622139696119
644,Ciaobella Salahudin,M,1996-08-06,3272010608967810,+6285955370627,773374612,6011157562641266,ciaobella.salahudin527@ymail.com,"Jalan Kebonjati No. 22, Madiun, Sumatera Utara 96434",9981936916315824
645,"Tgk. Kartika Maulana, S.Pd",F,1980-09-12,3502015209802618,+628116931963,61670450599,5422673123438884,"tgk..kartika.maulana,.s.pd316@gmail.com","Gang Rajawali Timur No. 96, Ambon, RI 65274",9951062711594372
646,"Farah Pranowo, S.T.",M,1956-04-06,3174010604562380,08326450282,23427557672,5491154904431832,"farahpranowo,s.t.@outlook.com","Gg. W.R. Supratman No. 58, Jambi, SS 41132",9996560268082102
647,Tantri Rahayu,F,1972-10-14,3274015410721386,08139771150,892651732,5416291087392219,tantrirahayu@outlook.com,"Gang Pacuan Kuda No. 99, Banjarmasin, GO 54857",9972295589770249
648,Jarwi Mansur,M,2005-02-01,5101010102057130,+628990529877,699153044500,6011202683878900,jarwi.mansur763@hotmail.com,"Jalan Jakarta No. 4, Sabang, DKI Jakarta 35984",9917781967482155
649,"Tgk. Shakila Damanik, S.E.I",M,1985-04-09,3302010904858242,+6283860304093,641823688101382,5321051334601848,"tgk..shakila.damanik,.s.e.i@gmail.com","Gang Lembong No. 573, Mataram, Nusa Tenggara Barat 44902",9985351915650276
650,Maria Widodo,M,1961-08-24,3402012408613868,+628168316816,48917369,4789476720005212,maria_widodo@gmail.com,"Gg. Asia Afrika No. 6, Pekalongan, MU 49511",9976696403359547
651,KH. Balidin Nasyidah,M,1985-09-27,5101012709851871,+628964850895,80851191944,5245697296556195,kh..balidin.nasyidah465@outlook.com,"Jalan Ciumbuleuit No. 6, Pangkalpinang, Sulawesi Tengah 51295",9943256267842715
652,"H. Okta Astuti, S.Ked",F,1979-09-24,3701016409791906,088226395612,88305573713887,5540223461446622,"h._okta_astuti,_s.ked@yahoo.co.id","Gg. Asia Afrika No. 356, Kota Administrasi Jakarta Selatan, KI 87395",9951777150532364
653,"Ratih Mangunsong, S.Kom",M,2003-06-13,3271011306037489,+628954215248,96364704656896,5487036883004837,"ratih_mangunsong,_s.kom@outlook.com","Jalan Dipenogoro No. 890, Probolinggo, Nusa Tenggara Timur 55333",9941949097506097
654,Humaira Pradipta,M,1971-07-27,3401012707719448,08169127065,204062911872,5182471830181798,humaira_pradipta@outlook.com,"Jl. Cempaka No. 607, Metro, Bengkulu 76336",9984004211512666
655,Bakiman Natsir,F,1987-01-31,5102017101874668,+628975221711,66581898106173,5556316312975577,bakiman.natsir763@gmail.com,"Jl. Rajiman No. 9, Tidore Kepulauan, Maluku Utara 33185",9993976998240288
656,R. Warsa Hasanah,F,1981-01-08,3601014801813571,+628811938999,1130716753,6011216336131797,r.warsahasanah338@ymail.com,"Gang Surapati No. 554, Palangkaraya, Maluku 16704",9916390258006305
657,Aurora Megantara,F,1994-08-12,3174015208943976,+628999545858,49981274392255,4741925814762125,auroramegantara193@gmail.com,"Jl. M.T Haryono No. 270, Serang, Kalimantan Tengah 59626",9965613564420888
658,R.M. Opung Winarsih,M,1964-07-09,3202010907645866,08173845315,40796859,4964598724089929,r.m.opungwinarsih111@outlook.com,"Jl. Astana Anyar No. 34, Sorong, Papua 95005",9936486599609657
659,Ami Megantara,F,1956-10-01,3272014110566858,08381339736,317340242224198,6011306323654016,amimegantara103@hotmail.com,"Jalan Jamika No. 053, Padangpanjang, YO 77687",9933670717775772
660,Hj. Ade Saragih,F,1962-06-21,7301016106624436,08142435094,2186156409941,5275398913705425,hj._ade_saragih859@gmail.com,"Jalan Raya Ujungberung No. 8, Singkawang, GO 79323",9999149280573469
661,"R.M. Darmanto Wahyuni, S.Pt",M,1983-01-03,6101010301832935,+628331035659,1237666969,5129533861941185,"r.m..darmanto.wahyuni,.s.pt@ymail.com","Jalan Pacuan Kuda No. 424, Tarakan, Sulawesi Tenggara 25652",9942438999141236
662,"Cut Ulva Winarno, S.Gz",F,1986-07-01,3176014107864595,+6281406628346,989334375186,5394086542438262,"cutulvawinarno,s.gz@ymail.com","Jl. KH Amin Jasuta No. 326, Balikpapan, Sulawesi Utara 53967",9958345568232713
663,Sarah Saptono,M,2008-10-25,3701012510084408,085609528895,139696453591765,4471883009954286,sarahsaptono973@yahoo.co.id,"Gang Sadang Serang No. 457, Surabaya, GO 84156",9948671604476826
664,R.M. Bakiono Pradana,F,1989-11-23,3502016311896182,+6288367989947,806901497,4103847156756653,r.m..bakiono.pradana669@gmail.com,"Gg. Gegerkalong Hilir No. 47, Purwokerto, JK 68323",9969444517121900
665,Oskar Thamrin,M,1997-02-10,3273011002976298,088149234359,95045056693754,4242861789257144,oskar.thamrin@hotmail.com,"Jalan Ahmad Dahlan No. 521, Subulussalam, Kalimantan Timur 89634",9943878097579068
666,Ida Wibisono,F,1957-11-07,5103014711577010,+6281648163849,90635853010127,5496951930485275,ida_wibisono359@outlook.com,"Gang HOS. Cokroaminoto No. 4, Batu, BB 39910",9964504063708023
667,Cakrabirawa Laksmiwati,F,1995-12-28,3601016812952404,+628216344439,43181233576170,5331744577626266,cakrabirawa.laksmiwati966@outlook.com,"Jalan H.J Maemunah No. 69, Kota Administrasi Jakarta Barat, Nusa Tenggara Timur 34261",9954072970901658
668,Hj. Eka Putra,M,1994-06-01,6101010106949082,088147594434,3953774037676,5474042076751496,hj._eka_putra@hotmail.com,"Gang Antapani Lama No. 1, Pontianak, GO 37418",9920699142637709
669,Eva Hidayanto,F,1995-05-01,5102014105953403,08569900094,66582344538565,5152326600047094,evahidayanto@gmail.com,"Gg. Pasir Koja No. 769, Tarakan, SB 38119",9944556171327016
670,"dr. Halima Widiastuti, M.Kom.",F,2007-01-14,3402015401076905,08229989965,915837466,4447761868704793,"dr._halima_widiastuti,_m.kom.410@ymail.com","Jl. Pelajar Pejuang No. 4, Subulussalam, SS 64510",9930727020131058
671,"drg. Dimaz Padmasari, M.Kom.",M,1960-09-02,3402010209602182,+6283259950891,4302927640,5247398622140512,"drg..dimaz.padmasari,.m.kom.@ymail.com","Jalan Rajiman No. 9, Sibolga, Sumatera Utara 09191",9962928550797189
672,Prakosa Permadi,M,1986-04-18,3301011804867939,085933891478,844203594410,5523873518664776,prakosa_permadi@gmail.com,"Jalan Sentot Alibasa No. 7, Samarinda, SU 66039",9938651595296176
673,"Warsita Sitompul, S.IP",F,1964-12-20,3271016012648282,08552585346,639885217,5495599098412867,"warsita_sitompul,_s.ip@outlook.com","Gg. Pasir Koja No. 55, Kota Administrasi Jakarta Utara, ST 57423",9958578058875952
674,"Drs. Septi Sinaga, S.Sos",M,1985-05-15,3105011505858816,08569348918,13814634,5192421959730915,"drs..septi.sinaga,.s.sos65@yahoo.co.id","Jalan Rumah Sakit No. 98, Lubuklinggau, MA 16597",9951541753440053
675,"dr. Damar Saptono, M.Kom.",M,1989-09-29,3272012909894846,08383315553,630304407,5381109659845573,"dr._damar_saptono,_m.kom.760@yahoo.co.id","Gang Jamika No. 501, Sawahlunto, MA 88269",9955815727944471
676,Bakiman Iswahyudi,F,1992-10-10,3175015010929149,+628162699452,291061669100,6011822421682689,bakiman.iswahyudi@outlook.com,"Gg. Jayawijaya No. 62, Bima, LA 53703",9966593229438416
677,"Endra Dongoran, M.Kom.",M,1984-10-20,3501012010849314,08330834791,69325722,5470322007485974,"endradongoran,m.kom.132@yahoo.co.id","Jl. Cempaka No. 3, Balikpapan, Lampung 09776",9975174223903529
678,R.A. Laras Nashiruddin,M,1985-04-02,3101010204859996,08314520580,9606048022,5206547476950901,r.a._laras_nashiruddin@ymail.com,"Gang Pasirkoja No. 55, Lubuklinggau, NT 25389",9981079923861966
679,"Dr. Nugraha Kusmawati, M.Pd",F,1962-03-01,3602014103626425,+628170165562,988765699313606,5522901138604792,"dr._nugraha_kusmawati,_m.pd682@gmail.com","Gg. H.J Maemunah No. 3, Kota Administrasi Jakarta Timur, BE 97796",9991264018208306
680,Ajimin Purwanti,M,1958-09-14,3105011409588339,08125148953,519147905347,5183951673095320,ajiminpurwanti748@outlook.com,"Gang Ir. H. Djuanda No. 514, Tegal, BA 62637",9946007101391920
681,"Samiah Sihombing, S.Psi",F,1971-12-10,7101015012716781,087829258228,28323530,5388568467678091,"samiah_sihombing,_s.psi286@ymail.com","Gg. Abdul Muis No. 0, Semarang, Jambi 91862",9977500645809535
682,Limar Nugroho,F,1994-10-08,3203014810949414,087752135317,6928974874114,5462675119976456,limar.nugroho275@hotmail.com,"Jalan Rumah Sakit No. 169, Padang Sidempuan, Papua Barat 25214",9954795594629162
683,"Mala Ramadan, M.Kom.",M,1974-05-23,3401012305747141,08599678963,19358201,5330159722422843,"malaramadan,m.kom.@hotmail.com","Gang Kiaracondong No. 515, Tomohon, Gorontalo 09080",9933560473468217
684,Cawisadi Adriansyah,F,1992-01-29,3501016901926721,08859846018,133480153735,6011866715544607,cawisadi_adriansyah@outlook.com,"Gang Rajawali Timur No. 995, Cirebon, Kalimantan Selatan 28351",9996560946560253
685,Limar Wahyudin,F,2002-04-22,5103016204024380,08387205364,292856728,5202155383077552,limarwahyudin@yahoo.co.id,"Jl. Cempaka No. 908, Lhokseumawe, Lampung 52982",9935668383609501
686,Febi Suartini,F,2003-10-29,3202016910033565,083278446078,85199198,4775512944149256,febi.suartini@outlook.com,"Gang Cihampelas No. 815, Mataram, Jawa Tengah 73605",9948787495971929
687,Yessi Wahyuni,M,1958-05-18,7101011805584007,088397477656,80554943,5543687715692206,yessiwahyuni@outlook.com,"Gang R.E Martadinata No. 3, Madiun, Jawa Barat 34666",9952001520235945
688,Aisyah Lestari,M,1975-07-29,3401012907753449,083271001154,59431487225,5278564135474168,aisyahlestari337@outlook.com,"Gang Rajawali Timur No. 40, Depok, DKI Jakarta 99825",9997197345152108
689,Dt. Asirwada Sihombing,F,1995-02-18,3101015802953896,081455809579,681660284136233,5547040714697145,dt.asirwadasihombing505@yahoo.co.id,"Jalan Bangka Raya No. 8, Pekanbaru, PA 31723",9950935222459819
690,Nasab Putra,M,1993-09-06,7301010609935723,+6287708374560,49610175,5400170679490786,nasab_putra@ymail.com,"Jl. Sukabumi No. 140, Surabaya, NB 63560",9954166491316219
691,R.A. Sarah Winarsih,M,1963-08-19,3502011908632558,085293896763,77355896070,5322883413351390,r.a..sarah.winarsih77@yahoo.co.id,"Jalan Suryakencana No. 4, Tanjungbalai, AC 66437",9994946065595002
692,Luis Widodo,F,1968-11-23,3301016311682703,088193663579,580300735,6011658260825269,luis.widodo919@ymail.com,"Jl. Ciumbuleuit No. 1, Cilegon, Sumatera Barat 28524",9947215659587502
693,"Talia Widodo, S.Pd",M,2006-10-19,3101011910068300,+6288369112232,6261197892,6011594657446538,"talia.widodo,.s.pd384@hotmail.com","Jalan Gedebage Selatan No. 31, Dumai, JB 77113",9925393490971278
694,Fitria Hutasoit,M,1957-04-07,7102010704575614,+628236738052,476841847,4462201483335401,fitria.hutasoit@outlook.com,"Gang Cempaka No. 2, Serang, Banten 35090",9986236395284595
695,Zelda Ramadan,M,2006-06-08,3501010806060188,08558764770,77618376,5195076716217208,zelda_ramadan559@ymail.com,"Jalan H.J Maemunah No. 662, Pekalongan, DI Yogyakarta 23570",9924492507306653
696,Saiful Prasasta,F,2002-04-07,3274014704020733,08576456496,260539064,6011909703425198,saiful_prasasta@gmail.com,"Gg. Cikutra Barat No. 168, Solok, JI 50213",9919730473084740
697,Kardi Hakim,F,1955-07-13,7301015307559403,08516829670,2531936252,5302216908875485,kardi.hakim@yahoo.co.id,"Jl. Ahmad Yani No. 1, Sungai Penuh, SU 49673",9986735466504048
698,Tgk. Jelita Usada,M,1992-02-02,6101010202924884,08550657351,5693510214012,5433195589799037,tgk._jelita_usada828@gmail.com,"Gg. Jayawijaya No. 32, Subulussalam, KB 42506",9921461089925045
699,Artanto Haryanti,F,1998-09-15,3172015509983150,+6281368709412,15164838953376,5441876776006430,artanto_haryanti333@yahoo.co.id,"Jalan Medokan Ayu No. 36, Padangpanjang, SG 76755",9921265023870518
700,Diana Nuraini,F,1972-10-25,3201016510720731,08572496757,610484809473,6011181560542705,diana_nuraini609@ymail.com,"Jl. Ahmad Yani No. 957, Medan, Maluku 62718",9968203151897644
701,Zahra Oktaviani,M,1990-06-07,3273010706901762,082197647545,389722693485403,5409846856066994,zahra.oktaviani945@gmail.com,"Jl. Sadang Serang No. 2, Pematangsiantar, SN 70369",9983096986791682
702,Uli Zulaika,M,1991-03-25,3601012503918977,08999777795,72637792711,4735128962206828,uli_zulaika@yahoo.co.id,"Jl. Tubagus Ismail No. 73, Tual, Sumatera Barat 99801",9917302483168455
703,Ajimat Anggriawan,M,1997-09-16,3105011609979657,085746060694,79523578,5352941285370065,ajimat_anggriawan260@hotmail.com,"Gg. Setiabudhi No. 234, Mataram, Maluku Utara 75244",9977394615510255
704,R.M. Umay Maryadi,F,1960-09-09,3201014909601748,08524255428,4764255078688,5578602039221316,r.m._umay_maryadi@ymail.com,"Gg. Jamika No. 8, Tanjungpinang, Kepulauan Riau 12710",9955887016413812
705,Nabila Wibowo,F,1962-07-14,3601015407623422,+6285398728731,5956291796,5241603328880701,nabila.wibowo@gmail.com,"Gg. Cempaka No. 9, Palopo, BA 95515",9984179148098377
706,Leo Salahudin,F,1958-12-06,3301014612585546,+628230220175,264879210466,5175015269744206,leo.salahudin889@gmail.com,"Jl. KH Amin Jasuta No. 41, Sibolga, SB 99625",9985232714244859
707,Kambali Setiawan,F,2001-03-07,3204014703018895,08550958723,78060145792,5126714858197018,kambali_setiawan@ymail.com,"Jalan Cikapayang No. 3, Kota Administrasi Jakarta Selatan, Sulawesi Tengah 50471",9979855204754110
708,Cager Oktaviani,F,1973-03-10,3176015003730454,085319201828,3332970493795,5429158551163975,cager.oktaviani@gmail.com,"Gang Kiaracondong No. 66, Tanjungbalai, Kepulauan Riau 55866",9957040486053078
709,Wardaya Situmorang,F,1993-05-28,3301016805931814,08594873962,2883124977367,5324434354978727,wardayasitumorang998@hotmail.com,"Gang Pasteur No. 715, Banda Aceh, JB 31251",9925524058586998
710,"Sutan Prayogo Irawan, S.Pt",F,1963-07-12,3502015207635037,08572990348,347960009409,4657376242662257,"sutan_prayogo_irawan,_s.pt@gmail.com","Jalan Jakarta No. 7, Surakarta, Gorontalo 02312",9968064611305492
711,Ade Astuti,M,1960-02-29,3174012902609756,082301527311,3641475690,4184293359847421,ade.astuti@hotmail.com,"Jl. Sukajadi No. 83, Dumai, Sumatera Barat 74907",9968723440532699
712,Bahuwirya Nugroho,F,1965-03-13,5102015303657810,082339022624,75003299090,5506476144278739,bahuwiryanugroho723@hotmail.com,"Jl. Gedebage Selatan No. 1, Denpasar, Maluku Utara 26949",9917391373890518
713,"Edison Pratama, S.Farm",F,1977-06-22,3103016206774073,085297920675,493439690453,5592528783573388,"edison.pratama,.s.farm@yahoo.co.id","Jl. Suryakencana No. 4, Tomohon, JI 01750",9942712538531730
714,"drg. Cindy Wulandari, M.M.",F,1988-09-06,3303014609884073,+628562364122,509853720335051,5302325107155580,"drg._cindy_wulandari,_m.m.56@gmail.com","Gang Rungkut Industri No. 1, Tegal, Maluku Utara 57574",9931372931435263
715,Puji Nainggolan,M,1996-06-08,3301010806965586,+6283811992551,90781913505,5534941971575574,puji.nainggolan916@outlook.com,"Gg. Tubagus Ismail No. 75, Pangkalpinang, Sulawesi Tenggara 22660",9942456198304730
716,"Tgk. Harjaya Usamah, S.E.I",M,2002-05-17,6101011705022154,081830616218,45200761504205,5486856977143366,"tgk..harjaya.usamah,.s.e.i@ymail.com","Gg. Kapten Muslihat No. 292, Bengkulu, BA 72453",9925380440846670
717,Endah Sihombing,M,1956-05-19,3272011905564662,08950392788,993046163,5481687851856909,endah_sihombing@ymail.com,"Gg. Rungkut Industri No. 7, Palangkaraya, JI 05115",9957014351881142
718,Tgk. Dinda Prakasa,F,1993-05-03,7301014305938787,+6281572800727,91472373,5264078308306976,tgk.dindaprakasa779@gmail.com,"Gang Antapani Lama No. 25, Tangerang Selatan, SN 92845",9945930156838267
719,"H. Saka Mahendra, S.I.Kom",F,1994-05-08,3204014805949955,08856714674,78867518571164,5260595634318072,"h..saka.mahendra,.s.i.kom@gmail.com","Gg. Soekarno Hatta No. 33, Tanjungbalai, KI 74859",9914555756675867
720,"Febi Mahendra, S.Psi",M,1998-01-29,3401012901988672,083153377730,778719261,5248720124025455,"febi_mahendra,_s.psi@hotmail.com","Gg. Ahmad Yani No. 05, Meulaboh, Jawa Tengah 18779",9993014398294301
721,"Hasna Hidayat, M.M.",M,2003-11-02,6101010211030598,08859767388,716303438300,4914352949307411,"hasna_hidayat,_m.m.582@hotmail.com","Jalan Siliwangi No. 733, Madiun, NT 82457",9948207987703096
722,Drs. Farah Yuliarti,F,2008-06-01,3501014106082501,088235189622,660022302340567,5312515890418280,drs..farah.yuliarti@outlook.com,"Jalan Kebonjati No. 8, Kota Administrasi Jakarta Barat, Papua Barat 04432",9970706796687599
723,Martana Yuniar,M,1971-03-15,7102011503711881,08169278844,96361527,5395844420224820,martana_yuniar550@yahoo.co.id,"Gang Ir. H. Djuanda No. 68, Serang, ST 14743",9919924484812833
724,Intan Marpaung,M,1993-05-08,5101010805933846,+628984503118,7691419396,4610471891199256,intan_marpaung@hotmail.com,"Jl. Cikapayang No. 87, Bontang, Maluku Utara 80656",9978426243346158
725,Cut Syahrini Suryono,F,1964-10-27,7301016710649048,085610341413,281405132,5217904470856093,cutsyahrinisuryono@outlook.com,"Jl. Yos Sudarso No. 122, Pematangsiantar, JI 15551",9924085144394566
726,"R. Jumadi Wacana, M.Pd",F,1977-06-29,6101016906777517,+628831031456,327579407403374,5299987093391360,"r.jumadiwacana,m.pd993@gmail.com","Jalan M.H Thamrin No. 372, Tual, Kepulauan Bangka Belitung 30800",9966932497653894
727,"Genta Kuswandari, S.Gz",F,1989-12-05,3271014512890071,08333267531,67631010,5496546125360648,"genta.kuswandari,.s.gz63@outlook.com","Jl. HOS. Cokroaminoto No. 5, Meulaboh, Riau 84706",9966296374257076
728,Daliono Rahmawati,F,1984-11-29,3301016911849199,083384817036,17701773,5575949330781113,daliono_rahmawati110@gmail.com,"Gg. Abdul Muis No. 19, Pekanbaru, Jawa Timur 32809",9915141044502161
729,Tgk. Kajen Wibisono,F,1970-05-29,3172016905702789,+6282344155967,48496552391,5303353004999261,tgk.kajenwibisono414@yahoo.co.id,"Gang Kiaracondong No. 46, Sungai Penuh, Lampung 07986",9964312951003675
730,Artanto Wibisono,M,1966-04-05,5102010504667478,08587394624,4858653927,5568714134931795,artanto_wibisono@outlook.com,"Gg. Tebet Barat Dalam No. 945, Banjarbaru, Kalimantan Timur 38040",9961406488749781
731,Satya Sitorus,F,1966-11-24,7301016411661660,+628995792116,79893546,5263989701455702,satya.sitorus@hotmail.com,"Gang Erlangga No. 92, Pariaman, Lampung 19100",9928621523971058
732,"Cut Ika Adriansyah, S.Pd",F,1988-08-26,3273016608888864,+6283892552905,7000110156,4619738449812134,"cut.ika.adriansyah,.s.pd@yahoo.co.id","Jl. Cikapayang No. 33, Ternate, PA 46040",9962845155261412
733,Dinda Saptono,M,2003-09-25,7301012509036634,+628993310448,465561922188220,5331864176130233,dinda_saptono@outlook.com,"Jl. Waringin No. 011, Palu, KR 09712",9943597843599698
734,Shania Waluyo,F,1966-11-06,6101014611663102,+628776764032,425282671,5169379499952254,shania.waluyo929@hotmail.com,"Gang Rawamangun No. 20, Surabaya, DI Yogyakarta 47340",9952401025841246
735,"R.A. Gilda Hassanah, S.Ked",F,1991-06-17,3201015706917033,088481114330,90587715,5259062787902593,"r.a..gilda.hassanah,.s.ked@gmail.com","Jalan Cikapayang No. 51, Palu, Sulawesi Utara 55882",9975860039468672
736,"Ganjaran Wasita, S.E.",M,1972-07-12,3175011207726758,+6281660323584,39559997,5337939579551922,"ganjaran_wasita,_s.e.738@hotmail.com","Gang PHH. Mustofa No. 786, Palangkaraya, JK 25577",9922011658541804
737,"Hj. Eli Gunarto, S.Psi",M,1995-11-30,3271013011957856,085670386256,711258423300805,5330829248287326,"hj..eli.gunarto,.s.psi41@ymail.com","Jl. Laswi No. 6, Padangpanjang, Jambi 81904",9938529426624228
738,"Wardaya Marbun, S.H.",M,2005-09-04,3102010409057232,+6285754852207,808428741,5327963651295555,"wardaya.marbun,.s.h.@gmail.com","Gg. Soekarno Hatta No. 6, Jayapura, NT 13723",9961148580823232
739,"Dr. Raharja Kurniawan, M.Kom.",M,1993-11-20,3173012011938410,+6285284226230,17223502830342,6011437539169286,"dr..raharja.kurniawan,.m.kom.@outlook.com","Jalan Surapati No. 38, Depok, Bali 04132",9965790377333359
740,"Bagus Hidayat, S.T.",M,1999-11-27,3175012711996915,089687403304,206166497008,5245801517642969,"bagushidayat,s.t.@ymail.com","Gang Kapten Muslihat No. 09, Makassar, PB 34699",9951618789699934
741,"Luwes Rahayu, S.Gz",M,2004-11-13,3175011311045877,+6281109699613,6523228058,6011837743540477,"luwes_rahayu,_s.gz179@yahoo.co.id","Gang Sentot Alibasa No. 476, Pagaralam, NT 06071",9961245813811879
742,R. Bakda Prasasta,M,1980-11-08,3273010811801425,085225586277,7031748903,4458809718614228,r.bakdaprasasta@hotmail.com,"Gang Moch. Toha No. 7, Madiun, Maluku 39610",9961293638371569
743,Hj. Victoria Dabukke,M,1992-02-20,3173012002925341,083175779911,930457627451160,5495897015221335,hj._victoria_dabukke727@gmail.com,"Gg. Pelajar Pejuang No. 9, Prabumulih, BE 91872",9937550127926551
744,Zulaikha Marpaung,F,2003-12-08,5101014812037089,08228989930,561139979927156,4338788528589864,zulaikhamarpaung@ymail.com,"Gang Gardujati No. 2, Dumai, Sulawesi Utara 30626",9975784190345479
745,Darmana Siregar,F,1957-07-31,3201017107570839,08117379499,557444107692,5562654347591600,darmanasiregar@hotmail.com,"Jalan Dipenogoro No. 229, Palembang, SB 60858",9982537357360478
746,Ami Setiawan,M,1960-12-14,7101011412605397,082199658578,668167843407307,5517761350078833,ami_setiawan@yahoo.co.id,"Jl. Dipatiukur No. 57, Pekalongan, KU 10219",9937776372756902
747,Ivan Wahyuni,F,1965-04-19,3204015904650224,08586999528,33126532,5335514972490323,ivan.wahyuni252@outlook.com,"Jalan Kapten Muslihat No. 961, Kediri, KS 42605",9920533352742468
748,"Dt. Balidin Novitasari, S.T.",F,1958-06-14,3602015406585403,+628135555702,27413644594761,6011218939127060,"dt._balidin_novitasari,_s.t.31@outlook.com","Gg. Pacuan Kuda No. 33, Pariaman, Sulawesi Utara 12688",9933764714706562
749,Cakrabuana Widiastuti,M,2001-07-31,7102013107013881,081264468530,6559502635607,5378943327639902,cakrabuana_widiastuti695@gmail.com,"Gg. Monginsidi No. 923, Sorong, Papua 46060",9983117648796560
750,"dr. Alambana Nababan, S.I.Kom",M,2002-03-25,3201012503026559,08336902220,6061790670151,5100393449076970,"dr..alambana.nababan,.s.i.kom@outlook.com","Jl. Ronggowarsito No. 8, Sukabumi, JI 98471",9987576016637055
751,Hamzah Haryanto,M,1978-07-31,3201013107783789,+628229692105,222600822837742,5305498578872828,hamzah.haryanto@yahoo.co.id,"Gg. Pelajar Pejuang No. 47, Langsa, Maluku Utara 78769",9982978625008911
752,"Lukita Rahimah, M.Farm",M,1992-10-03,3272010310922743,08954466589,860960647245,5157378747788403,"lukita_rahimah,_m.farm4@outlook.com","Jalan Rajiman No. 88, Kota Administrasi Jakarta Pusat, Kepulauan Riau 49835",9977350748313482
753,Halima Pratiwi,F,2005-04-05,5101014504050867,08962988972,7809282616,5217005371860567,halimapratiwi735@ymail.com,"Jalan Rumah Sakit No. 6, Kota Administrasi Jakarta Selatan, Sulawesi Selatan 92435",9911488271928526
754,Tgk. Damu Hariyah,M,1993-09-10,3271011009936577,+6283379512798,342853541,6011601991984807,tgk.damuhariyah@gmail.com,"Jalan Laswi No. 5, Sukabumi, Sumatera Barat 36749",9910165232894189
755,Dalima Rajasa,F,1980-01-01,5103014101801684,+628320771074,46895796724,5310511090070177,dalimarajasa755@gmail.com,"Gg. M.H Thamrin No. 01, Kota Administrasi Jakarta Pusat, Sumatera Barat 89489",9934858096090500
756,Anastasia Aryani,M,1977-12-01,3402010112770788,+6281449723920,8599747539,5359744252694200,anastasia_aryani86@hotmail.com,"Gang Sukajadi No. 12, Bitung, PA 01418",9959147796124323
757,Purwanto Kuswoyo,M,1984-02-11,3701011102844780,081313379376,86816085571749,5505849688144999,purwanto.kuswoyo@yahoo.co.id,"Jl. Antapani Lama No. 594, Palangkaraya, KU 39994",9957488581357947
758,Zaenab Prakasa,F,2005-04-25,3102016504054641,081374450999,34535279111,4085184668985936,zaenab.prakasa@hotmail.com,"Jalan Jend. A. Yani No. 38, Cilegon, DKI Jakarta 71136",9991191317672483
759,Rahmi Marbun,F,1967-02-22,3175016202678194,+628567348002,52597205548298,6011781921474983,rahmi_marbun458@outlook.com,"Jalan Abdul Muis No. 469, Palopo, Kalimantan Tengah 11677",9951472225340837
760,Zizi Susanti,M,1963-05-02,3201010205637466,085184721461,680452926769889,5398877544584745,zizi.susanti242@gmail.com,"Jalan Tebet Barat Dalam No. 68, Madiun, BA 89679",9929168418062776
761,Niyaga Hutagalung,M,1966-04-22,3601012204660054,087827519346,22484479,5165611568622305,niyaga_hutagalung29@hotmail.com,"Jalan Lembong No. 56, Kota Administrasi Jakarta Barat, LA 69709",9945513423660062
762,"Bella Hartati, S.Ked",M,1968-05-23,3302012305683803,+6285102274330,371862447563112,5513807828780663,"bella.hartati,.s.ked327@hotmail.com","Gang Asia Afrika No. 67, Bekasi, SN 53454",9956628358220779
763,Darmaji Padmasari,F,1981-01-19,3501015901813796,+6283154180288,2288669059,5269984288284709,darmaji_padmasari@yahoo.co.id,"Gang Cikapayang No. 121, Kota Administrasi Jakarta Pusat, DKI Jakarta 72426",9933582267461118
764,Dartono Wasita,F,1970-04-02,3272014204702746,+628560366864,886268527287603,5108778347106282,dartono.wasita@hotmail.com,"Jl. Dipatiukur No. 0, Kotamobagu, SU 23039",9999127605374939
765,Prasetyo Januar,F,1993-09-08,3402014809937870,+6285862327700,68597302732,5185704240255542,prasetyo_januar@ymail.com,"Gg. M.H Thamrin No. 22, Kota Administrasi Jakarta Barat, AC 24808",9973315530689802
766,Hartana Mansur,F,1982-06-15,3173015506824804,08516788159,773865690448,5546733229124891,hartana_mansur361@outlook.com,"Jalan Gegerkalong Hilir No. 959, Pangkalpinang, Kalimantan Utara 21329",9911486183270341
767,Harja Mansur,F,1995-12-16,3102015612953919,081799426407,4012033980138,5316283356890583,harja.mansur@gmail.com,"Gang Tebet Barat Dalam No. 88, Pontianak, Sulawesi Tenggara 99648",9939090751772950
768,Jefri Mandasari,F,2005-10-20,3203016010053240,+6287770277287,7596957945759,5299550553629177,jefri.mandasari308@hotmail.com,"Jl. Kutisari Selatan No. 41, Metro, Papua Barat 50573",9920457805434852
769,Ibrahim Uyainah,M,1995-09-24,3401012409952629,08775207882,751192145,5344520302769474,ibrahim.uyainah@hotmail.com,"Gg. Suniaraja No. 203, Kota Administrasi Jakarta Pusat, Sumatera Barat 77537",9917979839089330
770,Dipa Maulana,M,1962-04-03,3402010304623965,08162440293,44094121805257,5459900479412324,dipa_maulana310@gmail.com,"Jalan Sentot Alibasa No. 66, Serang, Lampung 88707",9987923962495491
771,Febi Saragih,M,1958-11-14,3175011411583342,08594857133,37686127342112,4291381301494808,febi.saragih@ymail.com,"Jl. Stasiun Wonokromo No. 00, Sorong, Sumatera Utara 07659",9991398521853776
772,dr. Intan Uwais,F,1980-01-25,3601016501804949,08323191990,435683172,5166704171038918,dr.intanuwais118@hotmail.com,"Gang Bangka Raya No. 0, Bukittinggi, Papua Barat 74223",9955183209562207
773,Ika Wijaya,M,1960-03-30,3175013003603919,+628560344956,248765077525723,4631603781105703,ika.wijaya778@yahoo.co.id,"Gg. Antapani Lama No. 369, Padangpanjang, Jawa Tengah 89430",9969743254619136
774,Sidiq Firgantoro,F,2008-09-23,5101016309080373,+6281199469669,4370071580,6011097140863327,sidiq.firgantoro@gmail.com,"Jl. Rawamangun No. 711, Makassar, PA 49885",9957516967900760
775,Paramita Mangunsong,F,1989-04-25,3204016504894675,08849237590,328582585455139,6011196034823679,paramitamangunsong@ymail.com,"Jl. Bangka Raya No. 45, Payakumbuh, RI 94412",9978825607244830
776,"R.A. Hilda Hariyah, S.E.I",M,1985-03-08,3502010803859218,+628553800436,9466486741637,6011120631755292,"r.a._hilda_hariyah,_s.e.i493@gmail.com","Gang Veteran No. 5, Bau-Bau, Kalimantan Utara 97150",9946610824479561
777,"drg. Eva Agustina, M.Kom.",F,1978-09-26,6101016609784947,08111441572,461168611460,6011361189260554,"drg._eva_agustina,_m.kom.727@outlook.com","Jalan Rajawali Timur No. 776, Padang, Sulawesi Selatan 43925",9959349051169763
778,Rika Waluyo,F,1963-10-22,3103016210636525,08826843771,44454595,5566003011962274,rika.waluyo@ymail.com,"Jl. Antapani Lama No. 867, Tanjungpinang, Jawa Tengah 07202",9976368355996656
779,"dr. Shania Tamba, M.Farm",F,1970-12-13,3176015312701622,08976838509,193409916508113,5340348484377007,"dr.shaniatamba,m.farm@outlook.com","Gg. Rumah Sakit No. 091, Singkawang, Aceh 26714",9990281219255405
780,Drs. Belinda Suryatmi,F,1987-04-03,3303014304872034,08599544966,317562752800,4617344794592353,drs.belindasuryatmi121@yahoo.co.id,"Gg. Rungkut Industri No. 28, Payakumbuh, KI 06527",9942081476413875
781,Oni Samosir,M,1998-12-19,3602011912984563,088210017078,394576130,6011494841423554,oni.samosir@yahoo.co.id,"Jalan Rajawali Timur No. 5, Kendari, SG 20109",9933783310076138
782,Balangga Hassanah,F,2002-06-21,3401016106026642,08813026564,215882187089410,5391161146446113,balanggahassanah@gmail.com,"Gg. Rumah Sakit No. 5, Tasikmalaya, Sulawesi Utara 61894",9991143778808588
783,Umar Kusmawati,F,2005-10-31,3402017110054972,081673885237,587700788125325,4218082267990967,umarkusmawati416@gmail.com,"Gg. Kebonjati No. 10, Kota Administrasi Jakarta Pusat, Papua Barat 77657",9986158997476754
784,Uli Anggraini,F,1962-05-22,3402016205623331,08859571646,2003709070,6011378088669324,uli.anggraini@ymail.com,"Jl. Pasir Koja No. 17, Bontang, BT 38974",9982459921317425
785,"Elvina Agustina, S.Gz",M,2004-03-16,3203011603048268,08186748762,1744565726765,5541982817947799,"elvina_agustina,_s.gz@yahoo.co.id","Gang Sadang Serang No. 178, Jambi, Jawa Tengah 84868",9956983967228745
786,Ir. Faizah Fujiati,M,2008-11-13,3101011311081000,081626930326,625733090740,5563516852247676,ir._faizah_fujiati@hotmail.com,"Gang Cihampelas No. 50, Semarang, DI Yogyakarta 67993",9988527928297032
787,"Ir. Genta Hartati, S.T.",M,2005-01-22,5102012201059417,+628125366933,43422856283723,5322593103370082,"ir.gentahartati,s.t.599@yahoo.co.id","Gg. Suniaraja No. 08, Banjar, KI 36060",9939221475632457
788,"KH. Endra Nasyiah, M.Pd",F,2006-12-24,3173016412063350,08974333318,94561257804,5337198517696808,"kh.endranasyiah,m.pd643@hotmail.com","Jalan Yos Sudarso No. 3, Binjai, KU 85283",9960181135254215
789,Cindy Sitompul,F,1955-12-24,3301016412552361,+6285178379264,37396885934,5528839039799782,cindy.sitompul@gmail.com,"Jl. Gegerkalong Hilir No. 4, Surabaya, Lampung 62632",9962397284113027
790,"T. Galak Namaga, M.Pd",M,1974-09-23,3201012309742704,+6285196551025,78606734767149,5486328959103852,"t..galak.namaga,.m.pd@outlook.com","Jl. Abdul Muis No. 142, Tual, Sulawesi Tengah 18878",9933769985972663
791,"Luwes Setiawan, S.Pt",M,1961-10-21,3273012110615329,083137439639,5038955465653,4708730021027364,"luwessetiawan,s.pt@yahoo.co.id","Jalan Sukajadi No. 840, Batam, JI 52883",9974908959114243
792,"Ir. Gara Dabukke, S.Psi",M,1981-01-22,3103012201812786,085687493916,29109048,5466073264478933,"ir.garadabukke,s.psi481@ymail.com","Gg. Lembong No. 397, Tidore Kepulauan, KI 87655",9998679749122657
793,Argono Hartati,F,1965-12-18,3272015812657936,+628969093716,9104573466944,5333878052890566,argono_hartati@ymail.com,"Jalan Otto Iskandardinata No. 56, Lubuklinggau, Sulawesi Tenggara 21988",9972273552806209
794,R. Nabila Lailasari,F,1996-08-01,3701014108967251,08237434509,4806250230899,6011646924343543,r.nabilalailasari416@yahoo.co.id,"Gg. Pacuan Kuda No. 86, Bandung, GO 42462",9925779695869431
795,"drg. Citra Nuraini, S.I.Kom",M,1970-05-14,3273011405705828,+628333871088,5694660490376,5274769116122157,"drg..citra.nuraini,.s.i.kom@ymail.com","Gang Tubagus Ismail No. 045, Tasikmalaya, DKI Jakarta 89915",9987581502436114
796,Vivi Sitorus,F,1961-05-02,6101014205611150,+628134158933,9660138550,6011029573801014,vivi.sitorus877@hotmail.com,"Jl. Indragiri No. 304, Tual, JK 84160",9975540583108606
797,Cornelia Wahyuni,M,1972-01-20,7102012001721518,+628326194999,60551919396871,5467170804929325,corneliawahyuni929@gmail.com,"Jl. Cikutra Timur No. 901, Banjar, SU 68142",9994465262409450
798,KH. Dirja Hutapea,F,1987-02-13,3272015302872519,08572134952,50037177,5288562748066118,kh.dirjahutapea@outlook.com,"Jl. Medokan Ayu No. 732, Ternate, SS 60849",9928480130402667
799,"Sutan Jumadi Pudjiastuti, S.H.",M,1998-02-14,3274011402980976,083316571211,28112399,5130255987920622,"sutan.jumadi.pudjiastuti,.s.h.118@hotmail.com","Gg. Kebonjati No. 4, Bogor, Riau 94439",9970583090831744
800,Nrima Andriani,M,2001-06-11,3172011106019547,08339680450,220360816,6011418044608190,nrima_andriani@hotmail.com,"Jl. Surapati No. 3, Tanjungbalai, JB 91320",9987660629789522
801,Panca Gunawan,M,1967-09-05,3203010509676961,087749506095,72745669,5439859074294141,panca.gunawan@hotmail.com,"Jl. Pelajar Pejuang No. 903, Tanjungpinang, Aceh 15372",9960537249364500
802,"Panji Maheswara, S.I.Kom",F,1963-02-24,3701016402637063,081638476691,4016472861746,5459026297611667,"panji.maheswara,.s.i.kom788@outlook.com","Gang Cempaka No. 3, Gorontalo, PB 33774",9953410048962483
803,Ade Astuti,M,1978-11-01,3203010111786554,088570165627,121572312524,5135256008589495,ade_astuti@outlook.com,"Jl. Erlangga No. 4, Padang Sidempuan, JA 24426",9925196366325671
804,Winda Nuraini,F,1996-09-27,3174016709965563,08145353131,7059934232210,5412944314140873,windanuraini228@yahoo.co.id,"Gang H.J Maemunah No. 734, Meulaboh, Kepulauan Riau 73720",9975526749124202
805,"Jayeng Winarno, S.H.",F,1997-05-21,7102016105972477,+628592116823,918100962426578,6011963558774524,"jayeng_winarno,_s.h.219@ymail.com","Gang M.T Haryono No. 14, Tidore Kepulauan, Riau 19134",9930222996048003
806,Praba Winarsih,M,1968-10-28,5103012810682443,087742253511,9050345538,5582872047676662,prabawinarsih@ymail.com,"Jl. Asia Afrika No. 86, Ambon, Sulawesi Utara 21464",9952114280964172
807,Rini Pangestu,F,1992-10-18,6101015810927320,08230753136,25262107414,6011430106144520,rinipangestu808@hotmail.com,"Gg. Waringin No. 3, Madiun, BT 57385",9953892252327426
808,Putri Budiyanto,F,1981-11-03,3105014311813499,082211533349,7970100343,5249975858618889,putri.budiyanto858@ymail.com,"Jl. Tubagus Ismail No. 376, Bima, Sulawesi Tengah 33351",9917556580368013
809,Vega Rahmawati,M,1957-03-10,3175011003576003,081494376382,133122239548,4704731483687472,vega_rahmawati741@hotmail.com,"Gang Laswi No. 539, Bekasi, BB 07482",9974600630491098
810,"Titi Ardianto, M.Kom.",M,1990-09-15,3274011509906598,083356007622,2282193868,5178472643933043,"titiardianto,m.kom.798@ymail.com","Jalan Dipatiukur No. 9, Samarinda, Kepulauan Riau 65578",9990210364905551
811,Okta Kuswoyo,M,1992-10-16,3173011610926592,+6283804853123,458498118465,4242106378170485,oktakuswoyo@outlook.com,"Jl. Jamika No. 023, Dumai, Jawa Barat 70739",9998090863377763
812,Olga Putra,M,1962-06-23,3272012306626731,+6287858594219,23636597276,5368777593586138,olga_putra92@hotmail.com,"Jalan Cikutra Timur No. 760, Medan, BT 61123",9993829164896228
813,Cici Fujiati,M,1959-03-02,3401010203593606,+628858842672,86150011,4391548044236477,cicifujiati@hotmail.com,"Gang Cihampelas No. 989, Palopo, Sulawesi Selatan 97454",9992338787206062
814,"Wirda Damanik, S.Kom",M,1987-12-14,3272011412870042,088316479049,673806799,5373672096102375,"wirda.damanik,.s.kom443@yahoo.co.id","Gang Dipatiukur No. 1, Banjarbaru, KI 87692",9934411196643027
815,Kawaya Pradipta,M,1958-01-24,3402012401588339,083324597155,427701154917732,5560968568888617,kawaya.pradipta951@ymail.com,"Jl. Moch. Toha No. 8, Makassar, Sumatera Utara 44582",9938211382229016
816,Irsad Lestari,F,1999-12-06,6101014612996202,089933644702,8676596458,5366949471553473,irsad_lestari885@gmail.com,"Jl. M.T Haryono No. 971, Tebingtinggi, DKI Jakarta 72450",9999866679801037
817,Purwadi Dongoran,M,1956-12-30,3202013012560386,08327729084,63945037548078,4538338569329131,purwadi_dongoran616@hotmail.com,"Gg. Jend. A. Yani No. 9, Bau-Bau, Kalimantan Selatan 17850",9916036683314569
818,"Rahmi Dongoran, S.E.I",F,1997-09-25,3172016509977778,+6285730415063,151026583879,5333467464660336,"rahmi.dongoran,.s.e.i926@yahoo.co.id","Jalan S. Parman No. 4, Kota Administrasi Jakarta Selatan, JI 82998",9997164516052718
819,Putri Hutagalung,F,1980-12-15,3202015512801827,+628780941010,707819516484977,5473833061443576,putrihutagalung381@outlook.com,"Jalan Raya Setiabudhi No. 70, Pangkalpinang, Bali 90043",9993041165894232
820,"Ganep Irawan, S.I.Kom",M,1975-08-14,3303011408750376,08316027068,80718129236139,4237745998413377,"ganep_irawan,_s.i.kom958@gmail.com","Gang Ahmad Yani No. 362, Pekanbaru, KI 50542",9981076097045813
821,Titi Gunarto,M,1997-08-11,5103011108979483,08226510640,938478483034857,5165404492728099,titi.gunarto@outlook.com,"Gg. Laswi No. 699, Solok, Nusa Tenggara Timur 98221",9981222666000461
822,"Dt. Wisnu Maheswara, S.Sos",M,1958-06-28,3501012806584200,08586785984,188959303207,5556052699015238,"dt.wisnumaheswara,s.sos@ymail.com","Gg. Medokan Ayu No. 4, Purwokerto, SU 38363",9994181133863726
823,Heru Santoso,F,1983-09-28,3501016809833209,08579235654,17991540273,5101295318500426,heru.santoso@gmail.com,"Jl. Surapati No. 4, Pematangsiantar, Maluku 42036",9927779090904438
824,Gading Nuraini,M,1996-01-23,3301012301968657,08529305484,95779739824,6011553815182726,gadingnuraini@outlook.com,"Gg. Pasir Koja No. 706, Sorong, PB 55402",9948632937900645
825,Najam Wulandari,M,1976-12-27,3401012712761614,088225576881,1308196954487,5315048849150893,najam.wulandari671@hotmail.com,"Gg. Kebonjati No. 0, Parepare, PB 64489",9915777978618757
826,Dr. Vero Damanik,M,2007-01-19,3303011901070439,089795559355,182277547,6011777459254129,dr..vero.damanik527@yahoo.co.id,"Jalan Stasiun Wonokromo No. 8, Kota Administrasi Jakarta Utara, Nusa Tenggara Barat 79050",9950599688157620
827,"Asmianto Siregar, S.H.",M,1970-11-08,5102010811709768,08990704559,774166239567,4255935027674905,"asmianto_siregar,_s.h.@yahoo.co.id","Gg. Kebonjati No. 4, Tarakan, Jambi 32111",9931539199700258
828,Paramita Hastuti,F,1993-08-15,3101015508937909,083831451341,15455834,5259556216833572,paramitahastuti994@outlook.com,"Jl. Kutai No. 373, Padang, Maluku Utara 06011",9917595688208768
829,Drs. Najwa Simbolon,F,2004-10-16,3171015610044941,+628238604317,8852197933686,4931608988850103,drs._najwa_simbolon@ymail.com,"Gang M.H Thamrin No. 8, Balikpapan, KB 00915",9923065626719721
830,Kunthara Mahendra,M,1997-04-04,3402010404973353,08162640093,49637902038,5478218893844786,kunthara.mahendra771@outlook.com,"Gang Waringin No. 7, Tegal, Lampung 60936",9966884403483453
831,"Tgk. Cahyanto Hakim, S.Pt",M,1975-01-29,3203012901752214,08114812426,526440478327966,5179581877449923,"tgk._cahyanto_hakim,_s.pt398@gmail.com","Gg. Dr. Djunjunan No. 4, Kediri, RI 50926",9946206359009697
832,"R. Gasti Sudiati, M.Ak",F,1965-09-22,3105016209659324,+628781556642,126908964966,5381182292324680,"r._gasti_sudiati,_m.ak@gmail.com","Gg. Pelajar Pejuang No. 56, Bekasi, Kepulauan Bangka Belitung 42886",9975821346863605
833,Radit Utama,M,2006-01-03,3274010301067963,088506138674,8830455965765,6011786800551267,raditutama767@outlook.com,"Gg. Suniaraja No. 60, Binjai, Jawa Barat 00308",9999950621660472
834,Kayla Widodo,F,2002-12-31,3202017112023520,08952705614,4442004218674,5315203519198502,kayla_widodo419@gmail.com,"Jalan Erlangga No. 531, Yogyakarta, Kalimantan Tengah 55068",9941496006356182
835,Queen Kurniawan,F,1984-12-04,7301014412845235,08214322987,42790423381060,5589170052291849,queen_kurniawan471@ymail.com,"Jalan Wonoayu No. 844, Binjai, KU 80873",9960927172828790
836,Jati Widiastuti,M,1973-09-17,3303011709732175,08992599611,68304077513,4610922168974530,jati_widiastuti113@outlook.com,"Jl. Moch. Ramdan No. 5, Banjarbaru, Gorontalo 70908",9931813427533025
837,Ir. Titin Haryanto,M,1975-02-05,3204010502754028,08237431266,12336165580624,5355526720367026,ir._titin_haryanto742@gmail.com,"Jl. Cihampelas No. 92, Tomohon, SR 48997",9911082364899844
838,T. Cakrabuana Nasyiah,F,1960-01-20,3602016001609009,08816905711,916793235,6011393305484950,t..cakrabuana.nasyiah892@hotmail.com,"Jl. Rumah Sakit No. 1, Banda Aceh, SS 99323",9991863976588231
839,"R.A. Ida Megantara, S.Farm",F,1961-01-23,3104016301612381,08510242646,6190204115488,4510933465336337,"r.a..ida.megantara,.s.farm324@hotmail.com","Jalan Stasiun Wonokromo No. 26, Palu, SR 72348",9952596196733447
840,"Ghaliyati Nurdiyanti, M.Ak",M,2006-02-19,5101011902060868,+6281116437702,147012592833971,5385681769750598,"ghaliyati.nurdiyanti,.m.ak@ymail.com","Jalan M.T Haryono No. 804, Malang, Sulawesi Barat 29965",9914295993706321
841,"KH. Cakrajiya Waskita, M.Farm",M,1956-10-29,3174012910565688,08326983317,57089440654525,5435707650946204,"kh._cakrajiya_waskita,_m.farm551@outlook.com","Gang Dipatiukur No. 6, Malang, SR 30876",9973355845503431
842,"Hj. Dalima Nainggolan, M.TI.",M,1960-07-07,3102010707606729,08126118680,46091949,4817003276280588,"hj._dalima_nainggolan,_m.ti.477@outlook.com","Gg. Kebonjati No. 68, Kendari, MA 00273",9917004167789861
843,"Simon Mulyani, S.Farm",M,1955-04-07,3203010704559645,08986821195,56077359569192,5105135639748921,"simon_mulyani,_s.farm@outlook.com","Jl. Gardujati No. 83, Bau-Bau, KS 00168",9924896479561317
844,"Estiawan Hutapea, S.Pd",F,1958-03-27,5101016703584353,088373581821,587477935995843,5435699971252015,"estiawanhutapea,s.pd@outlook.com","Gg. Tubagus Ismail No. 839, Sukabumi, Sulawesi Barat 05344",9945772319004370
845,Maida Handayani,F,1956-02-13,3175015302562437,+6283319196993,13138783056,5428753355262026,maidahandayani692@ymail.com,"Jl. Cihampelas No. 662, Malang, BA 77602",9979097245328288
846,Puti Vivi Saptono,F,1985-09-29,5102016909858261,+628522826993,2739222931778,5350394750557773,putivivisaptono81@hotmail.com,"Jalan Kebonjati No. 373, Blitar, Maluku Utara 23561",9920437646015433
847,Jaiman Anggriawan,M,1980-06-09,3301010906803469,085935381157,8209480369,5557562943391681,jaiman_anggriawan912@gmail.com,"Jl. Rungkut Industri No. 061, Tomohon, Sulawesi Selatan 85277",9983305671103900
848,Keisha Maheswara,F,1984-09-13,3302015309840272,+6283839441010,849354921018188,5596991329357531,keishamaheswara@gmail.com,"Jalan Otto Iskandardinata No. 4, Kota Administrasi Jakarta Selatan, Bengkulu 95026",9955728899707665
849,Rendy Kuswoyo,F,1971-02-02,3173014202713091,+6285956016426,6462021354692,5139407173434662,rendy.kuswoyo941@hotmail.com,"Jalan Moch. Toha No. 34, Mojokerto, SU 27782",9917128193974311
850,Aditya Marpaung,F,2004-08-18,3174015808044094,08830795163,512022417,5261680956418544,aditya.marpaung@yahoo.co.id,"Jl. Medokan Ayu No. 486, Samarinda, Nusa Tenggara Barat 97363",9965179312091075
851,Sutan Taufik Latupono,F,2002-06-13,3171015306022302,088391565817,678290524,5422191142999487,sutan.taufik.latupono@hotmail.com,"Jalan Sadang Serang No. 970, Tanjungpinang, Sulawesi Selatan 17706",9940451679295705
852,Gilda Waskita,F,2001-09-13,3502015309019458,08554265201,27402098,5544698886659489,gilda.waskita@outlook.com,"Jalan Sukabumi No. 2, Surabaya, Jawa Timur 35521",9994425310094215
853,"Taufan Wahyuni, S.I.Kom",M,2008-10-15,3201011510086318,+6289891644915,2801130852,5115682342840220,"taufanwahyuni,s.i.kom898@outlook.com","Jalan Pasirkoja No. 92, Pematangsiantar, Kalimantan Barat 92596",9977076192465820
854,"Drs. Xanana Gunarto, M.Pd",M,2007-07-14,3201011407072591,08115342386,87604293,5598766740877218,"drs..xanana.gunarto,.m.pd460@yahoo.co.id","Gang R.E Martadinata No. 220, Bandung, KI 94842",9951110540010944
855,dr. Zulfa Suryatmi,M,1971-04-24,3172012404713951,08565109724,6426541689,5539276398523817,dr.zulfasuryatmi@outlook.com,"Gang Cihampelas No. 8, Tomohon, Banten 15238",9936979473172512
856,Natalia Napitupulu,M,1976-11-25,5101012511769000,08967042357,28995931169,5421353470507072,natalia_napitupulu@ymail.com,"Gang Sukabumi No. 917, Singkawang, Sumatera Barat 82996",9989702986006383
857,"Zulfa Mangunsong, S.E.I",F,1982-07-11,3502015107823242,083168662138,6194845422595,5213305915419634,"zulfamangunsong,s.e.i706@gmail.com","Jalan H.J Maemunah No. 5, Padang, KB 50405",9924005530715210
858,Kezia Safitri,M,1996-01-05,3601010501968158,085913636590,1417372234267,6011870323812814,kezia_safitri@hotmail.com,"Jl. Tebet Barat Dalam No. 248, Tidore Kepulauan, NB 44286",9955057424412459
859,Faizah Mandala,M,1980-02-02,3175010202801157,081559637311,41088623065,6011940038180364,faizah_mandala561@gmail.com,"Jl. KH Amin Jasuta No. 894, Jayapura, KS 56241",9915268539789219
860,Fitria Nasyidah,M,1992-03-04,3176010403921110,+628824140817,716878732149,5497032043474333,fitria_nasyidah@gmail.com,"Gg. Sukajadi No. 926, Tanjungbalai, KI 89513",9967892050531532
861,R. Kurnia Wijaya,F,2001-09-04,3271014409010738,+6281260104131,6794207223956,6011721761898984,r._kurnia_wijaya733@outlook.com,"Gg. M.T Haryono No. 68, Banda Aceh, MU 44303",9977007603786550
862,Puti Samiah Mulyani,F,1971-10-08,3402014810711042,085671239818,82048730451,5445586817341884,putisamiahmulyani32@ymail.com,"Gang Jend. A. Yani No. 385, Kota Administrasi Jakarta Timur, Banten 53641",9966679211608574
863,Cici Simbolon,F,1972-10-10,3173015010724063,085175859391,4620544933927,4954063856702077,cicisimbolon77@yahoo.co.id,"Jl. Jend. Sudirman No. 93, Parepare, SU 36750",9988660000887428
864,Tgk. Zulfa Maryadi,F,1956-01-29,3103016901560904,083155354407,87888922100720,5209471124617577,tgk.zulfamaryadi@hotmail.com,"Jl. Setiabudhi No. 769, Tanjungpinang, Sumatera Utara 80927",9913237923116028
865,Diah Prakasa,F,1955-07-29,7301016907557005,089518644262,804986711018,5370332570443071,diah.prakasa138@outlook.com,"Jl. Rumah Sakit No. 6, Banjarmasin, MU 78744",9969552553690641
866,Jumadi Sirait,F,2001-10-16,3202015610019843,08210438177,5692470481,4301864323145657,jumadi.sirait@yahoo.co.id,"Gang Siliwangi No. 94, Pekalongan, JB 91165",9961679038152340
867,"Cut Azalea Gunarto, S.E.I",M,1956-07-31,5102013107560932,08124374325,505362512311541,5511902060713690,"cut.azalea.gunarto,.s.e.i@hotmail.com","Jl. Ciumbuleuit No. 215, Batam, KT 55708",9928098438749846
868,"Irwan Puspita, S.E.",M,1966-03-26,3271012603665068,08176735384,7116159994426,6011184553758261,"irwanpuspita,s.e.131@gmail.com","Gang M.T Haryono No. 9, Meulaboh, Sumatera Barat 73677",9924983138829210
869,Syahrini Zulkarnain,F,1994-01-21,3301016101940515,08162358593,45288050,6011750781973546,syahrini_zulkarnain@hotmail.com,"Gg. Monginsidi No. 2, Kotamobagu, Kalimantan Tengah 83281",9949475821094113
870,Raihan Haryanto,F,1995-01-05,5103014501958007,089944964930,106069882648,5327553779385463,raihan.haryanto@yahoo.co.id,"Jl. Medokan Ayu No. 91, Metro, Aceh 83647",9913114372197907
871,"Puspa Hariyah, S.I.Kom",F,1963-11-10,3172015011637665,+6281545396016,34707926251,5574316032503940,"puspa.hariyah,.s.i.kom691@hotmail.com","Gang M.T Haryono No. 1, Cirebon, Kalimantan Barat 77545",9931753742340246
872,Novi Mansur,F,1985-07-24,7301016407859392,08313617949,649595781273,5517427183224025,novi.mansur@outlook.com,"Gg. Ir. H. Djuanda No. 1, Metro, KU 60827",9928205997972008
873,"Jarwadi Natsir, S.Pt",F,2007-01-26,3501016601071678,+6289840404655,9638110502,5528920745952821,"jarwadi_natsir,_s.pt799@outlook.com","Gg. Lembong No. 9, Bandar Lampung, MU 22999",9935693666493473
874,Ella Januar,M,1966-10-09,3105010910665216,08173732783,2510026077,6011214348696531,ella_januar70@hotmail.com,"Gg. Moch. Toha No. 8, Kendari, JI 53983",9944988849727076
875,Hasna Agustina,M,1972-07-02,3172010207725835,+628168983187,1793377312973,5214850275908264,hasnaagustina@gmail.com,"Gang Merdeka No. 643, Samarinda, Nusa Tenggara Barat 49791",9918274716185616
876,Rahmi Padmasari,F,1964-12-15,3101015512642832,+6281212189452,7023315998751,5357903230888061,rahmi.padmasari908@gmail.com,"Jl. Cempaka No. 205, Surakarta, SG 13752",9957319651245492
877,Dr. Dimaz Mustofa,M,1986-07-05,3102010507864583,08520078867,658509591450497,5136694627286511,dr.dimazmustofa@hotmail.com,"Jl. Siliwangi No. 08, Cirebon, Banten 48797",9915536789802338
878,Drs. Ismail Tampubolon,F,1983-03-21,3274016103839068,081804621764,494166740788,5569858574911068,drs.ismailtampubolon831@outlook.com,"Jalan Moch. Toha No. 8, Banjarmasin, Banten 04436",9931284316482772
879,"Ir. Zulaikha Pertiwi, S.Psi",F,1990-01-24,3204016401901502,088293978953,22493164,5298243780470402,"ir._zulaikha_pertiwi,_s.psi@outlook.com","Gg. Jamika No. 910, Sukabumi, Jawa Timur 01437",9919609321717562
880,"Drs. Febi Hakim, M.Ak",F,1970-03-07,3402014703706454,081692032735,356721230,4857895915324256,"drs._febi_hakim,_m.ak@gmail.com","Gang Ciwastra No. 971, Bontang, Riau 22132",9985950399209892
881,"Wahyu Haryanti, S.Farm",M,1961-08-02,3303010208618047,+628846903034,75329856849,5597707060074617,"wahyu_haryanti,_s.farm@yahoo.co.id","Jl. Rungkut Industri No. 1, Binjai, PB 12201",9972650137673448
882,Ivan Mansur,M,1988-07-22,3174012207884552,+6282344368716,721577405458661,5424874142785314,ivan_mansur112@yahoo.co.id,"Jl. Wonoayu No. 3, Kupang, KS 65380",9939164624373808
883,Sadina Widiastuti,F,1990-11-14,3103015411901347,08153399821,17132044,5445677154176604,sadina_widiastuti324@ymail.com,"Gg. Jend. Sudirman No. 140, Sorong, SU 50952",9991167282693863
884,Keisha Mahendra,M,1963-04-27,3273012704636585,085976776576,860852085296,5255217504998875,keishamahendra138@yahoo.co.id,"Gang Sukabumi No. 039, Blitar, Sumatera Barat 13712",9960747048731395
885,Kani Pudjiastuti,F,1970-02-01,3203014102702323,+628156185069,486400672466390,5121430318393304,kani.pudjiastuti@ymail.com,"Gang Gegerkalong Hilir No. 041, Bandar Lampung, JT 06159",9966362947962064
886,Kalim Lailasari,F,1963-12-16,3202015612638221,+6288458755245,25143697457835,4798387135566963,kalim.lailasari@ymail.com,"Jl. Cempaka No. 1, Pagaralam, BA 32248",9960017364488646
887,Gangsa Simanjuntak,F,1990-04-26,3202016604901119,08985601999,34694762936842,5385179736799018,gangsa.simanjuntak135@gmail.com,"Jl. Peta No. 301, Singkawang, PA 79756",9954026078311141
888,Sarah Haryanto,M,2003-06-09,3171010906033079,088421215190,7244622016566,5139350824326258,sarah.haryanto@hotmail.com,"Gang Peta No. 23, Pariaman, GO 47601",9943075605395606
889,Pranawa Lazuardi,M,1957-08-05,5103010508575143,+6287714202484,1745093328099,5470244043109079,pranawa_lazuardi@yahoo.co.id,"Jl. Tubagus Ismail No. 3, Palopo, Riau 17268",9956238233547897
890,Kariman Kuswoyo,M,1957-07-06,3176010607578012,+628997655476,8573554814,5312666153939299,kariman_kuswoyo184@gmail.com,"Jl. Kutai No. 150, Bau-Bau, KS 67130",9929541380796659
891,Ganda Hutapea,M,1980-02-27,3401012702800965,08514339062,9247733912990,5171912759395577,gandahutapea@hotmail.com,"Gang Rajiman No. 36, Binjai, Kalimantan Selatan 09625",9935442536034901
892,Ir. Garang Hassanah,M,1983-12-04,3272010412836905,08160659100,464364443296,5414220072276838,ir._garang_hassanah161@ymail.com,"Gang Astana Anyar No. 180, Dumai, KS 27466",9981393640197076
893,Bahuwirya Thamrin,F,1978-10-19,7102015910785237,+628990933853,10632586,5577546586172842,bahuwirya_thamrin@yahoo.co.id,"Gg. Asia Afrika No. 046, Pagaralam, Gorontalo 59011",9948591523666753
894,Dr. Salwa Hastuti,F,1957-12-10,3105015012573609,081665684154,61757351851,6011769659596568,dr..salwa.hastuti@yahoo.co.id,"Jl. Suryakencana No. 93, Tasikmalaya, Kepulauan Riau 53152",9931596447520037
895,Ir. Olivia Firgantoro,M,1957-06-30,3502013006574458,+6288321092225,657953723766,4414264302970818,ir..olivia.firgantoro810@yahoo.co.id,"Gang KH Amin Jasuta No. 137, Tangerang Selatan, JA 69841",9993082615906032
896,Cinthia Maryadi,M,1977-05-26,3175012605770265,+6285524392295,728407695390,5478347679007820,cinthia_maryadi311@outlook.com,"Jalan Rajiman No. 94, Kediri, Kalimantan Barat 62389",9965190246182483
897,Ir. Calista Suryatmi,F,1987-05-08,3301014805879208,085709438682,1855925629726,5392325727346899,ir.calistasuryatmi170@gmail.com,"Gg. Jend. A. Yani No. 20, Pangkalpinang, BE 82116",9975795765718435
898,Mitra Widiastuti,M,1958-03-06,3104010603583948,081766610514,28068628868879,5144940395186950,mitra_widiastuti@yahoo.co.id,"Jl. Moch. Toha No. 99, Bontang, Jambi 70889",9952179444539077
899,"Kacung Dabukke, S.Pt",F,2007-04-20,3174016004079199,08843183801,57691237793,5598012201631853,"kacung.dabukke,.s.pt@yahoo.co.id","Jalan Jamika No. 758, Samarinda, ST 70820",9991618296294911
900,Puput Gunawan,M,1999-01-20,3402012001992489,08563363140,2270231896,5320129590317751,puput_gunawan@gmail.com,"Gang Otto Iskandardinata No. 236, Langsa, RI 12879",9910801866770286
901,Limar Winarsih,M,1969-10-24,3272012410697585,083332448343,251547469117087,4272820400938080,limarwinarsih207@ymail.com,"Gang Indragiri No. 7, Kota Administrasi Jakarta Timur, BT 31419",9926048753093291
902,Maria Gunawan,M,1978-01-30,3105013001782749,085200593241,6276252021,5111679542832675,mariagunawan@gmail.com,"Gg. Peta No. 8, Magelang, PB 17962",9972759783944367
903,Timbul Suartini,M,1971-01-10,3175011001717095,089829025153,367302209941,5353040531984102,timbulsuartini@outlook.com,"Gang R.E Martadinata No. 496, Kota Administrasi Jakarta Timur, ST 21702",9910370740412660
904,Harsana Megantara,F,1985-06-30,6101017006855242,081567703784,108307644058355,5501727279732820,harsanamegantara@ymail.com,"Gg. Pelajar Pejuang No. 8, Ambon, Sumatera Selatan 48688",9943251240702062
905,Tasnim Fujiati,M,1967-07-10,3171011007675915,08512134063,29905024,4651174711706489,tasnim_fujiati962@ymail.com,"Gang Jakarta No. 7, Pagaralam, Bali 14131",9988269380392257
906,"H. Drajat Tamba, M.Ak",F,1986-11-19,3104015911861468,081507904481,111456767,5361952496017091,"h..drajat.tamba,.m.ak@outlook.com","Jalan Moch. Ramdan No. 760, Denpasar, Kalimantan Utara 45881",9953123284839244
907,"H. Ajimin Marbun, S.I.Kom",F,1976-11-04,3271014411767917,08982238045,882772532095,5592848987358726,"h._ajimin_marbun,_s.i.kom@ymail.com","Jalan Pasirkoja No. 916, Sungai Penuh, BT 44096",9936766019764790
908,Jarwadi Laksmiwati,M,1976-12-03,3303010312767744,08124093986,94648442739,5435652391886765,jarwadi.laksmiwati@outlook.com,"Jalan R.E Martadinata No. 0, Pangkalpinang, Jawa Tengah 41746",9956932176782647
909,Pandu Prasetyo,M,1983-02-16,3201011602835108,081120166334,521563452,6011636288623350,pandu_prasetyo33@hotmail.com,"Gang Pasirkoja No. 6, Tanjungpinang, RI 48694",9961201449076565
910,"Puti Jane Siregar, M.Farm",F,1992-05-26,3175016605925022,085642111754,595742188424,5338151291164799,"puti.jane.siregar,.m.farm924@outlook.com","Jl. Gedebage Selatan No. 2, Banjarmasin, SU 36051",9935053782362312
911,Indra Zulaika,F,1959-01-05,3103014501594149,08975399875,630075145,5518347923057824,indra_zulaika@gmail.com,"Jalan Veteran No. 36, Bengkulu, Sumatera Selatan 55906",9922917127766952
912,Ajiono Riyanti,M,1981-06-06,3202010606816628,08597862430,560669610,5396374912187907,ajiono_riyanti@outlook.com,"Gang Jend. Sudirman No. 466, Ternate, SN 76056",9947472613597347
913,Reza Saragih,F,1969-05-14,3272015405695735,08111250231,50272898,5383212086149849,reza.saragih@outlook.com,"Gang Cempaka No. 80, Lhokseumawe, MU 38906",9965596713018804
914,"dr. Hana Waskita, S.Sos",F,1962-04-12,3701015204628279,+628170014144,17372386159528,5559947576379829,"dr.hanawaskita,s.sos@hotmail.com","Gang PHH. Mustofa No. 165, Kediri, Bengkulu 62212",9980215475656661
915,Yoga Hartati,F,1963-06-06,5102014606639844,+628846760741,58150439035,6011602858696600,yogahartati@hotmail.com,"Gang Surapati No. 591, Bandar Lampung, GO 24115",9965284463622150
916,"Drs. Yulia Ramadan, M.Pd",M,2004-05-23,5103012305045352,+628231018426,7441802459,5208593565352432,"drs._yulia_ramadan,_m.pd792@ymail.com","Jl. Dr. Djunjunan No. 98, Pariaman, SB 31299",9915357245216171
917,Maimunah Budiman,F,2002-11-13,3601015311025940,+6287737485251,9467901752279,6011294965239673,maimunah_budiman@yahoo.co.id,"Gg. Pasirkoja No. 612, Cimahi, BE 84375",9957770846794226
918,Tami Rahmawati,F,1967-07-10,3173015007677171,+628118415912,67538513976352,5446142620408529,tami.rahmawati@yahoo.co.id,"Gang KH Amin Jasuta No. 548, Lhokseumawe, JB 83854",9920726284038946
919,"T. Asirwada Firmansyah, S.Farm",M,1974-10-05,7101010510749812,088137282659,48041917160,5133085441843660,"t..asirwada.firmansyah,.s.farm@gmail.com","Gang Suryakencana No. 52, Batu, JA 32748",9995133254584106
920,"Uchita Lestari, M.Ak",M,1988-05-29,3272012905883646,08992109367,87773657645545,5403481954351100,"uchita.lestari,.m.ak@ymail.com","Gang Laswi No. 427, Bandar Lampung, Kalimantan Selatan 21750",9962279695417755
921,Rama Hidayat,M,1990-08-02,3201010208900808,08843331351,6070264062606,5341514487621643,ramahidayat251@yahoo.co.id,"Gg. Rumah Sakit No. 3, Meulaboh, KI 88249",9991475063505189
922,Zizi Pradana,F,2003-06-24,3201016406030894,081606957252,4589377125,5428488919949512,zizi_pradana695@ymail.com,"Jl. Monginsidi No. 677, Pekanbaru, YO 52444",9919460019277605
923,Hana Saptono,F,2004-09-19,3302015909046449,+6281964523900,3428678554701,5497795014670930,hana_saptono@hotmail.com,"Gg. Cikutra Timur No. 99, Palopo, GO 53912",9916257353734842
924,Dr. Mitra Rajasa,M,1984-03-10,6101011003840457,+6282117707346,26134079921,5345752754283282,dr._mitra_rajasa502@gmail.com,"Jl. Rajawali Timur No. 79, Pariaman, GO 72463",9959971770422196
925,Setya Rahimah,M,1957-03-06,3602010603576411,08835571556,768940936,5536460595516114,setya.rahimah213@outlook.com,"Gg. Gegerkalong Hilir No. 839, Cilegon, SU 39121",9936444045590185
926,"Kunthara Mandasari, S.Ked",M,2008-06-02,3176010206084273,08328256961,369748697,5448798963196309,"kunthara_mandasari,_s.ked166@gmail.com","Jl. M.T Haryono No. 0, Cimahi, JT 01023",9964701583373332
927,Agus Haryanto,M,1964-09-13,3103011309645695,082342301274,27631919,6011863708553603,agus_haryanto@yahoo.co.id,"Gang Gardujati No. 089, Tasikmalaya, PB 08143",9911697339499528
928,"R. Edward Halim, S.H.",F,1975-05-03,3104014305755707,+6289535775694,204003273032,5282746352356110,"r.edwardhalim,s.h.@gmail.com","Jl. Kutai No. 0, Kota Administrasi Jakarta Utara, SR 35469",9944179200885597
929,"Paiman Januar, S.Gz",M,1972-04-18,3602011804729547,087821853111,9177903666,5336947281326592,"paimanjanuar,s.gz287@gmail.com","Gg. Surapati No. 054, Tidore Kepulauan, Papua Barat 15006",9938296071304384
930,"Harsaya Anggraini, S.T.",F,1978-08-02,3174014208782835,08183753531,5527567195,4305687807126523,"harsaya_anggraini,_s.t.870@ymail.com","Gg. Soekarno Hatta No. 11, Kotamobagu, Aceh 85169",9920168780171325
931,Tgk. Vera Safitri,F,1999-05-20,3102016005999821,+628828820151,876491361657652,5422619549029481,tgk._vera_safitri595@yahoo.co.id,"Gg. Stasiun Wonokromo No. 668, Kupang, JT 89996",9955014943952251
932,Dr. Violet Budiman,F,1963-10-25,5102016510636706,08383886550,25956783,5139593601941270,dr..violet.budiman426@gmail.com,"Gg. Ahmad Dahlan No. 7, Mataram, Bali 96257",9967669512611882
933,Dr. Keisha Damanik,M,2000-10-12,7101011210008073,08847202033,220996676,5172037344836564,dr._keisha_damanik1@gmail.com,"Jl. Gegerkalong Hilir No. 57, Metro, Aceh 18095",9998513174132914
934,Purwanto Hariyah,M,2005-09-04,3401010409056646,+6287743967705,493164909546887,5530588681025312,purwanto.hariyah@outlook.com,"Jalan Erlangga No. 74, Surakarta, JB 46921",9927984830121286
935,"Raditya Yuliarti, M.Pd",F,1960-06-04,3203014406608116,08820958040,715970001900,5338854673474365,"radityayuliarti,m.pd@ymail.com","Gg. HOS. Cokroaminoto No. 42, Bontang, Sulawesi Utara 89170",9948884934733905
936,Tantri Utama,M,1999-01-06,3105010601991759,+6288396718321,64284251,4190359409429419,tantri.utama322@ymail.com,"Gg. PHH. Mustofa No. 70, Palangkaraya, SS 09225",9992982291900743
937,Nyana Permata,M,1982-01-17,3274011701822286,085867660628,2340399783874,5230818363293972,nyanapermata@outlook.com,"Gg. Merdeka No. 5, Kota Administrasi Jakarta Utara, Bengkulu 23247",9963746156065060
938,R.M. Vega Purwanti,M,2008-10-09,6101010910082734,+6281115481851,278605776,6011771928892038,r.m..vega.purwanti@ymail.com,"Jl. Dipatiukur No. 88, Cilegon, BB 31261",9972478850480593
939,KH. Prasetyo Wahyudin,F,1976-03-30,3701017003764421,081389230360,971924972655713,5349674514537520,kh._prasetyo_wahyudin455@hotmail.com,"Jl. Sentot Alibasa No. 0, Binjai, Papua 92711",9984850620753812
940,Cindy Gunawan,M,1972-03-21,3302012103722286,08951851115,438515764670506,6011809838319343,cindy_gunawan@yahoo.co.id,"Jalan Ahmad Yani No. 300, Batu, SN 00741",9978241702006329
941,Tgk. Putri Simbolon,F,2002-08-02,6101014208027018,08214563338,59524570515,6011578263880324,tgk._putri_simbolon@outlook.com,"Gg. Tubagus Ismail No. 8, Padang Sidempuan, NT 94471",9963133421267407
942,"Clara Oktaviani, M.TI.",M,1977-07-15,7101011507776385,+6281597476237,5787268193192,5194123280625396,"clara_oktaviani,_m.ti.@ymail.com","Gg. Jayawijaya No. 310, Magelang, Banten 58963",9948643369230017
943,Jarwa Sihombing,F,1992-03-07,3402014703924559,+628225883140,66303282673,5249047986571681,jarwasihombing731@yahoo.co.id,"Gang Ahmad Dahlan No. 526, Padang, Kepulauan Riau 06739",9937397993143889
944,"Hafshah Salahudin, M.Pd",M,1984-10-19,3402011910840978,+6288328685643,18823092587289,6011467363163306,"hafshahsalahudin,m.pd301@gmail.com","Gg. Moch. Ramdan No. 46, Probolinggo, Bengkulu 50774",9976018385237370
945,Karen Hassanah,M,1993-04-07,3502010704932495,08823364908,849116343031,4166366228455411,karen_hassanah@ymail.com,"Gg. Suniaraja No. 392, Serang, BT 51074",9956624600141170
946,"Limar Jailani, S.H.",F,1994-08-31,3501017108942495,+6281511084861,10260469017495,5189162441066784,"limarjailani,s.h.295@outlook.com","Gg. S. Parman No. 19, Bontang, Nusa Tenggara Barat 76022",9930761131933153
947,Tina Safitri,M,1989-06-09,3602010906895721,+628214238935,171107298502,5105066714853338,tina.safitri@hotmail.com,"Gang Ciwastra No. 2, Bau-Bau, JB 75950",9990910548482710
948,"drg. Vanya Hardiansyah, S.Pt",F,1955-10-13,3401015310554186,+628229824922,9815208952,4768012696250505,"drg._vanya_hardiansyah,_s.pt@yahoo.co.id","Jalan K.H. Wahid Hasyim No. 94, Subulussalam, NB 74071",9994464474822115
949,"Fitriani Mustofa, M.M.",M,1996-07-09,3274010907969844,+628190325027,33838440376543,5499428580330862,"fitrianimustofa,m.m.@hotmail.com","Jalan Moch. Ramdan No. 1, Balikpapan, Riau 93403",9967907139771331
950,Puti Ade Setiawan,M,1992-06-22,3176012206929680,081305048715,2823772109074,5247939117174000,puti.ade.setiawan728@hotmail.com,"Jl. W.R. Supratman No. 894, Batu, MA 35992",9984291743617385
951,Jelita Prasasta,F,2007-01-16,7101015601076491,087837449666,336604741208180,5168938252894049,jelita.prasasta@hotmail.com,"Jl. Siliwangi No. 10, Padang Sidempuan, SB 06968",9966595286427561
952,dr. Nasim Farida,M,1958-05-21,3176012105586487,087875266848,26367817524,6011813537642986,dr..nasim.farida@gmail.com,"Jl. Ronggowarsito No. 4, Tasikmalaya, KT 94495",9960371282292598
953,Ade Wijaya,M,2001-10-02,3402010210012223,08388853298,50114997475,5273770499096782,ade.wijaya618@hotmail.com,"Jalan Rumah Sakit No. 03, Subulussalam, NT 17365",9957342824014311
954,Fitria Suwarno,F,1968-12-26,3701016612683818,08330340573,99108041756943,4721887716991659,fitriasuwarno@yahoo.co.id,"Jalan Indragiri No. 292, Jayapura, Maluku 11009",9944795291775194
955,Zalindra Wastuti,F,1957-05-12,3271015205571946,081385786712,381829127898852,5299196084158555,zalindra.wastuti@gmail.com,"Jl. KH Amin Jasuta No. 8, Pekanbaru, Kepulauan Bangka Belitung 02116",9940186224587973
956,Putu Mansur,F,1976-05-30,3601017005763330,085259670716,581440004075,5302310640797297,putu_mansur@yahoo.co.id,"Gang Rumah Sakit No. 8, Madiun, Kalimantan Barat 29964",9989069201061983
957,Daru Permadi,F,1964-04-03,3301014304642521,08984497992,2973665475878,5537105392590677,daru_permadi124@yahoo.co.id,"Jl. Erlangga No. 58, Batu, BB 70920",9966477594654130
958,Bakijan Situmorang,M,2004-03-17,3273011703047791,+628190402560,416677527,6011071279717633,bakijansitumorang981@gmail.com,"Jl. Kebonjati No. 21, Batam, Nusa Tenggara Timur 89705",9935113943498097
959,Cici Kusumo,F,1985-10-01,3102014110859331,+6281238817676,8025431639,4584647256046789,cici.kusumo@yahoo.co.id,"Gang M.H Thamrin No. 1, Salatiga, SG 21688",9997305672131062
960,Pardi Sirait,M,1957-08-11,3502011108571762,087702613409,412206676654053,5524216943532869,pardi.sirait@hotmail.com,"Jl. M.H Thamrin No. 92, Cirebon, Sumatera Selatan 54018",9943741554198600
961,"Usyi Kuswandari, S.E.",M,1962-09-01,3303010109627424,+628571367886,6261510705570,5229508687441231,"usyi_kuswandari,_s.e.951@yahoo.co.id","Jl. Kendalsari No. 82, Bogor, Jawa Tengah 41447",9988998699119138
962,"Danuja Mustofa, M.TI.",F,2008-07-13,3101015307086540,085860062551,851937849531273,5245801976213467,"danuja.mustofa,.m.ti.407@outlook.com","Gang Joyoboyo No. 3, Tangerang, Jawa Barat 20304",9955011587738895
963,"Eka Prasetya, S.E.I",M,2005-10-25,3602012510055495,08582247081,24812971,5488408943748124,"eka_prasetya,_s.e.i@outlook.com","Gang Gegerkalong Hilir No. 1, Medan, Kalimantan Selatan 28165",9945148300693921
964,Hafshah Widodo,M,2003-01-28,3171012801038540,081288990580,133405081056,5535869902131161,hafshahwidodo425@outlook.com,"Gg. Kutisari Selatan No. 777, Mojokerto, Gorontalo 21029",9920568352742045
965,"Tasdik Hidayanto, M.Kom.",M,1960-01-20,3204012001607048,089742812598,30749884959126,4920331465657168,"tasdik_hidayanto,_m.kom.363@ymail.com","Jl. Indragiri No. 8, Bitung, BA 38419",9923587694767188
966,Cakrawangsa Purnawati,M,1976-02-12,3172011202764677,08314389641,1862953223072,5287641261395576,cakrawangsa_purnawati329@gmail.com,"Gg. Rajiman No. 805, Sabang, Papua 67063",9938159970253036
967,Bakiadi Pertiwi,M,1993-01-13,3301011301930593,08835442788,306965693,5159627622368312,bakiadi.pertiwi482@yahoo.co.id,"Jalan Rajawali Barat No. 4, Langsa, BT 66349",9945793852751240
968,"Genta Purnawati, S.Farm",M,1996-10-20,7102012010963373,083178022801,206294502694473,6011534143910325,"genta.purnawati,.s.farm@ymail.com","Gang Jend. A. Yani No. 32, Meulaboh, JB 11424",9999672788731367
969,Salwa Mandala,M,1966-11-25,3602012511666915,+6288177201104,94378260187,5379533422539390,salwa.mandala138@yahoo.co.id,"Jalan Dipenogoro No. 8, Prabumulih, SB 96234",9979319759301886
970,"Chelsea Wahyuni, M.Ak",F,2004-03-19,3701015903042974,089845750218,3114846036383,5468788420475981,"chelsea.wahyuni,.m.ak378@outlook.com","Jl. Stasiun Wonokromo No. 32, Palu, KB 05833",9976824334513058
971,Wasis Firmansyah,M,1968-06-20,3501012006689441,08588532025,779467781,5498636139594591,wasis.firmansyah@gmail.com,"Gg. Otto Iskandardinata No. 7, Bandar Lampung, Papua 57694",9988854364073720
972,"drg. Himawan Rahmawati, S.T.",F,1982-03-06,3701014603822834,085701947377,7389654997,5579178220081000,"drg..himawan.rahmawati,.s.t.761@yahoo.co.id","Jalan Bangka Raya No. 97, Mojokerto, PB 16342",9993899678798074
973,Irma Uwais,M,1959-06-25,3502012506592986,08775759514,77108004,5558724227496659,irmauwais@ymail.com,"Gang Monginsidi No. 526, Madiun, Papua 64721",9937919504805330
974,Adinata Hasanah,M,2001-04-19,3401011904011884,08989725123,435367577773,5226587503104979,adinatahasanah95@gmail.com,"Gg. Kutai No. 426, Kotamobagu, BE 89332",9920559079958256
975,"Puti Ilsa Simanjuntak, S.Pd",M,2006-01-09,6101010901060489,08959907466,84721712435668,5530325369525585,"puti_ilsa_simanjuntak,_s.pd746@outlook.com","Gang Merdeka No. 7, Bima, Bali 81785",9955059390446433
976,Wardi Lazuardi,M,2004-11-17,5102011711049179,08237283947,712614993631,6011962756443900,wardilazuardi@ymail.com,"Jalan Stasiun Wonokromo No. 52, Mataram, Kepulauan Riau 68744",9957415738179021
977,"Tirtayasa Wastuti, M.Kom.",F,2000-10-17,3502015710003567,08126362105,50787048113537,5539652729598675,"tirtayasa_wastuti,_m.kom.@hotmail.com","Jalan H.J Maemunah No. 086, Ternate, Jawa Tengah 77729",9951967673965525
978,"Gaman Wasita, S.Kom",M,1978-06-06,5102010606781461,+6281699154827,4313268937,6011460213688413,"gaman_wasita,_s.kom512@gmail.com","Jl. Pelajar Pejuang No. 052, Prabumulih, DI Yogyakarta 55800",9929059747114705
979,Jayadi Zulaika,M,1956-07-30,7101013007564357,081619561765,3355285870,6011630228293351,jayadi.zulaika557@ymail.com,"Gg. K.H. Wahid Hasyim No. 73, Pagaralam, Bali 39136",9980066432022396
980,"Marsito Irawan, M.Kom.",M,1983-10-13,3402011310833177,083147268474,6072831018508,5408756450581055,"marsitoirawan,m.kom.@gmail.com","Jl. Kiaracondong No. 95, Tarakan, Jawa Tengah 20929",9988257060428602
981,"Dr. Violet Prayoga, S.I.Kom",F,1994-06-06,5103014606949741,088147619378,73646533347749,5333792262819152,"dr..violet.prayoga,.s.i.kom@outlook.com","Jalan Moch. Toha No. 227, Tanjungpinang, Kalimantan Selatan 04573",9939095354733463
982,Cager Pradana,F,1997-06-07,3201014706974724,08775219405,57260979,5329145977366092,cagerpradana770@ymail.com,"Gg. BKR No. 61, Purwokerto, SG 82697",9995354378356896
983,Prakosa Mayasari,M,1997-10-04,3701010410974884,08816653978,589557131984449,5316395257477749,prakosa.mayasari@gmail.com,"Jalan Dipenogoro No. 712, Bengkulu, Nusa Tenggara Timur 88217",9941280854997999
984,"Hj. Maya Saptono, M.Pd",F,1991-03-10,6101015003917457,089761918987,932290005905451,5336585405919347,"hj._maya_saptono,_m.pd@hotmail.com","Jalan Raya Ujungberung No. 42, Gorontalo, KT 22801",9927688430891808
985,Hafshah Mangunsong,F,1995-12-13,3273015312952208,08553065335,69759809628,5119608787578824,hafshahmangunsong806@yahoo.co.id,"Jl. Setiabudhi No. 06, Solok, NB 50637",9969802864565946
986,Bagas Yuliarti,M,2001-11-23,3174012311019634,089939836660,955004450729629,5501079322652784,bagas.yuliarti354@outlook.com,"Gang Rajiman No. 13, Pasuruan, Maluku Utara 84185",9912208633682060
987,"Bagus Prasetya, S.Sos",F,1963-03-25,3301016503631285,083171177539,345819870884075,5553805365972680,"bagus.prasetya,.s.sos892@gmail.com","Gg. Kapten Muslihat No. 39, Surabaya, Papua 15470",9973817928732709
988,Qori Hidayanto,M,1974-09-25,3401012509741345,08556967212,7838702785379,6011821492413712,qori_hidayanto@outlook.com,"Jalan W.R. Supratman No. 4, Batu, Nusa Tenggara Barat 64091",9937052661071674
989,Rika Prabowo,M,1986-04-30,7101013004866095,08830684836,772386656,4677559573541053,rikaprabowo776@outlook.com,"Gang K.H. Wahid Hasyim No. 702, Kota Administrasi Jakarta Pusat, JI 20197",9959792117810040
990,"Salimah Irawan, S.E.I",M,1960-05-26,3204012605600641,081689881085,335784572080241,4415074931660816,"salimah_irawan,_s.e.i@gmail.com","Jl. Bangka Raya No. 6, Prabumulih, SG 09873",9999396923659806
991,Nurul Laksmiwati,F,1959-03-21,3501016103597156,+628234047500,684089227069,5406494935658036,nurullaksmiwati@ymail.com,"Jl. Cempaka No. 6, Palu, Nusa Tenggara Barat 86533",9966780401956582
992,"Kenzie Saragih, S.Kom",F,2006-01-04,5103014401062296,+6281555817083,524496639,4004539804886725,"kenzie_saragih,_s.kom107@gmail.com","Gang Rajawali Timur No. 089, Denpasar, Kalimantan Timur 20219",9990975970898329
993,"Cut Vicky Tampubolon, M.Kom.",F,1958-12-13,3175015312587169,082131709816,403846912,5415016454662577,"cut.vicky.tampubolon,.m.kom.@hotmail.com","Gang Peta No. 00, Bogor, SR 64486",9969348798848273
994,Queen Hassanah,M,1982-01-07,3176010701827232,083862295794,1809897173315,6011716042614471,queen.hassanah919@hotmail.com,"Gg. Kiaracondong No. 56, Kota Administrasi Jakarta Pusat, NB 06355",9946942151488756
995,Faizah Firgantoro,M,1992-12-16,3402011612923037,089645829694,5191378049876,5109383739652425,faizah_firgantoro687@gmail.com,"Jalan Rawamangun No. 11, Bogor, PB 53059",9949593095212806
996,Cemani Uwais,M,1980-05-16,3301011605807153,+6281702613534,6618326213841,6011551095425270,cemani_uwais7@outlook.com,"Jl. Rawamangun No. 36, Kendari, JK 94898",9986162236796984
997,"Tgk. Luwar Wijaya, S.I.Kom",M,2000-08-06,6101010608004488,+628830727126,129378132672,5333262776746953,"tgk.luwarwijaya,s.i.kom@ymail.com","Jalan Rajawali Barat No. 44, Lhokseumawe, BB 49169",9985636026801064
998,R.A. Umi Sudiati,F,2005-04-28,5101016804054821,081449931367,366849053667832,4316131779053405,r.a..umi.sudiati@yahoo.co.id,"Gang Peta No. 946, Banda Aceh, Sumatera Utara 23095",9924328868628423
999,Lukita Kuswandari,F,1982-03-28,3273016803828391,08126648023,29388953,4154397815734159,lukitakuswandari@gmail.com,"Jl. Jamika No. 097, Banjarmasin, Kalimantan Barat 70754",9963140229120448
1000,Tgk. Dadi Suwarno,F,2003-10-09,3171014910038194,08953650460,32478922518261,6011350621084018,tgk._dadi_suwarno888@ymail.com,"Gang Indragiri No. 203, Banjar, MA 96461",9991900258956623
1001,R.A. Qori Habibi,F,1963-03-23,3172016303636467,08530997526,60836816821407,5173087143903903,r.a.qorihabibi@gmail.com,"Jalan HOS. Cokroaminoto No. 375, Manado, Sumatera Utara 35957",9917326842309301
1002,dr. Reksa Hutapea,F,2007-04-05,3502014504072902,08387024748,988921327381522,5432297254014937,dr.reksahutapea701@outlook.com,"Gang M.H Thamrin No. 34, Mojokerto, Papua Barat 11388",9951044287290048
1003,Ega Najmudin,M,1975-03-31,3272013103758289,088445947800,5636698375,5250458387500777,ega.najmudin@yahoo.co.id,"Jl. BKR No. 347, Denpasar, Kepulauan Bangka Belitung 31043",9972457910785871
1004,"Ratna Agustina, M.TI.",M,1991-01-11,3273011101911275,085798043331,7964010146019,5533520622609315,"ratna_agustina,_m.ti.762@yahoo.co.id","Gg. Ir. H. Djuanda No. 4, Tomohon, BE 17741",9964373257464070
1005,Aris Sihombing,F,1980-05-13,3274015305803787,+6285214082310,819945740,5219950819005679,aris.sihombing653@yahoo.co.id,"Jl. Moch. Ramdan No. 5, Cilegon, Jawa Timur 66527",9968715649944286
1006,"Umi Manullang, S.Kom",M,1995-10-19,3402011910959800,+628327635241,32867106,5356024923577740,"umi.manullang,.s.kom681@ymail.com","Jl. Antapani Lama No. 025, Samarinda, Gorontalo 30303",9961677234817596
1007,Nadia Farida,F,1965-11-11,3272015111658166,+628782279975,687898916,6011831715111425,nadiafarida@yahoo.co.id,"Gang Siliwangi No. 762, Singkawang, Nusa Tenggara Timur 30245",9980475284991183
1008,Wardaya Natsir,F,1966-08-02,3402014208665003,089531371741,76954508,5270340117617064,wardaya.natsir@gmail.com,"Jalan Moch. Toha No. 342, Blitar, Lampung 19017",9973604710660365
1009,Mitra Mustofa,M,1993-12-19,7102011912933632,08237203579,50019154260782,6011411643424116,mitra_mustofa900@hotmail.com,"Jalan Cempaka No. 6, Surabaya, SG 77546",9951046476959124
1010,"Drs. Waluyo Najmudin, S.T.",F,1960-12-05,3602014512602368,08182306421,94603895159234,5566521746453318,"drs._waluyo_najmudin,_s.t.771@ymail.com","Jalan Jayawijaya No. 27, Makassar, Sumatera Selatan 22590",9954258746824917
1011,dr. Kiandra Wijaya,M,1998-07-22,3602012207980553,087711371346,20789078695,5360188304154472,dr._kiandra_wijaya858@yahoo.co.id,"Jl. Rajiman No. 379, Denpasar, GO 11018",9947642116090829
1012,Dt. Daryani Situmorang,M,1979-12-09,3402010912799974,08996970168,6317504093,5301185968974095,dt._daryani_situmorang@hotmail.com,"Gg. Cikapayang No. 40, Serang, JT 19994",9914575661913473
1013,Liman Simanjuntak,F,1992-09-17,5102015709929348,+628148472668,34161195406,5178908806831123,limansimanjuntak@outlook.com,"Jl. Jend. Sudirman No. 764, Jayapura, Sulawesi Tenggara 20542",9991990653169583
1014,Elma Waluyo,F,1963-01-03,3176014301639084,08143312567,1385616271413,5227732357374216,elmawaluyo918@yahoo.co.id,"Jalan Kebonjati No. 0, Dumai, LA 47048",9995736188124362
1015,Oni Rahimah,F,2000-08-09,3103014908000569,08977415871,350592530955,5587799364273792,oni_rahimah@yahoo.co.id,"Gang Asia Afrika No. 059, Yogyakarta, SS 19537",9924008580600546
1016,R. Lala Aryani,F,1982-01-15,3271015501822092,+628143511133,85350246,5448412322232088,r._lala_aryani@ymail.com,"Gang Moch. Ramdan No. 27, Parepare, Maluku Utara 25920",9955285072632954
1017,Kamaria Namaga,F,1977-10-20,3174016010779430,08599137085,937921316822608,4993715193178445,kamarianamaga@ymail.com,"Jl. Suryakencana No. 92, Semarang, Lampung 15630",9937771271908248
1018,Iriana Widiastuti,F,1963-05-26,3203016605637171,+628571337049,5554077005,5155882348118084,iriana.widiastuti@ymail.com,"Jalan Rawamangun No. 2, Cirebon, LA 06615",9955320462404805
1019,Drs. Aisyah Yuliarti,M,1991-01-10,3176011001918765,+6281879825875,664153307,6011066670633114,drs.aisyahyuliarti@outlook.com,"Jl. Dr. Djunjunan No. 800, Samarinda, KI 11221",9923132708452183
1020,Purwa Hutagalung,M,2006-07-02,3303010207065521,08579373134,87917037930,5318920045820724,purwa.hutagalung@hotmail.com,"Gg. Jayawijaya No. 686, Padang, MA 19185",9952020640492553
1021,Dt. Harsaya Saragih,M,1969-05-14,3301011405697072,088573255065,63679120,6011720957890353,dt.harsayasaragih999@gmail.com,"Jl. Sukajadi No. 987, Subulussalam, SU 35856",9923892231103140
1022,Lalita Saragih,F,1989-08-27,7102016708894310,081865781744,64051556,5340920167599300,lalita.saragih@hotmail.com,"Jl. PHH. Mustofa No. 2, Singkawang, Jawa Tengah 22132",9998338303637596
1023,"Bella Gunawan, S.Pd",M,1956-02-19,3301011902560546,08316709144,5840000400464,6011549768348752,"bella.gunawan,.s.pd370@gmail.com","Jl. Peta No. 7, Bekasi, Sulawesi Utara 26999",9987631083676845
1024,Ratih Novitasari,M,2007-12-16,3204011612076494,+628965760138,611812165250815,5459043150717410,ratihnovitasari444@outlook.com,"Jl. M.H Thamrin No. 036, Padang Sidempuan, Bali 00053",9924288560356573
1025,Tgk. Dagel Palastri,M,1995-08-09,3274010908952561,08589767025,26844469645892,5241832811372447,tgk._dagel_palastri@ymail.com,"Jl. Raya Ujungberung No. 0, Cirebon, KR 83805",9955684351822325
1026,Wahyu Agustina,M,1985-01-30,3203013001854905,088300946584,34887807376,5576497378053420,wahyu_agustina@ymail.com,"Gg. Suniaraja No. 6, Palu, Sulawesi Selatan 32838",9927254836027686
1027,Samiah Putra,F,1988-02-14,3176015402888819,+6289776766609,452642599,5117697085675910,samiah.putra644@outlook.com,"Jalan S. Parman No. 18, Cirebon, Riau 13684",9968501664882214
1028,Abyasa Hutagalung,F,2007-05-01,3173014105074965,081877140577,35015544,5440998575256376,abyasa_hutagalung973@ymail.com,"Jl. Merdeka No. 9, Bengkulu, Sumatera Selatan 52791",9960235093212919
1029,Titin Damanik,F,1983-09-29,3303016909837757,083333542050,4072772827695,5588708942660366,titin_damanik@yahoo.co.id,"Gang Dipenogoro No. 0, Tomohon, PA 08814",9975398512967055
1030,Luthfi Mahendra,F,1968-07-26,3301016607684329,08849435007,26537778424716,5291916369507251,luthfimahendra181@gmail.com,"Jalan Erlangga No. 1, Semarang, SR 84572",9964632409672911
1031,Nasrullah Maryadi,M,1994-11-14,3401011411946998,08997982307,91334902,5174326924941801,nasrullah.maryadi714@ymail.com,"Gang Jayawijaya No. 29, Samarinda, GO 57349",9959605320533518
1032,R. Jasmin Simbolon,M,1982-08-08,3175010808822860,085940311828,565951120,6011339059666941,r..jasmin.simbolon223@yahoo.co.id,"Jalan Cempaka No. 4, Sawahlunto, Bali 47296",9960278955928919
1033,Bella Farida,F,1978-01-21,3102016101788682,+6288263773485,12772179316,5150553267992442,bellafarida@outlook.com,"Jl. M.H Thamrin No. 7, Tangerang Selatan, SB 85994",9965530248854212
1034,Xanana Melani,F,1977-02-11,5103015102779654,085891286728,886910407629,5396524157318027,xanana.melani@hotmail.com,"Gg. Rawamangun No. 478, Gorontalo, Riau 64980",9911120539001366
1035,Ajeng Suartini,F,1969-07-14,3273015407699287,08229433702,914963550193531,5510158456731370,ajeng.suartini@gmail.com,"Gg. Jend. A. Yani No. 026, Palu, Banten 64890",9974904227456812
1036,R.M. Emong Nasyidah,F,1956-03-09,3104014903561512,+6289760730217,49701014926,5118922400613868,r.m._emong_nasyidah277@outlook.com,"Jl. Abdul Muis No. 8, Surakarta, BT 74883",9934073519337496
1037,"Nabila Saptono, S.IP",F,1988-08-18,3272015808884438,085880471180,55015311,5459602769347793,"nabila_saptono,_s.ip@hotmail.com","Jl. Jakarta No. 50, Ambon, KT 56619",9956767430525549
1038,"Drs. Garda Yuliarti, S.Kom",F,2003-03-13,3101015303035191,089904224640,961754182771,6011148816058013,"drs.gardayuliarti,s.kom512@hotmail.com","Gang Dipenogoro No. 4, Palembang, Lampung 79087",9978976790323436
1039,Martani Lazuardi,M,2004-07-26,7301012607042792,083886504441,394267088050,4513786268497047,martani.lazuardi@outlook.com,"Jalan Astana Anyar No. 365, Banjarbaru, KI 44429",9989296802729116
1040,Hartana Laksmiwati,M,1987-05-11,3204011105872456,+6281168170068,465972397661,5505417150076011,hartanalaksmiwati852@hotmail.com,"Gang Soekarno Hatta No. 406, Blitar, JA 59967",9985560254064119
1041,Vivi Nugroho,M,1962-08-09,3171010908627353,089928455761,87066721922834,5414309215272591,vivi_nugroho@yahoo.co.id,"Jl. Rumah Sakit No. 347, Kota Administrasi Jakarta Selatan, Sumatera Barat 76484",9975282767397393
1042,Kasiyah Riyanti,F,1992-03-09,3174014903928584,08510599447,98012256208361,5508802570162067,kasiyahriyanti247@gmail.com,"Jalan Dipenogoro No. 835, Pasuruan, DKI Jakarta 45531",9997124859222355
1043,"Ir. Amelia Adriansyah, S.H.",F,1964-03-09,3273014903645211,085276166296,9636025368732,6011092254508064,"ir.ameliaadriansyah,s.h.@ymail.com","Jl. Cikutra Timur No. 7, Subulussalam, JT 72648",9988694277118380
1044,"Hilda Safitri, S.I.Kom",F,1989-11-28,3105016811899157,08818341000,9484393004603,5556089706493756,"hildasafitri,s.i.kom@hotmail.com","Jalan K.H. Wahid Hasyim No. 4, Tangerang Selatan, NT 51618",9975791523026027
1045,Raisa Hutasoit,M,1972-11-27,3302012711729085,+628584702789,745130050198575,5273880842740628,raisahutasoit169@gmail.com,"Gg. Cikapayang No. 0, Lhokseumawe, JK 77447",9933052998213655
1046,Suci Prabowo,F,1967-08-25,3302016508673666,08165285155,452471178,5475051391841806,suci_prabowo@hotmail.com,"Gang Ahmad Dahlan No. 4, Pangkalpinang, JA 94973",9927897566072635
1047,"Ir. Farhunnisa Firgantoro, S.Psi",M,1969-04-01,3171010104698071,08174515699,42769268994,5338793092523906,"ir._farhunnisa_firgantoro,_s.psi53@outlook.com","Jl. Kebonjati No. 836, Batam, Kalimantan Selatan 89260",9967905602472492
1048,Dr. Tirtayasa Natsir,M,1982-11-30,3701013011821327,+6281413739491,9193669436436,5231459456815083,dr.tirtayasanatsir@hotmail.com,"Gg. R.E Martadinata No. 30, Sabang, Sulawesi Selatan 51521",9925174028347089
1049,Laila Simbolon,F,1979-04-02,7301014204799486,089933023042,43883196025,4927040043866684,laila_simbolon@outlook.com,"Gg. Monginsidi No. 189, Manado, Sulawesi Selatan 34467",9931507702931985
1050,Maimunah Waluyo,F,1959-12-11,3173015112592625,+6289878966368,83808823309,5301998247707512,maimunahwaluyo710@yahoo.co.id,"Gg. Merdeka No. 629, Metro, Sulawesi Selatan 50999",9910447124618082
1051,Muhammad Firgantoro,F,1986-11-06,3104014611866616,+628988168960,98127904252846,5280681792241992,muhammad_firgantoro620@gmail.com,"Gang Moch. Ramdan No. 0, Tangerang Selatan, Nusa Tenggara Barat 11896",9927352599642154
1052,Irma Narpati,M,1991-01-17,7301011701911021,+628834809854,990483346586726,4213180666405998,irma_narpati651@yahoo.co.id,"Gang Wonoayu No. 9, Sawahlunto, PA 28575",9913421544229625
1053,dr. Usyi Nurdiyanti,F,1989-07-04,7301014407890142,085682537126,141557813731421,6011756247994431,dr..usyi.nurdiyanti@outlook.com,"Jl. Ir. H. Djuanda No. 797, Bogor, Maluku 97170",9986652178391209
1054,"Drs. Karsana Salahudin, S.T.",M,2005-03-24,3701012403053704,081397662084,946401577466219,5478565255424589,"drs._karsana_salahudin,_s.t.412@yahoo.co.id","Jalan W.R. Supratman No. 28, Pematangsiantar, GO 23038",9935145359049487
1055,"dr. Samsul Nasyiah, S.IP",M,1982-05-12,5101011205822655,085379406015,238273868833,5423898622546863,"dr..samsul.nasyiah,.s.ip577@outlook.com","Jalan Pelajar Pejuang No. 90, Ternate, Jawa Timur 77905",9922227698690151
1056,dr. Wahyu Anggraini,M,1972-04-03,3274010304725905,083874808437,592627350,5560012664609618,dr._wahyu_anggraini@ymail.com,"Jalan Medokan Ayu No. 5, Tomohon, Sulawesi Tenggara 53260",9910893712203366
1057,Banawi Permata,M,1995-07-03,3273010307957041,+6283895454300,727420522589,5473073216656915,banawi.permata768@gmail.com,"Jl. Jayawijaya No. 974, Sukabumi, Maluku Utara 13609",9984902628470762
1058,Tgk. Raden Nasyidah,F,1958-05-27,3271016705581933,08813402500,3764349465,5165053477411602,tgk..raden.nasyidah521@ymail.com,"Gg. Raya Ujungberung No. 243, Gorontalo, Riau 58736",9959593460016246
1059,Vinsen Farida,M,1996-02-13,7301011302968807,+6288159875920,652823016,5230329774443329,vinsenfarida720@hotmail.com,"Gang Ahmad Yani No. 353, Tarakan, Aceh 85615",9974255627483010
1060,Mila Widiastuti,F,1989-05-21,5103016105894627,+6282177246497,51906710099,5384429829931645,mila.widiastuti@ymail.com,"Gang Sukabumi No. 979, Manado, Nusa Tenggara Timur 16436",9969623279949598
1061,Cut Sakura Mansur,F,2006-11-12,6101015211065713,08992489105,258434565123434,5207080631395941,cut.sakura.mansur331@ymail.com,"Jalan Erlangga No. 289, Yogyakarta, Papua Barat 05342",9997167762061134
1062,Yani Rajasa,M,1983-05-11,5102011105833429,08528211126,2815447889,5177070507095060,yani.rajasa@yahoo.co.id,"Jalan BKR No. 975, Magelang, MA 40510",9966953172385994
1063,Dr. Abyasa Mansur,M,1965-05-31,3202013105653313,+6285357207980,178937987752399,5463691845441987,dr.abyasamansur230@outlook.com,"Gg. Ir. H. Djuanda No. 63, Bogor, SS 44471",9990040539349819
1064,R.A. Rika Simanjuntak,M,1983-10-09,7101010910832713,08389016515,3747871553331,5579313475619613,r.a._rika_simanjuntak389@gmail.com,"Jalan Veteran No. 64, Salatiga, Kalimantan Barat 88498",9925840451411585
1065,Jamalia Tampubolon,M,1979-09-30,3172013009790711,+6281586499587,61253806,5119053769328790,jamaliatampubolon172@hotmail.com,"Gang HOS. Cokroaminoto No. 17, Dumai, Bali 88116",9964158650461190
1066,"Tgk. Vicky Firmansyah, S.Kom",M,2000-07-11,3103011107006476,088253115243,1757931444,5594199645962435,"tgk.vickyfirmansyah,s.kom@ymail.com","Gg. Laswi No. 7, Sungai Penuh, NT 33647",9972876144360483
1067,"Tgk. Cinta Pradipta, S.Ked",M,1979-06-27,3401012706797381,+6285785070518,203186720,5359144566196676,"tgk.cintapradipta,s.ked@gmail.com","Jalan Monginsidi No. 6, Denpasar, Jawa Barat 25420",9956852595299607
1068,Marwata Narpati,M,2005-02-05,3203010502053844,08181026557,856657329774,4050685902330948,marwata_narpati@gmail.com,"Gg. Cihampelas No. 20, Tual, Kepulauan Riau 00794",9999573627005541
1069,Capa Saputra,M,1960-08-05,3601010508601601,083337305342,88162930,5461507106616909,capa.saputra444@gmail.com,"Jl. Wonoayu No. 94, Subulussalam, JT 48709",9991090407020032
1070,drg. Cakrawangsa Wibisono,M,1994-08-23,3203012308941941,085297796319,770996087496,6011122983087882,drg._cakrawangsa_wibisono730@outlook.com,"Jl. Jend. Sudirman No. 17, Bontang, KB 04326",9989262975108923
1071,Drs. Aslijan Firgantoro,M,1960-08-05,3202010508603552,089896868627,4009715475,5450133672115670,drs.aslijanfirgantoro@hotmail.com,"Gang Dipenogoro No. 6, Banjarbaru, Sulawesi Utara 28672",9985389637239693
1072,Prayogo Firmansyah,M,1958-03-29,7102012903582991,+6281949137165,331596378131,5591518136900476,prayogofirmansyah50@outlook.com,"Gg. Veteran No. 2, Samarinda, Papua 68900",9952965708906315
1073,Rahmi Sihotang,F,1973-07-07,3202014707730983,08315193942,292689009,5460681441666115,rahmi_sihotang778@yahoo.co.id,"Gg. Pacuan Kuda No. 590, Pangkalpinang, Kalimantan Tengah 13072",9995756904444839
1074,Damu Namaga,F,1963-11-12,3102015211630033,+6289508058582,59779572,5200303151861754,damunamaga572@yahoo.co.id,"Jalan Suryakencana No. 72, Bitung, BA 54617",9931439502538928
1075,Kuncara Hidayat,F,1961-03-15,3301015503617672,089519495832,110263349,6011227770859428,kuncara_hidayat@yahoo.co.id,"Gang Rajawali Timur No. 602, Tual, MA 22521",9960722462265607
1076,Cakrabirawa Siregar,F,1990-03-15,3202015503903253,081882138011,8694151398553,5137508397317527,cakrabirawa_siregar@yahoo.co.id,"Jalan Ir. H. Djuanda No. 0, Lhokseumawe, Sulawesi Tengah 26903",9943033790738784
1077,Syahrini Utami,F,1991-08-18,3101015808911573,085679656280,60064558048,5194078286255876,syahriniutami@outlook.com,"Jl. Gegerkalong Hilir No. 61, Sibolga, MA 24559",9932130904230496
1078,Harjaya Firgantoro,F,1984-05-16,6101015605847587,085608055822,26750115327,5503414775688638,harjayafirgantoro@yahoo.co.id,"Jl. Raya Setiabudhi No. 9, Cimahi, Sulawesi Selatan 49864",9971868949121673
1079,Widya Mulyani,F,1981-01-28,3171016801818602,081238289812,75753764451,5156222083464422,widyamulyani580@gmail.com,"Gg. Sukabumi No. 088, Lhokseumawe, SG 08378",9982873610762007
1080,Puti Queen Firmansyah,M,2007-12-09,3701010912071232,088506993994,78382921,5329860427857104,puti.queen.firmansyah@gmail.com,"Jl. Bangka Raya No. 00, Samarinda, SU 69235",9963001443884125
1081,Puput Santoso,F,2008-02-11,3601015102082887,08779694123,98860811,4714923603680852,puputsantoso679@hotmail.com,"Jalan S. Parman No. 139, Lubuklinggau, KR 22021",9939473233795322
1082,Paiman Lestari,F,2009-02-05,3176014502091851,08556776383,280438430,6011979756842187,paiman.lestari@gmail.com,"Gang Abdul Muis No. 300, Banda Aceh, Sumatera Utara 34673",9983975703819604
1083,Cut Ade Maryati,F,1987-04-11,3203015104877581,08153112659,703023121781,5304232758881188,cut_ade_maryati@gmail.com,"Jalan Surapati No. 091, Salatiga, Jawa Tengah 27379",9940770925994110
1084,"Drs. Ozy Haryanti, M.Ak",M,1991-07-27,3202012707911907,+6283327261891,4100179251362,5138013702098191,"drs._ozy_haryanti,_m.ak@hotmail.com","Gg. Rajawali Barat No. 1, Pariaman, Kepulauan Bangka Belitung 30009",9996712761903999
1085,Drs. Ika Prasetya,F,1999-04-10,3272015004993871,08387727204,73533350,4626251049461735,drs..ika.prasetya900@gmail.com,"Jl. Pacuan Kuda No. 11, Lubuklinggau, DKI Jakarta 45829",9957562242821564
1086,Eka Budiyanto,M,2007-03-17,3105011703073627,+628539673092,84135966,5233903638574334,ekabudiyanto104@ymail.com,"Jl. Siliwangi No. 534, Padang Sidempuan, Bali 56999",9913891290466339
1087,Tgk. Zelda Waskita,F,1968-09-24,3273016409686421,081475014683,750039455846,6011420181902322,tgk..zelda.waskita98@hotmail.com,"Jl. Dipenogoro No. 824, Bogor, JK 23879",9994448098635316
1088,Ade Maryadi,M,2005-01-09,3502010901050260,085250751926,850461622843965,5388720204871034,ade_maryadi802@yahoo.co.id,"Gg. S. Parman No. 745, Pangkalpinang, KI 36423",9978664863243267
1089,Anita Anggriawan,F,1973-10-23,3204016310731449,+6281727197453,695508002906,5595473564272945,anita.anggriawan@gmail.com,"Jl. Stasiun Wonokromo No. 851, Tangerang Selatan, SR 25590",9913490134234319
1090,"drg. Calista Firmansyah, S.Gz",M,1970-09-14,3202011409705299,08214647023,517060225255313,5217622809541753,"drg._calista_firmansyah,_s.gz@gmail.com","Jl. Pasirkoja No. 60, Bau-Bau, JB 82710",9944808082993695
1091,"Ellis Pangestu, S.E.I",F,1960-01-21,3173016101605751,+6288582817393,20829656120646,5267647856250840,"ellis_pangestu,_s.e.i@hotmail.com","Jalan Gegerkalong Hilir No. 485, Payakumbuh, SN 53446",9990728054753369
1092,Safina Nugroho,M,1994-05-20,3401012005947677,08118610285,538255203,5186591819805285,safina.nugroho@hotmail.com,"Jalan KH Amin Jasuta No. 60, Solok, DKI Jakarta 30573",9912126845306789
1093,Nurul Maryadi,F,2007-04-09,5103014904073594,08110388401,869219105071970,5457445406914380,nurul_maryadi818@outlook.com,"Gang Ciwastra No. 68, Cilegon, MU 27267",9987726913330626
1094,dr. Slamet Andriani,F,2008-07-02,3201014207081908,+6287767695979,36327324370391,5405665141343073,dr._slamet_andriani@yahoo.co.id,"Jalan Gegerkalong Hilir No. 19, Padang Sidempuan, ST 94771",9991247678690031
1095,Cut Suci Pranowo,F,1990-12-25,3501016512908968,082305191702,4637437380,4318434135716828,cut_suci_pranowo@gmail.com,"Gg. Dr. Djunjunan No. 4, Langsa, JT 35434",9974915368153440
1096,"Lili Waluyo, M.Pd",F,1958-02-09,3102014902580413,+628974787354,6647311688592,5363700889438302,"lili.waluyo,.m.pd306@outlook.com","Jl. Sadang Serang No. 6, Sibolga, Nusa Tenggara Timur 54920",9966938828330607
1097,"Muhammad Saefullah, S.Pd",F,2007-08-03,3602014308070161,+628834189024,38826173460873,6011631493181373,"muhammad.saefullah,.s.pd@ymail.com","Gg. Kiaracondong No. 8, Pontianak, Jawa Tengah 30634",9938349954420720
1098,"Langgeng Suwarno, M.TI.",M,1967-05-19,3301011905675561,08110834911,749273868133722,5578181553925886,"langgeng.suwarno,.m.ti.@gmail.com","Gang Jayawijaya No. 664, Malang, Gorontalo 02125",9965947103410256
1099,"Pangestu Setiawan, S.Pt",F,1972-01-03,3271014301726687,08213841787,9749072648,5410503916781288,"pangestusetiawan,s.pt@outlook.com","Jl. Surapati No. 498, Ambon, Kalimantan Utara 21860",9999187614039952
1100,Carub Halim,M,2008-07-14,7102011407085390,08578227814,4953698232072,5548611562306781,carub.halim67@outlook.com,"Jalan Ciwastra No. 400, Langsa, Sulawesi Utara 31719",9915263444681775
1101,"Ir. Kala Agustina, S.Gz",M,1999-08-20,3203012008991270,+628144471208,34874856237886,5517327760639510,"ir.kalaagustina,s.gz246@ymail.com","Gg. Kendalsari No. 841, Subulussalam, Sulawesi Tenggara 50113",9916930282475689
1102,Genta Sirait,F,2006-12-15,3402015512067775,08196984366,47561845357,5377859294583619,gentasirait@outlook.com,"Gg. Jend. A. Yani No. 8, Pematangsiantar, Aceh 27903",9953917293173518
1103,Cici Aryani,M,1980-06-24,3104012406806183,081324450256,31782959,5481610376329409,cici.aryani@hotmail.com,"Jalan Gegerkalong Hilir No. 996, Pariaman, Sumatera Barat 83753",9979081172557241
1104,Putri Kurniawan,F,1957-05-22,3272016205572569,08968655108,807839313,5194027594250166,putri_kurniawan460@hotmail.com,"Jalan Tebet Barat Dalam No. 8, Manado, Sulawesi Tenggara 02443",9976818177792359
1105,Dariati Widodo,F,1998-04-29,7101016904986194,+628568107056,6738410960066,6011161531766022,dariati_widodo299@outlook.com,"Gg. Indragiri No. 696, Palu, Kepulauan Bangka Belitung 70675",9975165824343447
1106,Puti Hesti Permata,M,1958-10-16,6101011610581387,08193697575,5606834260533,6011882499696604,putihestipermata@ymail.com,"Gg. Cikutra Barat No. 1, Langsa, JT 10703",9982835430749179
1107,Wage Yulianti,M,1965-11-18,3204011811651770,08193634874,7193790229,5109443121345579,wageyulianti@gmail.com,"Jalan Gardujati No. 8, Samarinda, JB 84813",9936111148288216
1108,Cici Anggraini,F,1956-06-26,3502016606566347,088523063657,81510413677,5367959322496730,cici_anggraini82@outlook.com,"Jalan Cihampelas No. 151, Parepare, Papua 46339",9956223784974648
1109,Galak Pudjiastuti,F,2001-10-14,3175015410012166,+6281254028944,7976941366,5348868996908788,galak_pudjiastuti@hotmail.com,"Gg. Asia Afrika No. 476, Yogyakarta, Jawa Tengah 89615",9985888302006391
1110,Tgk. Galur Kusumo,M,1980-09-21,3302012109809570,081390444742,354452786109547,6011287407519391,tgk..galur.kusumo954@outlook.com,"Gang Rumah Sakit No. 239, Tual, Sumatera Barat 55426",9911025628942861
1111,"Arsipatra Winarsih, M.Ak",M,2001-05-01,3701010105018948,08153568991,95877707,5201399392567978,"arsipatrawinarsih,m.ak791@outlook.com","Gg. Asia Afrika No. 446, Yogyakarta, KR 77205",9944457725781123
1112,Akarsana Haryanti,M,1958-09-14,5102011409587904,082226678616,96381303262,5298640946654978,akarsana_haryanti32@yahoo.co.id,"Jalan Siliwangi No. 47, Pariaman, Bengkulu 17543",9951791724640021
1113,"R.M. Tirta Handayani, S.Pd",F,1983-11-02,3201014211834206,087812176208,389348280,4920536504568691,"r.m._tirta_handayani,_s.pd@gmail.com","Gang Otto Iskandardinata No. 602, Magelang, Kepulauan Bangka Belitung 86272",9921209552771674
1114,"Tgk. Aurora Hassanah, S.Farm",M,1985-03-07,3105010703853083,082324041575,376861277933,5135694201844576,"tgk._aurora_hassanah,_s.farm987@gmail.com","Jl. Cihampelas No. 6, Bontang, SU 35386",9917466216525373
1115,"Dina Tamba, M.Ak",F,1980-11-28,3204016811801071,08111841732,3346554612038,5267264401989284,"dinatamba,m.ak118@yahoo.co.id","Gang Rungkut Industri No. 604, Semarang, Kalimantan Timur 05534",9956999085614182
1116,"Dt. Mahfud Novitasari, M.Ak",M,1955-07-15,3303011507554296,081662860781,94751340749,4850582405546510,"dt..mahfud.novitasari,.m.ak61@ymail.com","Gg. Ciwastra No. 97, Kota Administrasi Jakarta Pusat, Aceh 35670",9925291933661404
1117,Drs. Teguh Hariyah,M,1994-12-30,3401013012949698,08987253031,743944280540,4923195078730533,drs.teguhhariyah@yahoo.co.id,"Gang Jamika No. 19, Kendari, SU 22736",9948219878906043
1118,Jaga Putra,M,1995-09-09,3103010909952607,08330555562,856578339399,6011431095188852,jaga_putra561@ymail.com,"Jl. H.J Maemunah No. 711, Pangkalpinang, Papua 69171",9936293451044466
1119,Purwadi Sihombing,M,1978-01-18,3303011801787902,08169783018,69846074562567,4327188758750985,purwadi.sihombing@gmail.com,"Gg. Pasteur No. 6, Bandung, Papua 16903",9958049884935940
1120,"R.M. Cengkir Dabukke, S.E.",M,1986-10-10,3173011010864131,08387439064,873920244407,5119718901120368,"r.m._cengkir_dabukke,_s.e.@ymail.com","Gg. K.H. Wahid Hasyim No. 6, Payakumbuh, YO 68017",9920134615107240
1121,"Dt. Viman Pratama, S.Pt",F,1980-04-18,3202015804802054,08966664710,62756520831,5530016183215295,"dt..viman.pratama,.s.pt61@hotmail.com","Jalan Sadang Serang No. 0, Kupang, KS 26724",9963930780538373
1122,Ratih Prasetyo,F,2004-09-20,3203016009043454,+6281304283167,5644710606,4673778892141812,ratih.prasetyo62@yahoo.co.id,"Gg. Cempaka No. 38, Probolinggo, Kalimantan Timur 65402",9995580686486742
1123,Ir. Yuliana Pudjiastuti,M,2002-10-14,6101011410024215,08991170564,68575790336759,6011479109999372,ir.yulianapudjiastuti290@hotmail.com,"Jl. Gegerkalong Hilir No. 27, Probolinggo, JK 91635",9940567979039734
1124,Vera Pratiwi,M,1990-06-07,7102010706900074,+6281933430498,100267554753964,6011163825117237,vera.pratiwi198@ymail.com,"Gg. Veteran No. 65, Palu, JI 53974",9922627907597664
1125,"Langgeng Wahyudin, S.Ked",F,1988-11-16,3103015611886362,08570804808,21258044306577,5111271681098173,"langgeng_wahyudin,_s.ked922@yahoo.co.id","Gang Abdul Muis No. 75, Banda Aceh, JI 80192",9961715326944664
1126,Cengkir Hutagalung,M,1987-05-06,3272010605875470,081473711070,96464147359468,5453742525776891,cengkirhutagalung656@outlook.com,"Jl. Pelajar Pejuang No. 89, Sawahlunto, KI 25333",9990581444663733
1127,Dipa Tamba,F,1964-07-27,3272016707646358,08333237014,60715199,5332304772596116,dipa_tamba654@yahoo.co.id,"Gg. Suryakencana No. 50, Solok, Kalimantan Timur 45036",9981089344233976
1128,"Drs. Yani Purwanti, S.Pd",F,1986-07-31,3272017107866448,08536288156,19805183434,6011936356808778,"drs.yanipurwanti,s.pd@hotmail.com","Jl. Jamika No. 36, Semarang, Sulawesi Selatan 08059",9930403187343491
1129,Ir. Daru Maheswara,F,1995-07-13,3202015307951542,089662187430,842932683487,4929516289084546,ir.darumaheswara@outlook.com,"Jalan Jamika No. 0, Magelang, Riau 99920",9971650561242594
1130,Jamal Wacana,F,1961-07-30,3105017007613658,08515812876,50419744765,5522469685169212,jamal_wacana@outlook.com,"Gang Rajawali Timur No. 5, Cilegon, DI Yogyakarta 62941",9944836927754984
1131,Jasmin Oktaviani,F,1985-10-17,3101015710859067,+6285947050057,9076648784138,5531276078335945,jasminoktaviani@hotmail.com,"Gg. Cihampelas No. 317, Kediri, Riau 64752",9927842850248041
1132,Ir. Vero Wacana,F,1991-04-10,7102015004918795,085203534176,5614119101473,5412983584480121,ir._vero_wacana@yahoo.co.id,"Jl. Astana Anyar No. 6, Palopo, KI 09928",9972267948991824
1133,Dina Saputra,F,2003-12-10,3273015012035271,083339091744,180308922906,5219965840293768,dina_saputra@outlook.com,"Jl. Cikutra Timur No. 35, Balikpapan, Maluku Utara 43219",9954893746765658
1134,Gilda Widiastuti,F,1989-10-06,3176014610898597,+628113865626,90598018,6011880030053786,gilda.widiastuti560@ymail.com,"Gang KH Amin Jasuta No. 479, Medan, Kepulauan Bangka Belitung 21883",9977421263443377
1135,Sari Wulandari,M,1993-06-15,3101011506930838,08557108169,4976621541,5219807027292943,sari.wulandari679@yahoo.co.id,"Jl. Rajawali Barat No. 7, Banjar, SN 69333",9985708815025205
1136,Ir. Puti Astuti,M,1996-02-13,3301011302969565,081538987495,192335588,5272834638916191,ir..puti.astuti359@ymail.com,"Jalan Jend. A. Yani No. 78, Palangkaraya, KR 85858",9961464395157374
1137,"Drs. Ella Sinaga, S.Farm",M,1983-11-08,3172010811832451,08954990941,3027989145481,6011189172845849,"drs.ellasinaga,s.farm757@hotmail.com","Jalan Asia Afrika No. 8, Mojokerto, SU 92543",9946234864845939
1138,"Taufan Simanjuntak, S.I.Kom",M,2001-10-10,3173011010019443,081628865807,18057019,5343575292555685,"taufan.simanjuntak,.s.i.kom720@outlook.com","Jl. Jend. Sudirman No. 501, Manado, Riau 47286",9994412505341663
1139,"T. Tasnim Najmudin, S.Ked",M,1965-05-26,3171012605651703,08782362424,800251906724,5546095772487740,"t._tasnim_najmudin,_s.ked@gmail.com","Jl. Pelajar Pejuang No. 499, Serang, Aceh 96627",9939925319607524
1140,Lalita Adriansyah,F,1957-05-11,3701015105572164,08849100634,280420223059,5357336828765753,lalitaadriansyah366@yahoo.co.id,"Gg. Bangka Raya No. 217, Sukabumi, BT 39101",9981624299969220
1141,Hairyanto Pangestu,F,1986-04-04,7301014404865305,083306648782,971300025546,5545334798529481,hairyanto_pangestu295@gmail.com,"Gg. Rawamangun No. 193, Ambon, Banten 08277",9953820259179032
1142,Lalita Setiawan,F,1990-10-20,3173016010905390,08333706951,713875955,5442298133241990,lalita_setiawan868@gmail.com,"Jalan Waringin No. 26, Jambi, SU 00953",9983152230794225
1143,Emong Anggraini,M,1980-03-19,3273011903806184,089743604890,3714369474934,6011768893861615,emonganggraini945@outlook.com,"Jalan Merdeka No. 1, Dumai, Sulawesi Barat 09441",9953221901298699
1144,Dina Pangestu,F,2007-04-28,7101016804070914,088431965217,15312605,5274028459587691,dina_pangestu@yahoo.co.id,"Gang Peta No. 372, Parepare, Papua Barat 76063",9982599617882299
1145,Tgk. Elvina Oktaviani,M,1997-11-15,3274011511970570,08817318359,334592325,5580245571162746,tgk..elvina.oktaviani@hotmail.com,"Jalan Waringin No. 51, Banda Aceh, DKI Jakarta 99932",9927672059247193
1146,Artanto Narpati,F,1971-05-26,3104016605712193,08812317402,160763443,5146026335641626,artantonarpati825@gmail.com,"Gang Pasteur No. 17, Jayapura, KR 65386",9934076777191360
1147,Qori Anggriawan,F,1986-02-17,3101015702861551,08324351723,1448526023547,5124055306113903,qori.anggriawan273@ymail.com,"Gang Merdeka No. 26, Kota Administrasi Jakarta Utara, Sulawesi Tenggara 38641",9995052862586442
1148,Legawa Sirait,M,1990-06-19,5102011906905961,08154087056,45556385981,5428439974869808,legawa.sirait896@hotmail.com,"Gang Pasteur No. 164, Madiun, Bali 93781",9939347335465347
1149,Alika Samosir,M,1969-05-08,7101010805690055,+628986609404,1175056655899,5506586972232423,alika.samosir@gmail.com,"Gg. Merdeka No. 88, Kota Administrasi Jakarta Utara, KT 06618",9966195615203994
1150,"Hj. Zamira Tampubolon, S.Farm",M,1995-11-05,3271010511959407,08516971363,242028612,6011232861402457,"hj._zamira_tampubolon,_s.farm@hotmail.com","Jalan Tebet Barat Dalam No. 36, Medan, MA 85899",9993686313526889
1151,Cakrawala Hartati,M,1957-01-08,3102010801574707,+628582320001,992824350979135,5129561762948469,cakrawalahartati500@hotmail.com,"Jl. M.T Haryono No. 50, Sungai Penuh, PB 43566",9985629081066496
1152,Darsirah Prayoga,F,1957-01-03,5101014301579504,08326140830,16336027,5115672617362920,darsirah_prayoga329@outlook.com,"Jalan Lembong No. 677, Banda Aceh, RI 18222",9974020202512602
1153,"Dr. Ratih Yuniar, S.T.",M,1977-12-04,7102010412772987,+628598214629,3833813852,5523590627094018,"dr._ratih_yuniar,_s.t.@yahoo.co.id","Gang Rumah Sakit No. 859, Meulaboh, Sulawesi Utara 96342",9957623935258058
1154,"Raina Mardhiyah, M.Kom.",M,1992-10-25,3103012510929671,081456708939,1462933741535,5433878959190530,"raina.mardhiyah,.m.kom.594@hotmail.com","Gang Asia Afrika No. 4, Bogor, JA 04861",9977867189407923
1155,Sabrina Handayani,F,1984-08-23,3401016308840970,+628825723230,96186948,6011467475291483,sabrina.handayani758@outlook.com,"Jalan K.H. Wahid Hasyim No. 162, Parepare, Kalimantan Selatan 89198",9961096665165295
1156,Devi Purwanti,M,2005-06-16,7301011606056243,08537025254,205562412,5367680940596477,devi.purwanti@outlook.com,"Jalan Moch. Ramdan No. 17, Prabumulih, Sulawesi Selatan 94269",9947528657557320
1157,Danang Rahayu,M,1970-12-23,3204012312705324,08550654326,440371524310,5415683095312253,danang.rahayu756@hotmail.com,"Gg. Rajawali Barat No. 9, Binjai, Lampung 99670",9972520062798789
1158,R. Bella Susanti,F,2008-11-18,3701015811088996,08986764428,17078101012,5248056942118746,r.bellasusanti@gmail.com,"Jl. Soekarno Hatta No. 98, Kota Administrasi Jakarta Timur, KI 30217",9946053155778043
1159,Heryanto Halimah,M,1994-05-06,3174010605941012,08973149204,16404121070,5543105503158877,heryantohalimah@outlook.com,"Gang Kapten Muslihat No. 158, Bima, Papua Barat 92815",9912170741996399
1160,Vicky Gunawan,F,1955-04-17,3701015704555861,+6285214835156,2427702153861,4511162714359349,vicky.gunawan37@gmail.com,"Jl. Tubagus Ismail No. 4, Palopo, Bengkulu 08808",9911465982360511
1161,"Puti Mutia Manullang, S.Sos",F,1989-10-21,5103016110893061,+6287731073712,350845240886096,5592533601099932,"puti.mutia.manullang,.s.sos@hotmail.com","Jalan Suryakencana No. 48, Tomohon, Bali 72889",9918292605142065
1162,R. Syahrini Yuliarti,M,2007-05-17,6101011705071873,081519228874,5925434502664,5527386966481109,r._syahrini_yuliarti@ymail.com,"Jl. Veteran No. 0, Semarang, JA 12766",9975914338966636
1163,Dt. Karta Mansur,M,1962-05-13,3203011305623097,081277798367,170824089,6011351331579202,dt.kartamansur@outlook.com,"Gg. Cikutra Barat No. 2, Depok, Kepulauan Bangka Belitung 43596",9921808520139018
1164,Maras Ramadan,F,1989-03-30,3102017003890265,082329512660,71108403909276,5336086333995066,maras_ramadan720@outlook.com,"Jl. Jend. Sudirman No. 424, Surabaya, PA 69091",9911208724951700
1165,Yahya Prasetyo,F,2005-11-27,3401016711050325,+628830509083,6098055644,6011199412436165,yahya.prasetyo@yahoo.co.id,"Jl. K.H. Wahid Hasyim No. 4, Padang, BE 96702",9999466729545760
1166,Hesti Waluyo,M,2004-10-19,3701011910046537,08238149836,132177491176,5355004375315755,hestiwaluyo@yahoo.co.id,"Jalan Setiabudhi No. 36, Pekalongan, JK 54036",9955353225970781
1167,Zaenab Melani,M,1999-11-16,7102011611994060,088503903674,667535153474392,5308120780037813,zaenab.melani@yahoo.co.id,"Gang Yos Sudarso No. 854, Padang Sidempuan, Jawa Tengah 23606",9930167594518257
1168,Rahmi Oktaviani,M,1976-12-26,6101012612762495,085816099097,2661907644490,5239461622277268,rahmi.oktaviani20@hotmail.com,"Jl. Soekarno Hatta No. 4, Surakarta, KB 04298",9915295464916550
1169,Yono Zulkarnain,M,1976-02-09,3501010902760317,081665592189,59933974539180,5138487614443375,yono.zulkarnain@ymail.com,"Gang Suniaraja No. 799, Cirebon, Kalimantan Selatan 69992",9982069817245443
1170,"Rahmi Pudjiastuti, S.H.",F,1986-12-18,3701015812865562,085794763183,1024927852,6011346151216764,"rahmipudjiastuti,s.h.5@gmail.com","Gang Stasiun Wonokromo No. 7, Palopo, Kalimantan Barat 60413",9912774929512742
1171,Asirwanda Nurdiyanti,F,1968-12-20,3602016012685200,+6288282425658,95404450398,5338346690814499,asirwandanurdiyanti@yahoo.co.id,"Gg. Kiaracondong No. 8, Tual, JK 26000",9935796540500710
1172,Ifa Hardiansyah,M,2003-08-22,3271012208035646,08557079190,960150833451298,5194541833788148,ifahardiansyah504@yahoo.co.id,"Jl. Rajawali Timur No. 3, Kotamobagu, YO 41038",9959267069690404
1173,Janet Maryadi,M,1999-01-13,5101011301995055,08570395007,855005357603673,5161424741516321,janetmaryadi324@outlook.com,"Gg. H.J Maemunah No. 64, Tidore Kepulauan, JB 05920",9919061130227005
1174,Gandi Pradipta,F,1983-03-20,6101016003832561,+628176485178,677306146017419,5340009256835960,gandi.pradipta@ymail.com,"Gang Rungkut Industri No. 948, Blitar, Banten 68201",9977213978462705
1175,Hesti Utami,F,1980-10-19,3501015910805382,+628172347145,84028265652,5436756275454033,hesti_utami@ymail.com,"Gang Dipenogoro No. 6, Pariaman, Jawa Tengah 04347",9960841456069625
1176,"Elisa Simanjuntak, S.H.",F,1969-02-14,3303015402693881,+6283822094705,865839018769,5170438852871589,"elisa.simanjuntak,.s.h.278@yahoo.co.id","Gang Surapati No. 007, Payakumbuh, Kalimantan Selatan 17503",9928498530026024
1177,"Drs. Prabowo Wijayanti, S.E.",F,1977-11-03,3201014311778997,087742402948,788698908763,6011427247711575,"drs.prabowowijayanti,s.e.@outlook.com","Jalan Kutai No. 873, Palu, Banten 42444",9921972380323566
1178,Pia Sudiati,F,2000-12-05,3601014512002009,08381736713,414031916661624,5569889676218224,pia_sudiati@yahoo.co.id,"Gang Astana Anyar No. 86, Jayapura, Maluku Utara 07651",9979528037114469
1179,Puti Winda Halimah,F,1997-03-11,7301015103976941,08977167148,8925785235298,4093413734542476,puti.winda.halimah@hotmail.com,"Gg. Moch. Toha No. 2, Bau-Bau, Kepulauan Riau 63409",9954289169352675
1180,KH. Garang Melani,M,1999-03-02,3103010203991085,08859517190,77769313,4645383364255034,kh._garang_melani@yahoo.co.id,"Jalan Dipenogoro No. 74, Tasikmalaya, Riau 39160",9914651829883761
1181,"Dr. Ade Hardiansyah, S.Pd",M,1990-02-16,3102011602905527,085975914999,803170568258320,4435456367988360,"dr.adehardiansyah,s.pd@outlook.com","Gg. Raya Setiabudhi No. 18, Banda Aceh, Kalimantan Utara 21803",9952266053322434
1182,Vivi Marpaung,F,1986-12-29,3301016912869496,08820632673,70429429,5421192474350692,vivimarpaung@gmail.com,"Gang Pelajar Pejuang No. 0, Prabumulih, Aceh 65295",9991490887769875
1183,Intan Fujiati,M,1960-02-06,6101010602607867,08531203829,11505954761,5380680304005465,intanfujiati@yahoo.co.id,"Gg. Veteran No. 303, Langsa, Kepulauan Bangka Belitung 88067",9939726646367624
1184,"Rahmi Puspita, M.Kom.",M,1957-07-05,3601010507570016,083143211154,2791969091,5164176592059487,"rahmipuspita,m.kom.209@gmail.com","Jl. Kutisari Selatan No. 9, Probolinggo, Lampung 11326",9990225269101199
1185,Gandewa Nasyiah,M,1975-08-27,3271012708756891,08831153609,55349732009,5301535305325627,gandewa_nasyiah@hotmail.com,"Gg. Jamika No. 32, Binjai, RI 47220",9993872097032732
1186,Dr. Shania Ardianto,F,1972-02-22,3173016202724338,+6289585551693,157411935391,5503891667709527,dr..shania.ardianto520@ymail.com,"Gang Pelajar Pejuang No. 70, Subulussalam, KS 71461",9984682517982957
1187,dr. Titi Prasasta,M,1999-08-25,3202012508993099,08179008892,8839803703773,6011120588694859,dr..titi.prasasta@outlook.com,"Gang Tubagus Ismail No. 623, Tanjungpinang, PB 53026",9983251749603471
1188,T. Agus Mustofa,F,1959-03-11,7301015103591273,085509514050,461700048,6011541234810949,t.agusmustofa@hotmail.com,"Jalan Lembong No. 86, Magelang, BE 30663",9964209239758947
1189,Hairyanto Gunawan,M,1978-08-24,3302012408785917,+628964412987,42152941,5361114832409659,hairyanto.gunawan954@gmail.com,"Gang Antapani Lama No. 8, Balikpapan, Kalimantan Tengah 91203",9927373708422656
1190,Galih Mansur,F,1989-09-21,3601016109899234,08590011233,26796556,5573238368414346,galih_mansur@yahoo.co.id,"Jalan Kiaracondong No. 59, Tanjungpinang, Papua 19260",9981115217884331
1191,"Patricia Astuti, S.Gz",M,1957-11-20,5103012011574323,082138905950,381683625772,4087274105915799,"patriciaastuti,s.gz@hotmail.com","Gang PHH. Mustofa No. 5, Kota Administrasi Jakarta Timur, Jawa Barat 54894",9957310523215477
1192,Genta Mulyani,M,1992-08-29,7301012908925112,+6283129643522,38424872980,5520291726513420,genta.mulyani320@outlook.com,"Jl. M.H Thamrin No. 6, Sorong, Nusa Tenggara Timur 44566",9944372573936569
1193,Lembah Uwais,M,1963-09-07,3204010709635946,08335303024,10113146442,4437780559227703,lembahuwais130@gmail.com,"Gang Cikapayang No. 66, Kendari, Sulawesi Barat 62486",9953034457713618
1194,Ega Hassanah,F,1956-11-09,3502014911567751,+6288325696411,86499672,5576339680071198,ega_hassanah512@gmail.com,"Jalan Gegerkalong Hilir No. 515, Bandar Lampung, DI Yogyakarta 30173",9960129917374848
1195,"Wasis Iswahyudi, S.Farm",M,1991-11-25,3176012511910746,08512704225,42381433161,5369744697071191,"wasisiswahyudi,s.farm827@gmail.com","Gang Cikapayang No. 87, Medan, JB 44133",9925473872985221
1196,Maimunah Purnawati,M,1987-02-10,3402011002878096,088423903715,12642362458846,5593714787508050,maimunahpurnawati711@gmail.com,"Gang Siliwangi No. 157, Lubuklinggau, SG 91898",9980050250919687
1197,"Ifa Waskita, M.Farm",F,1976-09-11,3301015109764573,+628212748942,89366604486,6011711881618277,"ifawaskita,m.farm@hotmail.com","Gang Gedebage Selatan No. 3, Madiun, Sumatera Barat 87680",9972684290178580
1198,Alika Nashiruddin,F,1975-06-03,3204014306759636,089584527331,667541354,5555797079077043,alikanashiruddin656@hotmail.com,"Jalan R.E Martadinata No. 30, Salatiga, Kalimantan Barat 09567",9939622255053952
1199,Soleh Megantara,M,1968-04-10,3172011004681168,08811412725,398567240,5255251774856523,solehmegantara414@yahoo.co.id,"Jl. Ahmad Yani No. 44, Denpasar, JB 32676",9947953547336207
1200,Hj. Fitria Rajata,M,1988-07-18,3701011807885044,+628142022041,707265201487,5309673725009321,hj..fitria.rajata753@outlook.com,"Jalan Wonoayu No. 2, Tebingtinggi, Nusa Tenggara Barat 02320",9997557160266683
1201,Shakila Adriansyah,M,1986-04-10,3103011004860971,08326506961,9844523649411,5500208967604068,shakila.adriansyah@gmail.com,"Jl. Jend. Sudirman No. 4, Bogor, Kalimantan Tengah 71998",9961027804247187
1202,Cut Wirda Wulandari,M,1963-04-11,5101011104635162,085279296058,24342207043,4077222874995895,cut.wirda.wulandari752@outlook.com,"Jalan Rumah Sakit No. 52, Banjarmasin, ST 69991",9951244280599790
1203,Bancar Dabukke,M,1966-02-08,7102010802666513,08137678738,21130529,5138352237750445,bancardabukke@outlook.com,"Jalan Lembong No. 2, Tual, Sulawesi Selatan 27777",9944079075080688
1204,Heryanto Mayasari,M,1967-01-01,3202010101674566,+6288584604126,6427933997021,5261690476102962,heryantomayasari777@hotmail.com,"Gang Ronggowarsito No. 703, Banjarbaru, Kalimantan Utara 05952",9921614853232384
1205,"T. Cahya Usamah, S.Pd",M,1988-11-25,3202012511883251,+6288102967050,33724645604851,4990656322679110,"t..cahya.usamah,.s.pd834@ymail.com","Gang Cikapayang No. 740, Parepare, Papua 67625",9926051739266922
1206,Saiful Astuti,M,1985-12-12,3401011212859876,+6281529169422,6384187576,4765722458836608,saiful_astuti@yahoo.co.id,"Jl. Surapati No. 856, Padang Sidempuan, DI Yogyakarta 97459",9916705657853192
1207,R.A. Ciaobella Nurdiyanti,M,1981-06-09,3104010906817732,08826159266,90807956530002,6011275093604709,r.a.ciaobellanurdiyanti@yahoo.co.id,"Jalan Pasir Koja No. 8, Bandung, Maluku Utara 04932",9941262615044775
1208,"dr. Ega Pratama, S.E.I",F,1999-09-07,3272014709994340,+628143747279,3689495427,6011629336983243,"dr..ega.pratama,.s.e.i696@yahoo.co.id","Gang Dipenogoro No. 128, Surabaya, Gorontalo 94853",9922028120599611
1209,Naradi Hidayanto,F,1968-10-16,6101015610681718,08958098098,50933627,5144522759426739,naradi.hidayanto707@yahoo.co.id,"Jalan HOS. Cokroaminoto No. 984, Langsa, Kalimantan Barat 56787",9924341530185420
1210,KH. Jais Novitasari,F,1958-09-05,3401014509583902,081401699329,551165160862495,4339660575296646,kh._jais_novitasari@ymail.com,"Gg. Ahmad Dahlan No. 8, Banjarmasin, Nusa Tenggara Barat 16806",9939863275761215
1211,"Farah Rajasa, M.Farm",M,1992-11-17,3171011711927430,08149191846,1636985167655,5499196697602231,"farah_rajasa,_m.farm282@ymail.com","Gang Joyoboyo No. 8, Mojokerto, BA 86794",9990692596756202
1212,"dr. Dadi Wastuti, M.Pd",F,1985-11-06,3273014611854741,085804342491,7317774422,5112421973819035,"dr._dadi_wastuti,_m.pd@gmail.com","Jalan Kiaracondong No. 10, Samarinda, Jawa Tengah 16620",9955975278568826
1213,Kani Simanjuntak,M,1960-07-21,3173012107602895,08328508332,55351356,5534317191633548,kani_simanjuntak@hotmail.com,"Gang Yos Sudarso No. 8, Madiun, MU 75124",9946661289503429
1214,Agnes Ardianto,M,1980-08-09,3201010908808289,+6281541768922,5580284571,5586919816254997,agnes.ardianto110@hotmail.com,"Gang M.T Haryono No. 82, Tangerang Selatan, Bengkulu 16654",9957667343334241
1215,Cayadi Rajasa,M,1972-10-07,3104010710723556,+6288313674616,64337073,5371274706953124,cayadi.rajasa465@gmail.com,"Gg. PHH. Mustofa No. 233, Prabumulih, SN 83570",9997507329577350
1216,Ayu Prasasta,F,1994-08-23,3176016308949734,+6289620418629,778758647,5201925531755048,ayu_prasasta@outlook.com,"Gg. Pasteur No. 386, Cirebon, BT 08983",9951511340787600
1217,Tgk. Ulva Hidayat,M,1956-11-07,7102010711564455,08219726754,19414250956360,5185528823132995,tgk._ulva_hidayat@hotmail.com,"Gg. KH Amin Jasuta No. 979, Samarinda, Sumatera Barat 45284",9985403987451988
1218,Kayla Suryatmi,F,1961-02-15,3273015502619937,+6289863858692,476366287117,6011165359553940,kayla_suryatmi@outlook.com,"Gang Cihampelas No. 35, Tomohon, SB 80957",9989957969391268
1219,Kemal Ramadan,F,1989-10-13,6101015310892105,081730997285,279394314914,5115440967624283,kemal_ramadan507@gmail.com,"Jl. Kapten Muslihat No. 02, Kota Administrasi Jakarta Timur, Jawa Tengah 31589",9913179603964665
1220,Ganda Nurdiyanti,F,2007-11-11,3102015111077945,+628983547663,899751090651940,5323461504117086,ganda.nurdiyanti@yahoo.co.id,"Jalan Rajawali Timur No. 031, Surakarta, SG 48675",9992686936507087
1221,Maryadi Saragih,M,1988-02-18,3302011802881443,08560295011,829905552378,5190497574568440,maryadi.saragih845@yahoo.co.id,"Jalan Kiaracondong No. 882, Sukabumi, Sumatera Utara 84196",9939657589189638
1222,"Pranata Prasetya, S.E.",M,1963-10-22,7301012210638914,085951903483,5130160644,6011903593417732,"pranata.prasetya,.s.e.@gmail.com","Gang Wonoayu No. 27, Pariaman, LA 17306",9925627040441342
1223,"Ir. Gabriella Wahyuni, S.Pt",M,1976-12-18,3273011812768706,+628156063923,88110802388369,5570257953564416,"ir..gabriella.wahyuni,.s.pt@hotmail.com","Gg. R.E Martadinata No. 2, Bontang, PB 59469",9973525917576812
1224,"Cut Lili Mangunsong, S.H.",M,1984-11-04,7101010411846402,+6285824023849,27591450909,5503957286939538,"cutlilimangunsong,s.h.@gmail.com","Jl. Suryakencana No. 17, Bukittinggi, Jawa Timur 79006",9977670293207292
1225,Wirda Namaga,M,1972-04-17,3274011704723491,08837653480,768992385855,5520101544484798,wirda.namaga5@hotmail.com,"Gang Cihampelas No. 5, Batu, ST 75539",9961569916890782
1226,"Drs. Puput Oktaviani, S.Gz",M,1983-07-21,7301012107837639,08112217759,6498391032,4410372810297298,"drs._puput_oktaviani,_s.gz838@hotmail.com","Jalan Setiabudhi No. 1, Payakumbuh, BE 58962",9960272564512803
1227,Sutan Johan Saptono,M,1977-01-29,3101012901777067,085600796330,6176668992,4274621334595821,sutanjohansaptono638@outlook.com,"Jl. Jakarta No. 761, Kendari, RI 21905",9959323132708464
1228,KH. Kenes Januar,F,1995-01-28,3102016801951048,081590994414,86378256485,5464766955770518,kh.kenesjanuar417@gmail.com,"Jl. Astana Anyar No. 7, Padang, Papua Barat 10792",9975298089947303
1229,"R.M. Lanjar Puspita, S.E.I",F,1967-01-23,3203016301675524,08225905925,142646979508046,5306382850416279,"r.m._lanjar_puspita,_s.e.i@gmail.com","Gg. Monginsidi No. 6, Sibolga, SG 35067",9996490502633675
1230,Drs. Hendri Maryati,M,1972-12-01,3103010112725483,+628162380294,37635148749715,5512954589385333,drs._hendri_maryati513@ymail.com,"Gang Cihampelas No. 773, Yogyakarta, Jawa Timur 15550",9998285668856833
1231,"Tgk. Irnanto Wastuti, S.Gz",M,1992-01-02,3602010201929673,08315952287,2209018174973,6011111496336093,"tgk.irnantowastuti,s.gz@gmail.com","Gg. Wonoayu No. 3, Tarakan, KR 04588",9949664035534051
1232,Galang Haryanto,F,1966-07-05,3501014507661672,+6289700597583,694210420841,5428654907872552,galang.haryanto724@hotmail.com,"Jl. Jakarta No. 503, Prabumulih, ST 56891",9957086239417175
1233,Hj. Maida Hartati,M,1995-05-15,3174011505959401,085657707960,26941351284836,6011955958277065,hj.maidahartati@yahoo.co.id,"Jl. KH Amin Jasuta No. 45, Pekanbaru, LA 67940",9994307699148898
1234,Reza Anggraini,M,2004-08-15,3402011508046368,+628176082761,4512094596,5415734943856335,reza_anggraini368@ymail.com,"Jl. Bangka Raya No. 295, Jambi, SB 15975",9921968754051321
1235,Limar Winarsih,M,1979-09-04,7102010409797759,+6288301881113,623314324170712,5387963387908130,limarwinarsih@yahoo.co.id,"Jl. Monginsidi No. 83, Bogor, DKI Jakarta 85423",9917111333526432
1236,Cornelia Waluyo,M,1967-06-14,3103011406670888,085984351978,749571042,5559900284224172,cornelia.waluyo@ymail.com,"Gang Jayawijaya No. 966, Pangkalpinang, KT 46746",9943574170286689
1237,Gangsar Usamah,F,1964-10-01,5103014110644519,085603057925,833358136,5422015297968541,gangsar_usamah@gmail.com,"Gg. Pasteur No. 9, Pagaralam, YO 05022",9911221710677806
1238,"Bakiono Waskita, M.Farm",M,1959-05-14,3601011405592690,+628131240766,4629213501134,5296895092918489,"bakionowaskita,m.farm953@hotmail.com","Jl. Rajawali Barat No. 76, Tarakan, Kepulauan Bangka Belitung 77402",9949125365144062
1239,"Zelda Mahendra, M.Pd",F,1987-02-25,3101016502875764,081920474421,7394904651444,5265748145252884,"zeldamahendra,m.pd683@hotmail.com","Jl. Astana Anyar No. 650, Tarakan, KB 83667",9954755186616046
1240,drg. Lidya Zulkarnain,M,1980-01-13,7301011301803758,081231784213,469975483,5437772715422419,drg..lidya.zulkarnain@yahoo.co.id,"Jl. Raya Setiabudhi No. 6, Kota Administrasi Jakarta Utara, KB 22234",9984177743697721
1241,Dt. Bagya Pranowo,M,1988-05-08,3203010805881605,+6281672237207,853700632,5199887733521081,dt._bagya_pranowo@outlook.com,"Gg. Rajiman No. 90, Parepare, ST 52446",9960153903811816
1242,Aisyah Susanti,M,1961-09-15,3601011509613709,08158945108,911994281,5383420643395533,aisyah_susanti@hotmail.com,"Gg. Cikutra Timur No. 46, Palangkaraya, Maluku 60186",9972601707236785
1243,"R.M. Harjasa Pratama, S.Pt",M,1968-07-06,3171010607684431,08212424300,831633243,4872447839071219,"r.m..harjasa.pratama,.s.pt375@ymail.com","Gang Indragiri No. 277, Kota Administrasi Jakarta Selatan, JK 90038",9985955685651616
1244,Paiman Sitorus,F,1972-09-03,3271014309720817,081419827244,3076991528311,6011977895166502,paiman.sitorus@gmail.com,"Gg. Peta No. 4, Pariaman, JT 88390",9948849578786460
1245,"Sutan Yahya Pradipta, S.Pt",F,1971-06-13,3172015306712359,089860123162,610003668574397,5538471845816300,"sutan.yahya.pradipta,.s.pt@ymail.com","Gang Ciwastra No. 74, Bukittinggi, NT 14978",9920947033828056
1246,dr. Gabriella Haryanto,M,1983-02-18,3104011802836670,085525112980,20262370506,6011748252292547,dr._gabriella_haryanto345@outlook.com,"Jalan Indragiri No. 43, Payakumbuh, Sulawesi Selatan 18308",9941320516685110
1247,Dt. Asmuni Januar,M,1998-08-25,3602012508989862,082355903653,337246676226,5576174790455224,dt._asmuni_januar@gmail.com,"Gg. Laswi No. 1, Bekasi, YO 36786",9994071236133264
1248,Warsa Budiman,F,1964-06-08,3202014806642414,+6283297806437,13489731160156,6011539952115425,warsa_budiman@hotmail.com,"Jalan Cihampelas No. 6, Pagaralam, MA 57068",9946750924170073
1249,Cakrabirawa Aryani,M,1990-05-28,5101012805900997,088380883585,74548759799,6011742542904360,cakrabirawaaryani172@hotmail.com,"Gg. Pasirkoja No. 306, Banjarbaru, Kalimantan Barat 02865",9982496486379252
1250,"Juli Budiyanto, S.Psi",F,2007-12-17,5103015712078651,+628777867253,680867894,5211932467199922,"juli_budiyanto,_s.psi@yahoo.co.id","Jalan Dipenogoro No. 20, Padang Sidempuan, Sulawesi Utara 15145",9912852311408920
1251,R. Anita Kuswoyo,M,1995-02-03,3101010302956032,08335187570,1936130144,6011641972941035,r._anita_kuswoyo505@ymail.com,"Jl. M.T Haryono No. 222, Bandung, BT 39222",9912001252729608
1252,Dina Yolanda,F,1957-10-04,3274014410572519,088301171303,197184679087737,5116927592746013,dina.yolanda17@ymail.com,"Jl. Gardujati No. 484, Jayapura, Gorontalo 32528",9972280525733701
1253,Raden Prabowo,F,1975-09-02,3204014209750845,081101832566,906108537,4070010222126836,radenprabowo43@gmail.com,"Gang Tubagus Ismail No. 4, Blitar, Kalimantan Tengah 28644",9927154252962260
1254,Wulan Ardianto,M,1988-02-14,7102011402881117,08334910676,201494116328225,4964295861672116,wulan_ardianto@hotmail.com,"Gang Kebonjati No. 20, Kota Administrasi Jakarta Barat, Sulawesi Selatan 73498",9993751065594870
1255,Elma Oktaviani,F,1989-08-10,3302015008895355,08134218254,67595024,5142633523175484,elma_oktaviani@yahoo.co.id,"Gang Dipatiukur No. 26, Medan, NB 47625",9910335667299233
1256,"Hj. Oni Halim, M.Ak",M,1997-09-27,3172012709976564,08239203186,548228780739004,5463096667629604,"hj.onihalim,m.ak161@hotmail.com","Jalan Pasteur No. 53, Padang, PA 47466",9995842842801370
1257,"Daruna Sirait, S.Kom",M,1994-01-27,3173012701944211,08816495458,757713715342,5389328732276654,"daruna_sirait,_s.kom775@yahoo.co.id","Jalan Jakarta No. 36, Semarang, JT 15712",9950762671308595
1258,"Hj. Tami Andriani, S.Kom",F,1989-10-28,3301016810895616,08183002143,5538823234533,5266822896575497,"hj.tamiandriani,s.kom@yahoo.co.id","Jalan Kapten Muslihat No. 68, Pekalongan, Sulawesi Selatan 90616",9987007108969545
1259,Ega Pratiwi,M,1994-09-02,3175010209943307,+6285761915770,211581623153,5442811587650917,ega_pratiwi207@hotmail.com,"Gg. Dipenogoro No. 38, Bengkulu, RI 71030",9961947726855153
1260,Jasmani Mustofa,F,1982-01-20,3176016001821979,08320981009,400277320656,5442763808263264,jasmani_mustofa@gmail.com,"Jalan Abdul Muis No. 489, Pariaman, BA 64931",9953542755192845
1261,Edison Widodo,M,1962-04-30,3272013004621007,089839871414,7429306461,5238381674289549,edison.widodo365@outlook.com,"Gang K.H. Wahid Hasyim No. 42, Meulaboh, Lampung 63391",9944640026064480
1262,"Restu Rahmawati, S.Pd",F,1980-01-20,5103016001805506,085324597989,5554042100,4499611778545399,"resturahmawati,s.pd@hotmail.com","Gang S. Parman No. 1, Denpasar, Sulawesi Barat 49719",9986899757114041
1263,"Akarsana Zulkarnain, M.Pd",F,1977-05-08,3501014805772099,08963395300,6539525637,6011731252458706,"akarsana.zulkarnain,.m.pd@gmail.com","Jalan Kutisari Selatan No. 016, Cimahi, Nusa Tenggara Timur 16399",9972612301722193
1264,Cut Vanya Hutapea,F,1969-11-27,3175016711698037,08585836249,615694438,5387171359358917,cut.vanya.hutapea936@hotmail.com,"Gg. Pasteur No. 767, Tangerang Selatan, Kepulauan Riau 40984",9934507058729508
1265,Xanana Hidayanto,F,1959-12-30,3602017012592606,+628999643316,1992868784,5177515367209751,xanana.hidayanto847@outlook.com,"Jl. Ciumbuleuit No. 81, Padang, AC 99100",9993428090275533
1266,"Uda Marpaung, S.Gz",M,2001-01-10,3176011001018955,087785944164,41115685402,5321806036323513,"udamarpaung,s.gz@yahoo.co.id","Jalan Surapati No. 0, Solok, Banten 42134",9970168578960045
1267,"Julia Sihombing, M.Pd",F,1982-04-26,3502016604821529,08557398714,5430074577741,5546518316332537,"julia.sihombing,.m.pd723@yahoo.co.id","Jl. Raya Setiabudhi No. 160, Salatiga, GO 91386",9956793839448761
1268,Winda Laksmiwati,F,1958-05-20,3401016005587592,088260702507,76069508526106,5496553264741413,winda.laksmiwati689@gmail.com,"Jalan Laswi No. 194, Bogor, Maluku 02881",9946592424863015
1269,Cahyadi Nasyidah,M,1970-11-01,3602010111708527,08195960001,1871638819,5192719189938199,cahyadinasyidah@gmail.com,"Jalan Rajiman No. 1, Palangkaraya, SU 76463",9956791148898584
1270,Kadir Hutapea,M,1987-11-22,3273012211878598,082257601808,622624915289328,4665177313197496,kadir.hutapea@hotmail.com,"Jalan Kapten Muslihat No. 19, Cimahi, Kalimantan Utara 15401",9978808570817100
1271,Viman Sitorus,F,1993-07-20,3103016007935647,08787651182,61639172715483,5328134135033460,viman.sitorus731@hotmail.com,"Gg. Kutisari Selatan No. 6, Meulaboh, DI Yogyakarta 84552",9993425409223149
1272,Praba Yolanda,F,2009-02-14,6101015402097225,+6287744654482,498212558877405,4315134650865691,prabayolanda942@yahoo.co.id,"Jl. HOS. Cokroaminoto No. 5, Pasuruan, YO 98994",9979018172440572
1273,Maria Wibisono,F,1983-04-29,3204016904837854,08813412538,51065729976,6011656206703939,maria.wibisono385@outlook.com,"Jl. Soekarno Hatta No. 956, Malang, RI 55842",9946019546288431
1274,Ikin Uyainah,F,2001-03-16,3273015603010549,088539711820,50935827173,5520310666465183,ikin_uyainah487@ymail.com,"Gg. Surapati No. 565, Kota Administrasi Jakarta Selatan, Papua Barat 70014",9984021472141691
1275,"Viman Saefullah, S.IP",F,2001-08-07,3401014708018202,088179711491,719069239510,5432786686899849,"viman.saefullah,.s.ip@yahoo.co.id","Gang K.H. Wahid Hasyim No. 08, Bima, Aceh 66890",9956578105360738
1276,"KH. Baktianto Laksita, S.E.I",M,1991-07-08,3274010807910815,08774114207,2335294957603,5596108492970455,"kh..baktianto.laksita,.s.e.i535@ymail.com","Gang Jend. A. Yani No. 811, Surabaya, Jawa Timur 32822",9966072705961899
1277,Edi Budiman,M,1964-08-29,3101012908649303,089776213545,531538348,6011995312008599,edi.budiman@gmail.com,"Jalan Ahmad Dahlan No. 599, Bandung, AC 10847",9934682608610862
1278,Darsirah Wahyudin,F,1987-11-25,3273016511877392,+628136423733,341471897621,6011779429210178,darsirah.wahyudin508@ymail.com,"Gg. Otto Iskandardinata No. 535, Bontang, Jawa Timur 06415",9928772301119890
1279,Dt. Liman Hariyah,M,2006-11-12,3303011211061424,+6289907963132,59619651,5466271457065861,dt.limanhariyah@yahoo.co.id,"Jl. Ciumbuleuit No. 419, Tasikmalaya, Nusa Tenggara Barat 41952",9981989843936739
1280,KH. Umaya Kuswoyo,F,1997-09-09,3701014909977578,085112199939,770700227962445,5178430039878060,kh._umaya_kuswoyo434@ymail.com,"Gang Erlangga No. 28, Cirebon, JK 06357",9922342004288940
1281,Ir. Nyana Dongoran,F,2008-03-15,7102015503084982,+6288249320392,97037557854576,5230924643081322,ir..nyana.dongoran178@outlook.com,"Jl. Dipenogoro No. 974, Tebingtinggi, Riau 55855",9912681651486916
1282,"Tgk. Lega Pertiwi, S.Pd",F,2004-08-14,3271015408042264,081564350945,414926622477603,5428071002458862,"tgk._lega_pertiwi,_s.pd116@ymail.com","Jl. Veteran No. 6, Tanjungbalai, Maluku 28986",9994135142098865
1283,Ozy Hardiansyah,F,1956-01-04,5102014401569881,08589338338,98386898258173,5468165223507993,ozy.hardiansyah492@yahoo.co.id,"Gang Moch. Toha No. 745, Banjar, JK 52761",9998917560119567
1284,Salimah Purwanti,F,2005-03-29,3176016903051868,08836849603,399508672266,5181076777867392,salimah_purwanti@ymail.com,"Jl. Setiabudhi No. 084, Pariaman, Riau 96444",9960504715454968
1285,"Dr. Zelda Najmudin, S.Psi",F,1980-01-16,3202015601807049,08823053740,5261033248,5577365188491983,"dr._zelda_najmudin,_s.psi773@gmail.com","Jl. Ir. H. Djuanda No. 23, Pekanbaru, Aceh 41724",9929873721956002
1286,Jasmin Prayoga,F,1961-03-08,3172014803616558,085872476398,7850072843,5458009998669245,jasminprayoga817@gmail.com,"Gang Raya Setiabudhi No. 49, Meulaboh, KB 96024",9955985913230183
1287,Almira Permadi,M,1964-02-05,3203010502640471,085935975434,4649961077997,5322226461533001,almira.permadi@yahoo.co.id,"Gg. Tebet Barat Dalam No. 4, Denpasar, Kalimantan Timur 58286",9977026601720613
1288,Ayu Mandala,F,1967-06-08,5102014806677159,08585145386,26812075,6011000699155851,ayumandala@yahoo.co.id,"Jl. Cempaka No. 174, Serang, JB 04167",9946364915275625
1289,"R.M. Utama Lazuardi, S.I.Kom",F,1984-06-16,3302015606845832,089623221489,499951769,5433038156959078,"r.m..utama.lazuardi,.s.i.kom358@ymail.com","Gang Rungkut Industri No. 706, Blitar, Nusa Tenggara Timur 31392",9911829935951905
1290,Patricia Tamba,F,1982-03-21,3105016103826738,+628522874081,16993821452,5478999962893025,patriciatamba@hotmail.com,"Jl. Veteran No. 901, Sukabumi, Kalimantan Utara 59379",9920514700599057
1291,Cut Ade Hakim,F,1981-07-09,3174014907815250,+628338319126,9965498184409,6011386547192708,cutadehakim976@hotmail.com,"Gang Dipenogoro No. 22, Metro, Kepulauan Riau 18559",9974366571826034
1292,"Mila Prastuti, M.Ak",F,1971-11-26,7101016611717733,081366230056,561501235066,5556605059085571,"mila_prastuti,_m.ak338@ymail.com","Gg. Sentot Alibasa No. 3, Tidore Kepulauan, Kalimantan Timur 67781",9990852292533017
1293,Icha Farida,M,1970-08-05,5102010508709387,08589474372,45219609,4027647142432113,icha.farida@yahoo.co.id,"Jalan Gedebage Selatan No. 4, Dumai, GO 77666",9928810555479729
1294,Elma Wahyuni,M,1973-07-27,5103012707737374,08553309831,3378034633287,5225656866805809,elma.wahyuni51@ymail.com,"Jl. Astana Anyar No. 2, Tanjungpinang, MU 80619",9940291346328043
1295,Dipa Hidayat,M,1958-06-11,3302011106587687,08321543857,87949148,5415144661995419,dipa_hidayat@gmail.com,"Gang Astana Anyar No. 76, Magelang, Kalimantan Utara 23718",9968408821229038
1296,Bagus Mandala,M,1974-06-03,3502010306746405,089645536377,6990234423816,5126648491861461,bagus.mandala@outlook.com,"Gang Merdeka No. 11, Bukittinggi, MA 00037",9985644403482411
1297,"Sutan Kairav Nasyiah, M.Farm",M,2000-01-16,3402011601003386,+628555131356,802784734,5279372239176196,"sutankairavnasyiah,m.farm996@ymail.com","Jl. Ir. H. Djuanda No. 65, Metro, Kalimantan Tengah 78417",9958727134803588
1298,Rama Zulaika,F,1990-10-21,7101016110904479,08553574087,173972961756,5277990618344256,rama.zulaika@ymail.com,"Jalan Sadang Serang No. 820, Bengkulu, KR 65266",9946688968956839
1299,Maimunah Prasetya,F,1971-01-09,3302014901711277,+6285315286348,717064914,5253375201569148,maimunah_prasetya@outlook.com,"Gg. K.H. Wahid Hasyim No. 55, Kota Administrasi Jakarta Barat, SB 65697",9959353798164608
1300,Paris Farida,F,2007-12-29,3274016912073077,089984091341,190719571,5545149514955836,parisfarida@outlook.com,"Jl. Pelajar Pejuang No. 4, Bitung, BA 62506",9915104779276172
1301,drg. Jane Winarno,F,1986-06-16,3103015606869745,083818084388,94827230990704,5564450300604517,drg.janewinarno@ymail.com,"Jl. Veteran No. 767, Serang, KI 09793",9977471845623844
1302,Zelaya Mandala,M,1969-02-09,3105010902690865,+628127632722,469504326059047,5153522654930536,zelayamandala@hotmail.com,"Gg. Bangka Raya No. 5, Denpasar, Jawa Tengah 47780",9961955547084092
1303,Nilam Purnawati,M,1970-09-14,3104011409705681,089626060098,374051431641199,6011136564025424,nilam_purnawati@outlook.com,"Jalan M.T Haryono No. 07, Gorontalo, KI 14782",9985999992475745
1304,Ibun Yuliarti,M,1997-01-06,3102010601973103,088335799389,689225174752,5449775655128899,ibunyuliarti342@yahoo.co.id,"Gang Cikutra Timur No. 6, Padang, Sulawesi Tengah 63632",9936476480818086
1305,"KH. Karma Aryani, S.Kom",F,2001-01-15,5103015501016683,089670310122,48753421448,5154574988396834,"kh.karmaaryani,s.kom@hotmail.com","Jl. Jakarta No. 084, Blitar, Papua Barat 83336",9962304758943716
1306,"Koko Wibowo, S.Ked",F,2001-01-23,3105016301010589,085535215173,760689924715,5356108010302211,"kokowibowo,s.ked@ymail.com","Jalan Laswi No. 05, Sibolga, Lampung 92085",9925003881505775
1307,Qori Habibi,M,2004-09-28,3273012809046841,+628822328541,3632621445,5171504519678773,qorihabibi@gmail.com,"Gg. Wonoayu No. 19, Medan, Bengkulu 11546",9927543562694087
1308,Winda Nuraini,F,1961-02-19,3273015902613409,081684232635,790336931057,4973238154552782,windanuraini481@yahoo.co.id,"Jl. Peta No. 10, Banjarmasin, Kepulauan Riau 15668",9963616782596614
1309,"Dariati Sitompul, S.Kom",M,1973-07-26,3103012607733527,087840930999,607867969,5499381919487467,"dariati.sitompul,.s.kom@gmail.com","Gg. Rajawali Timur No. 55, Dumai, Banten 16856",9911235499486765
1310,Jinawi Hartati,M,1970-06-06,3101010606704737,+6282351758637,42702899666,5468584311621062,jinawi_hartati@hotmail.com,"Jl. Jakarta No. 16, Pariaman, GO 11586",9996658269963359
1311,"Dr. Indra Kusumo, S.Pt",F,1978-02-14,5101015402783388,+6283843105577,40275960,5489586979358434,"dr._indra_kusumo,_s.pt@yahoo.co.id","Gang Indragiri No. 8, Surabaya, KS 61705",9946834068281914
1312,Paulin Pranowo,F,2001-11-30,3303017011012738,08515860620,904099915,4414050850134746,paulinpranowo166@yahoo.co.id,"Gang H.J Maemunah No. 1, Pagaralam, MU 28535",9968354791212022
1313,Labuh Yolanda,F,2006-08-12,3271015208062993,+6281547254392,70424081744,5153968527682090,labuh.yolanda@yahoo.co.id,"Gg. Surapati No. 2, Pangkalpinang, Sulawesi Utara 80158",9953156485999240
1314,Maria Pudjiastuti,F,1999-03-10,3501015003992015,08178097020,196351591175331,5302533797086045,mariapudjiastuti242@outlook.com,"Jl. Abdul Muis No. 853, Pangkalpinang, KB 66983",9958640165454039
1315,Makuta Uwais,F,1968-12-25,3103016512686026,+6285517201533,42569647,6011413311519686,makuta.uwais625@ymail.com,"Jalan M.T Haryono No. 46, Kendari, Aceh 30897",9952381415945739
1316,"Zaenab Anggriawan, M.M.",M,1961-12-18,3101011812616755,+628961543099,59131565366,5313646351452280,"zaenabanggriawan,m.m.@yahoo.co.id","Gang Waringin No. 11, Bogor, Maluku Utara 78630",9955758071984804
1317,Adika Handayani,M,1997-05-06,3301010605978381,08779799349,8758335219706,5206412315402444,adika_handayani@gmail.com,"Jl. Ir. H. Djuanda No. 4, Depok, Lampung 73057",9912045839029518
1318,"Salimah Hassanah, M.Kom.",M,2001-01-17,3502011701013225,081403491410,7963642721,5164543676879678,"salimahhassanah,m.kom.314@outlook.com","Gg. Dr. Djunjunan No. 59, Malang, Riau 76409",9936168922188923
1319,"Harja Novitasari, S.H.",F,1988-02-13,6101015302886691,08551333279,2702671996,4494918514756160,"harjanovitasari,s.h.@ymail.com","Jalan Asia Afrika No. 5, Cilegon, Lampung 65379",9992073746230268
1320,"Elvina Mahendra, S.Pt",F,1966-01-10,3101015001666527,+6281282287956,196615929,5125789088506902,"elvina.mahendra,.s.pt@hotmail.com","Jl. Erlangga No. 547, Padangpanjang, Bengkulu 57911",9977929012521098
1321,Ani Kuswoyo,M,2004-03-27,3272012703043015,08217302385,2292072230335,5582339895111398,anikuswoyo510@yahoo.co.id,"Jalan Veteran No. 080, Padang, Nusa Tenggara Timur 47597",9974418760215803
1322,"R.A. Gawati Simanjuntak, S.Pd",M,2001-11-04,3701010411019033,+6289878236084,75144486574306,5106814849919872,"r.a..gawati.simanjuntak,.s.pd@ymail.com","Jalan Kutisari Selatan No. 149, Parepare, DKI Jakarta 63866",9921139057523700
1323,"Radika Permadi, S.E.I",M,2001-04-11,3105011104010166,+6281133914198,896330507,6011495044327196,"radika.permadi,.s.e.i@yahoo.co.id","Gg. HOS. Cokroaminoto No. 6, Mataram, Jawa Tengah 46854",9983197865593455
1324,R. Tantri Mandasari,F,2001-07-24,3202016407011827,08956936240,2632381370574,4037622659415259,r.tantrimandasari216@gmail.com,"Jl. BKR No. 2, Probolinggo, Riau 14605",9970747169069384
1325,Kurnia Sirait,M,1959-11-09,3302010911598079,+628831644668,232901029158511,5458110146023532,kurnia_sirait650@ymail.com,"Gg. Gardujati No. 30, Kendari, MU 36930",9981808258337892
1326,Asmianto Firgantoro,M,1960-01-15,3273011501604435,08212356316,70271689278884,6011787181938345,asmianto_firgantoro686@gmail.com,"Gg. M.T Haryono No. 048, Cirebon, Sumatera Utara 54158",9911774202541423
1327,R. Sarah Zulaika,F,2002-10-10,5102015010023811,08112821311,5143044469,5389425963490014,r.sarahzulaika463@ymail.com,"Gg. Merdeka No. 7, Pagaralam, DKI Jakarta 66280",9941819733632085
1328,"R. Cahyono Mandala, S.Farm",M,1982-11-07,3203010711825894,08114195113,17661706166,5446482098728486,"r..cahyono.mandala,.s.farm@ymail.com","Gang Pasir Koja No. 05, Batu, DKI Jakarta 58330",9990794301552589
1329,Najwa Pangestu,F,2001-10-05,3176014510013709,081840557247,2396362091,5304941723190171,najwa.pangestu716@outlook.com,"Jl. Stasiun Wonokromo No. 1, Bogor, SN 76501",9944168079316064
1330,Maria Kuswandari,F,1977-02-09,3176014902771637,088489358404,8126565641656,5367157111207014,mariakuswandari@hotmail.com,"Gang Gegerkalong Hilir No. 8, Padang Sidempuan, Kalimantan Utara 88501",9984095169490821
1331,Vicky Uyainah,M,1994-07-25,3402012507949334,089692625525,603359848,4861868304342292,vickyuyainah896@ymail.com,"Jalan Kutai No. 266, Palembang, Sumatera Selatan 93761",9940525937370635
1332,"dr. Ella Nashiruddin, M.Pd",M,2006-06-28,3175012806060055,+628223989309,13765849,5501405650257871,"dr..ella.nashiruddin,.m.pd@ymail.com","Jalan Raya Setiabudhi No. 8, Bogor, Maluku Utara 97772",9995930806149681
1333,Dr. Kezia Sihombing,M,1978-08-21,3101012108787553,081163691991,96488362696,4636771775296941,dr.keziasihombing@outlook.com,"Jalan Raya Setiabudhi No. 141, Bima, Papua Barat 78939",9923969908479922
1334,"R. Rika Thamrin, S.Sos",F,1958-12-28,3203016812588852,08984124527,150875505624481,5488678950139192,"r..rika.thamrin,.s.sos539@gmail.com","Jalan H.J Maemunah No. 486, Banjarmasin, PA 09244",9921358965718413
1335,"Cemeti Nurdiyanti, M.M.",F,1987-04-23,3102016304870360,08514984382,504624786,5535723627330891,"cemeti.nurdiyanti,.m.m.248@hotmail.com","Jalan Medokan Ayu No. 029, Banda Aceh, JA 25018",9951759007385703
1336,"Argono Lailasari, S.T.",F,1976-05-07,3502014705768193,08192109549,27730790991998,6011467617099518,"argono.lailasari,.s.t.@yahoo.co.id","Gang Jakarta No. 233, Sibolga, Kalimantan Tengah 80620",9966853990047372
1337,Suci Napitupulu,M,1955-12-13,3302011312557905,08381090280,6000444156630,5272756220217580,sucinapitupulu@ymail.com,"Jalan Sukajadi No. 6, Kota Administrasi Jakarta Selatan, Sulawesi Tengah 37405",9913082500298262
1338,"H. Bakiman Yuniar, S.T.",F,1981-12-06,3104014612817529,08123760720,34893237756,5379466853241485,"h._bakiman_yuniar,_s.t.160@ymail.com","Gang Tebet Barat Dalam No. 40, Probolinggo, SB 54453",9981535275863732
1339,"Bella Setiawan, S.Sos",M,1968-12-12,5103011212687231,083146585785,619242793468,5529851652287354,"bella.setiawan,.s.sos89@outlook.com","Jalan Otto Iskandardinata No. 4, Kupang, KI 86267",9965351521143013
1340,Yance Salahudin,M,1966-11-13,3202011311661114,081887774763,131887277,6011960688867423,yance.salahudin@hotmail.com,"Jl. Kapten Muslihat No. 75, Ambon, SS 32698",9985292798190963
1341,"Hj. Hafshah Salahudin, S.H.",F,1967-01-03,3502014301672875,08146346518,2531214138298,5579086865146603,"hj..hafshah.salahudin,.s.h.@hotmail.com","Gg. Astana Anyar No. 4, Banjarmasin, PA 92846",9943344264959677
1342,"Yuni Anggriawan, S.Gz",F,1980-03-28,5101016803800607,085152264124,6295787351683,5102271131800211,"yunianggriawan,s.gz@gmail.com","Jalan Rungkut Industri No. 907, Kediri, SB 95450",9985097397766940
1343,Atma Andriani,F,1968-04-06,3701014604685162,+6287877343282,421836694,5483598084698734,atma.andriani592@hotmail.com,"Jalan Setiabudhi No. 204, Banda Aceh, Kalimantan Barat 43531",9948403495067185
1344,Rina Saptono,F,1962-09-24,3602016409622322,08993702446,698909066094,5383062646588992,rinasaptono@hotmail.com,"Gang Kebonjati No. 112, Surabaya, Nusa Tenggara Timur 42652",9964723469083892
1345,"Tgk. Eka Puspasari, S.Farm",M,2002-12-31,3272013112022332,088320927493,91122021,5212851368405419,"tgk.ekapuspasari,s.farm398@yahoo.co.id","Jalan Cikapayang No. 5, Jayapura, SU 85545",9942362562447116
1346,Siti Astuti,F,2006-10-04,3171014410060021,+6288477519003,17347843267484,5343103233854376,sitiastuti446@yahoo.co.id,"Gg. Dipenogoro No. 745, Lubuklinggau, Kalimantan Timur 06272",9987121959734740
1347,Heryanto Hasanah,F,1984-07-30,7102017007842852,+6282245996822,312558898,5192307814125709,heryantohasanah423@gmail.com,"Gang Sukajadi No. 215, Medan, Sulawesi Selatan 64126",9980117305057208
1348,Paramita Lazuardi,M,1956-10-06,3301010610564156,087875971131,97310242645963,5446845831090357,paramitalazuardi696@ymail.com,"Jl. Kutai No. 0, Samarinda, KI 96303",9977026022739685
1349,dr. Belinda Fujiati,M,2005-01-19,3501011901053120,081650271926,123872880,5336649706959904,dr.belindafujiati@ymail.com,"Gang BKR No. 5, Blitar, SR 31234",9966954795387699
1350,"Drs. Puti Nuraini, S.Gz",F,1997-06-03,3274014306973927,083123950211,100082220532208,5439560898046616,"drs._puti_nuraini,_s.gz@gmail.com","Gg. Suryakencana No. 025, Padang, MA 02823",9976169494559240
1351,Diah Halimah,M,1960-12-28,3202012812607632,08311739066,98857602731603,6011502450632702,diahhalimah712@yahoo.co.id,"Gang Rawamangun No. 991, Tasikmalaya, NB 90443",9995626303961992
1352,H. Damar Yuliarti,F,2003-07-23,3302016307037066,085986676469,528400001,5174378471073828,h..damar.yuliarti@yahoo.co.id,"Gang Merdeka No. 029, Pariaman, JA 50629",9941410053689332
1353,"Waluyo Hastuti, M.Ak",F,1961-05-28,3602016805612695,+628143450154,757866100005911,5462479393348919,"waluyo_hastuti,_m.ak@outlook.com","Jalan Cihampelas No. 281, Bontang, DKI Jakarta 87392",9992875562328889
1354,Drs. Hilda Widodo,F,1963-09-04,3274014409631413,087758008757,613183823708444,5385013813854188,drs._hilda_widodo@yahoo.co.id,"Jalan Tebet Barat Dalam No. 67, Yogyakarta, Bali 29877",9966710538147973
1355,"Erik Situmorang, M.Ak",F,1955-04-07,3302014704557432,+628137733701,4605497127931,5508262775699904,"erik_situmorang,_m.ak@hotmail.com","Jl. Pasir Koja No. 50, Cirebon, Aceh 68387",9981133745837019
1356,Tirta Prabowo,F,1985-03-06,3501014603850176,083261182892,85864358,6011309753363148,tirtaprabowo@ymail.com,"Jl. Kutisari Selatan No. 86, Tual, RI 30409",9993282119438989
1357,"Sutan Empluk Wasita, M.M.",F,1997-05-18,3273015805978455,08387568634,742206992558,6011300358087569,"sutanemplukwasita,m.m.@hotmail.com","Jl. Moch. Toha No. 88, Banjar, YO 82721",9950792501971499
1358,"Tgk. Baktianto Prasasta, S.H.",M,1957-10-29,3173012910578306,088334883192,8783407932,5418167177110341,"tgk..baktianto.prasasta,.s.h.@outlook.com","Jl. R.E Martadinata No. 22, Bengkulu, KU 53208",9940790069599167
1359,"Opan Hutagalung, S.Sos",F,1995-03-09,3271014903958161,085974179184,10001330,6011214890401137,"opanhutagalung,s.sos@gmail.com","Gg. Antapani Lama No. 891, Kota Administrasi Jakarta Barat, Papua Barat 78947",9988613519038802
1360,Arsipatra Gunarto,M,1978-05-06,3101010605787637,08814437645,789158336597,5270914871929083,arsipatra.gunarto@outlook.com,"Jl. Pasir Koja No. 1, Parepare, Aceh 16348",9969400890388571
1361,"Dt. Putu Yolanda, M.Pd",M,1974-12-06,5102010612748761,08332666991,8708665748,5565977597767380,"dt..putu.yolanda,.m.pd41@hotmail.com","Jl. Erlangga No. 851, Sawahlunto, JK 45456",9967912544292841
1362,Latif Widodo,M,1987-11-29,3104012911874067,08993934741,7788657073,5585460521732133,latif.widodo4@ymail.com,"Jalan Kutisari Selatan No. 767, Kendari, ST 18862",9971760762823470
1363,Lanang Thamrin,M,2000-12-02,6101010212008607,08112955769,98837079,5591906231543441,lanangthamrin81@hotmail.com,"Gg. Sukabumi No. 83, Medan, PA 37138",9910431447201700
1364,drg. Pangeran Suwarno,F,2000-11-24,7102016411006505,08811724985,44365094162672,5208962870132150,drg._pangeran_suwarno435@gmail.com,"Jl. Suryakencana No. 4, Batam, Maluku 66276",9997217324382411
1365,Abyasa Sihombing,M,1966-04-09,6101010904667621,085210459992,81898022,4318960503461176,abyasa.sihombing@outlook.com,"Gang Dipenogoro No. 4, Sorong, Gorontalo 24831",9949239199136561
1366,H. Imam Pranowo,F,1987-08-31,3401017108875968,085912335591,256630363386,5548650074435257,h.imampranowo@ymail.com,"Jalan Pasir Koja No. 56, Semarang, SS 03688",9968154233563343
1367,Ade Dabukke,F,1997-04-20,3274016004976515,081706696778,51452448649,4535090435184062,ade.dabukke@ymail.com,"Jalan Surapati No. 3, Tual, NT 29127",9946239693322765
1368,Julia Rahimah,F,2005-09-14,3402015409051611,+628567100499,7438470981,5420509163392361,julia.rahimah@yahoo.co.id,"Jl. Pasirkoja No. 629, Bau-Bau, Sulawesi Tengah 28247",9987746944739291
1369,Ajimat Irawan,F,1961-11-29,3402016911618022,08529249128,10623818392,5251679177619600,ajimat_irawan@gmail.com,"Jalan Ronggowarsito No. 78, Samarinda, Sulawesi Utara 99799",9929793238020988
1370,Wadi Mansur,M,1958-04-13,3201011304583743,08773353153,9724504094,4477168289821821,wadi_mansur293@ymail.com,"Jl. Pelajar Pejuang No. 6, Padangpanjang, Nusa Tenggara Timur 89810",9923618986558218
1371,Gabriella Usamah,F,1978-07-29,3104016907786151,085303864732,4224263783,5381254145287848,gabriella_usamah@hotmail.com,"Jl. Tubagus Ismail No. 129, Mataram, NT 26169",9975525129874739
1372,Gasti Laksita,F,1971-09-08,3272014809717255,+6289634410579,75253293,5524448345199558,gasti.laksita772@outlook.com,"Jl. Suniaraja No. 2, Binjai, Kalimantan Tengah 71675",9947133467351196
1373,"Mursinin Narpati, S.IP",F,1965-05-23,3176016305658909,085270662501,3043771494,5472484926152833,"mursinin.narpati,.s.ip331@ymail.com","Gg. Gedebage Selatan No. 179, Kota Administrasi Jakarta Timur, BT 49037",9988769620312358
1374,dr. Ulva Sihombing,M,1991-07-13,6101011307912877,081280988220,6210942354,5391302792990258,dr..ulva.sihombing@yahoo.co.id,"Gg. Veteran No. 998, Bukittinggi, SU 39225",9977440303943615
1375,Cici Farida,M,1997-03-07,3402010703977596,+628825943260,5080770037,6011817150685241,cici_farida14@ymail.com,"Gg. Stasiun Wonokromo No. 476, Bima, KB 60186",9917033759073491
1376,Tgk. Kani Rajata,F,1967-10-23,3175016310675868,08232866009,594117159036487,5172590125996848,tgk.kanirajata@hotmail.com,"Gang Moch. Ramdan No. 563, Sibolga, Kalimantan Utara 79685",9942267058817928
1377,Cut Sadina Rahmawati,M,1997-01-26,3701012601978864,089615429599,8194770071910,5153363592172341,cut.sadina.rahmawati981@gmail.com,"Gang HOS. Cokroaminoto No. 4, Sabang, KB 77351",9955111642901327
1378,R. Bagas Putra,F,1977-10-24,3601016410774057,085238706115,288959491,5426595173366649,r.bagasputra123@yahoo.co.id,"Gg. Cihampelas No. 721, Surabaya, Kalimantan Timur 02422",9940679330179959
1379,"Zizi Saputra, S.IP",F,1990-02-11,3202015102900381,+628119801106,3443265495,4898197855179151,"zizi_saputra,_s.ip@outlook.com","Jalan K.H. Wahid Hasyim No. 3, Lubuklinggau, Maluku 18144",9988540259231581
1380,Vanya Puspasari,M,1969-09-16,3105011609694420,083289304940,106956981,5483331679266405,vanyapuspasari@outlook.com,"Jl. Pelajar Pejuang No. 509, Palembang, SR 11861",9910409512182087
1381,Ika Anggriawan,F,2008-02-16,3172015602087056,08188106710,751059208653749,5255839318566549,ikaanggriawan@hotmail.com,"Gang Sentot Alibasa No. 989, Depok, SG 54245",9975055520297535
1382,"Mahesa Oktaviani, S.Gz",M,2008-09-05,3101010509086723,+628830786320,130781762325588,4191277615180783,"mahesa_oktaviani,_s.gz@hotmail.com","Jl. Astana Anyar No. 3, Meulaboh, Maluku Utara 29920",9975907944039224
1383,Dimas Kuswandari,F,1989-06-16,3172015606891002,+628175976571,558479519614,5490140905444968,dimas.kuswandari665@yahoo.co.id,"Gang Kutisari Selatan No. 295, Kediri, PB 94118",9925413899987363
1384,Lulut Wastuti,F,1997-06-18,3401015806974034,088539076667,5420315799,5306581124507786,lulut.wastuti@hotmail.com,"Jalan Pelajar Pejuang No. 2, Ambon, Papua Barat 28346",9997814031303318
1385,"T. Mursita Maryati, M.Pd",F,1965-07-17,6101015707650800,08512716623,62601772655,5413261354270188,"t..mursita.maryati,.m.pd@yahoo.co.id","Jalan Waringin No. 18, Palangkaraya, Kepulauan Bangka Belitung 86542",9998350241704554
1386,"Putri Nugroho, S.Sos",M,1970-07-25,3174012507702721,+628770467407,4311564835628,5353184833649212,"putri_nugroho,_s.sos154@hotmail.com","Jalan Cihampelas No. 35, Samarinda, Nusa Tenggara Timur 88959",9975698057076385
1387,Zaenab Usamah,M,1969-11-24,3501012411696292,08550322168,80182155,5341251218833402,zaenabusamah80@ymail.com,"Gang Peta No. 35, Parepare, Riau 04718",9920186431232202
1388,Aris Rahayu,F,1983-06-16,3203015606835602,083266962536,271203457,5541756592300221,aris_rahayu@yahoo.co.id,"Gg. Lembong No. 49, Surakarta, PB 67989",9922886835066983
1389,Anita Wasita,F,1986-07-01,3501014107865098,08573519997,2115292709,5593067642011737,anita.wasita@gmail.com,"Gg. Indragiri No. 149, Bau-Bau, DKI Jakarta 38471",9914342704687068
1390,Yance Tamba,F,1973-05-24,3502016405730588,082120495668,2038953722783,6011929025324489,yancetamba@outlook.com,"Jalan Suryakencana No. 18, Banda Aceh, GO 74492",9994238951134032
1391,"Fathonah Uwais, M.Ak",F,1966-04-01,3401014104667581,089954395928,731245347491,4608478182223444,"fathonahuwais,m.ak587@hotmail.com","Gg. Raya Ujungberung No. 566, Pasuruan, NB 02428",9952515007385618
1392,Yance Nasyiah,F,1978-09-06,7101014609785818,+6283845142157,526071339,4438276461239556,yance_nasyiah@hotmail.com,"Jalan Rajawali Barat No. 250, Prabumulih, Maluku Utara 62648",9990374834255809
1393,Lasmono Zulkarnain,M,2008-10-26,3105012610087234,08166773097,44686207539,4919382891835071,lasmono.zulkarnain638@ymail.com,"Gg. Stasiun Wonokromo No. 635, Jayapura, Bali 01278",9957812958249050
1394,dr. Chelsea Suryatmi,M,1986-06-06,3402010606860604,08385114627,7621762724381,5245651499753010,dr._chelsea_suryatmi266@yahoo.co.id,"Gang Ir. H. Djuanda No. 7, Malang, Sumatera Utara 70365",9986571725406360
1395,Warsita Nababan,F,1977-08-14,3302015408775314,081901222198,913120593089,5493092220241763,warsita_nababan938@gmail.com,"Gang Peta No. 946, Tidore Kepulauan, KU 18123",9966838221475547
1396,Shania Andriani,M,1967-03-21,7301012103672604,08856674000,835496259590121,5155301253436468,shania_andriani@outlook.com,"Gg. Merdeka No. 744, Pangkalpinang, Sulawesi Tenggara 26263",9969979482582184
1397,Paulin Sihotang,F,2006-02-22,3303016202067122,+6285903148221,672055532168,6011555026945058,paulinsihotang@outlook.com,"Gang Yos Sudarso No. 94, Sungai Penuh, Kalimantan Utara 85295",9975099050297201
1398,Ulva Haryanti,M,2001-01-10,3101011001019184,088299392886,20652854,5230523614163702,ulva_haryanti@outlook.com,"Gg. Sukajadi No. 68, Kotamobagu, BA 20767",9946691528540244
1399,Rina Handayani,M,1974-05-13,3172011305740739,08312940799,888104859159054,5148784041471400,rinahandayani525@outlook.com,"Jalan Ciumbuleuit No. 73, Banjarmasin, BE 09406",9991118251906911
1400,Tari Mayasari,F,1975-05-02,3271014205755297,08382913790,98404763309947,6011914159284276,tari_mayasari503@hotmail.com,"Gang Sadang Serang No. 856, Kota Administrasi Jakarta Barat, Nusa Tenggara Barat 32660",9970997565620004
1401,"Prabowo Budiman, S.Gz",F,1989-04-20,3201016004897285,081867856371,71116859524,4716874782563431,"prabowo.budiman,.s.gz@gmail.com","Jl. Cikutra Timur No. 349, Padangpanjang, YO 99899",9913809987687531
1402,"dr. Cindy Irawan, M.Pd",M,1994-12-07,7301010712948576,+628554914101,1174748157,5461942380212457,"dr.cindyirawan,m.pd@hotmail.com","Gg. Pelajar Pejuang No. 61, Tegal, Maluku 76186",9981622912204796
1403,"Abyasa Setiawan, M.M.",M,1982-10-24,5103012410820708,081685743642,5702691546,5369207297223188,"abyasasetiawan,m.m.@ymail.com","Jalan Kendalsari No. 525, Makassar, PA 89142",9967736727408697
1404,"Gina Adriansyah, S.E.",M,1993-02-01,3105010102934958,081839750829,48569802,5444027836268491,"gina_adriansyah,_s.e.112@outlook.com","Gang Asia Afrika No. 47, Solok, Sulawesi Selatan 21405",9917772170527478
1405,Kasiran Wibisono,F,1958-11-04,3204014411587467,08775379260,18238200029780,5378246553092220,kasiran.wibisono@ymail.com,"Gang Rajawali Timur No. 33, Kota Administrasi Jakarta Pusat, SG 24744",9924566586020477
1406,Dacin Simbolon,F,1999-11-26,3172016611993356,08772232723,5160838814,6011899482233228,dacinsimbolon962@outlook.com,"Jl. Tebet Barat Dalam No. 387, Manado, JK 64774",9965619768467877
1407,Damu Utama,M,1960-05-14,3701011405601329,08138632133,3145544722700,6011489974422597,damuutama881@yahoo.co.id,"Jl. Setiabudhi No. 5, Kota Administrasi Jakarta Timur, Sulawesi Barat 81539",9940730627766471
1408,"Dr. Galih Uyainah, S.E.",F,2005-09-27,3202016709058440,08328374320,70830773,5367585987715737,"dr..galih.uyainah,.s.e.239@yahoo.co.id","Gang Wonoayu No. 0, Tarakan, DI Yogyakarta 86558",9939817817066280
1409,"Puti Keisha Haryanti, S.I.Kom",F,2000-07-18,3173015807003021,085805694761,8812079624,5409952242756171,"putikeishaharyanti,s.i.kom252@yahoo.co.id","Jl. Kutai No. 489, Purwokerto, Banten 38146",9921098428997917
1410,Niyaga Sudiati,F,1965-06-03,3172014306651043,+6285255567747,167444998,5407167788030247,niyagasudiati@yahoo.co.id,"Jl. Rungkut Industri No. 97, Tual, Bengkulu 21852",9910273720142127
1411,Ega Iswahyudi,M,1980-09-16,7301011609803513,085718715503,13803543137,5531295048881989,ega_iswahyudi719@ymail.com,"Jalan Kiaracondong No. 155, Dumai, Bengkulu 53030",9975088365754376
1412,Ajeng Hartati,M,1998-11-14,3176011411982907,085380992839,49106204678630,6011381691948671,ajeng.hartati479@ymail.com,"Jl. Kendalsari No. 6, Singkawang, MA 57663",9985689989518741
1413,Jane Sihombing,F,1995-09-04,3202014409954466,+628181851015,8255730180,5472584230227279,janesihombing929@yahoo.co.id,"Jl. Tubagus Ismail No. 9, Makassar, Jawa Tengah 64191",9933652181748313
1414,Vero Wibowo,F,1956-06-12,3101015206563955,08224341663,87597277719846,4534657409683481,vero_wibowo801@gmail.com,"Jl. Ahmad Dahlan No. 2, Surakarta, BB 16826",9966375642439976
1415,Cakrawangsa Hutasoit,M,1999-09-21,3176012109999256,082373605390,200077831,6011826374198709,cakrawangsa.hutasoit@yahoo.co.id,"Jalan Suryakencana No. 99, Bontang, BA 47910",9917959938981893
1416,R.A. Dina Wijayanti,M,1955-10-24,3104012410553783,08147445454,378792447717406,5386799420613761,r.a.dinawijayanti@yahoo.co.id,"Jl. M.H Thamrin No. 7, Tarakan, KS 20074",9962894466340961
1417,Dr. Unjani Mahendra,M,1985-05-22,7301012205852145,08770878790,9121263581,5267102622519333,dr._unjani_mahendra@ymail.com,"Jalan Ir. H. Djuanda No. 5, Kupang, NB 05802",9950552502392033
1418,dr. Agus Wibowo,F,2004-07-17,3274015707047984,+628168401252,420918281247,5466678303172946,dr..agus.wibowo@outlook.com,"Jl. K.H. Wahid Hasyim No. 06, Langsa, Sulawesi Utara 76950",9921310153482167
1419,Edi Hutasoit,M,1993-12-26,5103012612936814,088481419679,945192084,5465385194056848,edihutasoit@hotmail.com,"Gang Laswi No. 165, Palangkaraya, JB 88788",9923966714272186
1420,Titi Wibowo,M,2005-04-04,5101010404055957,+6281699722575,6931227254,5295503079582548,titi_wibowo481@yahoo.co.id,"Jl. Laswi No. 06, Bogor, BA 13860",9997077187955952
1421,Yance Rahmawati,F,2005-01-02,3701014201057946,08839075163,72679409907372,5191764803614548,yance_rahmawati@ymail.com,"Jl. Lembong No. 0, Magelang, JA 89538",9996053724009865
1422,"Qori Siregar, S.Pd",F,1964-04-23,3501016304645454,081284841492,66022935117,6011486369380584,"qori_siregar,_s.pd@outlook.com","Gang Ahmad Yani No. 0, Kediri, Maluku 28395",9946996189436718
1423,"Laila Kusmawati, S.Kom",M,2002-11-17,3303011711021719,088193172610,663147961265,4889975585379970,"lailakusmawati,s.kom@outlook.com","Jl. Kapten Muslihat No. 6, Balikpapan, Kepulauan Bangka Belitung 86562",9969007315848599
1424,Gading Wijayanti,M,1987-03-27,3502012703875408,08229888744,31778545747,5570608558834850,gading_wijayanti@yahoo.co.id,"Jl. Gardujati No. 3, Kota Administrasi Jakarta Barat, Papua 06885",9975643651114739
1425,"Ifa Zulaika, S.Farm",F,1978-04-11,3301015104781349,082265277015,36699818052792,4085463164606642,"ifazulaika,s.farm@yahoo.co.id","Jalan Kendalsari No. 45, Pariaman, KR 95975",9978235170872229
1426,Garda Usada,F,1963-02-15,3303015502638827,08563314932,959282066653,5279710900281007,garda.usada@outlook.com,"Gang Sentot Alibasa No. 5, Pekalongan, Sumatera Barat 87411",9967610110835184
1427,Paramita Winarno,M,1993-04-28,5101012804939187,081144991627,60294250122915,5153759271976618,paramita_winarno172@yahoo.co.id,"Gang Gedebage Selatan No. 1, Pagaralam, Kepulauan Bangka Belitung 34965",9936730959755838
1428,Pranata Tamba,M,1997-09-19,7101011909970408,08527017744,58649175078,6011312331534972,pranata_tamba@outlook.com,"Gg. Cempaka No. 9, Kendari, AC 93582",9920064339824580
1429,Harto Nababan,M,1958-07-04,3274010407587415,08314164866,4973278602,6011849635550129,harto.nababan@hotmail.com,"Gang Suryakencana No. 2, Kota Administrasi Jakarta Utara, Jawa Tengah 84834",9958978044855924
1430,R. Natalia Wibowo,M,1996-11-30,3302013011963135,087830196549,69445991,5252102038870710,r..natalia.wibowo858@gmail.com,"Gang Suryakencana No. 0, Subulussalam, SS 40334",9950539542004259
1431,Salman Sitorus,M,1985-02-07,3271010702852314,08510468797,108486542,5256862229054411,salman_sitorus@hotmail.com,"Gg. Ahmad Dahlan No. 67, Malang, Maluku Utara 46053",9980069740375260
1432,Azalea Susanti,M,1986-11-04,3101010411863548,08957064872,9389517520477,4048307627325539,azaleasusanti162@hotmail.com,"Gang KH Amin Jasuta No. 2, Bogor, BE 36499",9988598829196592
1433,R. Titin Nuraini,M,1958-08-11,3101011108586467,08155063483,4014646750,5180954185203979,r..titin.nuraini@gmail.com,"Jalan S. Parman No. 02, Manado, MU 83077",9948878128199197
1434,Pia Mandala,F,1973-07-31,3105017107733569,+6281309809934,10876848655842,5152776857556445,pia.mandala@outlook.com,"Jalan Veteran No. 39, Mojokerto, Sulawesi Utara 46078",9958028444717671
1435,"Cut Yance Laksmiwati, S.Psi",M,1988-02-15,3272011502889880,+628565267494,3166095238,6011149871420358,"cut_yance_laksmiwati,_s.psi903@outlook.com","Gg. Ronggowarsito No. 51, Samarinda, Kepulauan Riau 14925",9941020928808078
1436,Ikhsan Saefullah,M,1966-05-03,3103010305664153,082193863623,653373477630658,5282765469915899,ikhsan_saefullah@yahoo.co.id,"Gang Pasteur No. 76, Metro, Maluku Utara 70554",9979190688134078
1437,Sadina Pranowo,F,1994-05-18,7101015805941686,+6281829836876,85056115,6011551074981887,sadina_pranowo815@gmail.com,"Gang Kapten Muslihat No. 15, Salatiga, KB 09490",9962386087169214
1438,"Halima Salahudin, S.IP",M,1981-07-03,3271010307817996,+6282229701268,662420605,5511697690543528,"halima_salahudin,_s.ip@gmail.com","Gang Rawamangun No. 001, Magelang, BB 73494",9951853964177468
1439,Reza Wahyuni,F,1968-03-11,3272015103689536,+628113271073,692123034899056,5543172104631183,rezawahyuni396@gmail.com,"Jl. Setiabudhi No. 78, Padang, BB 35474",9919378713707731
1440,Tgk. Taufik Yulianti,F,1960-05-09,7102014905603429,08315445931,22547099734,6011135054076470,tgk..taufik.yulianti666@yahoo.co.id,"Gg. Jakarta No. 285, Malang, BA 79475",9992655056205062
1441,Martani Wasita,F,2005-04-28,3104016804056702,08853145394,82078458,5258402227760217,martaniwasita56@outlook.com,"Gg. Medokan Ayu No. 1, Padang Sidempuan, JI 34704",9978246490136647
1442,Dwi Wacana,M,1956-03-12,3303011203562898,08974445190,521083063443710,5584257542373534,dwiwacana265@yahoo.co.id,"Gang Otto Iskandardinata No. 7, Kupang, JA 59508",9953842930099863
1443,Intan Wahyudin,F,1993-09-15,7101015509938351,08552535022,569033847137058,5375222120040234,intanwahyudin994@yahoo.co.id,"Gg. Astana Anyar No. 961, Batu, SG 90017",9916648608248318
1444,Michelle Pertiwi,M,1995-09-12,3274011209958930,+628998453500,7383666943658,5394919978513447,michelle_pertiwi744@yahoo.co.id,"Gang Kutisari Selatan No. 855, Mojokerto, JT 59389",9932744842245065
1445,Shania Prayoga,F,1978-02-13,5103015302788149,085559428318,26663342809115,5216824977054915,shania.prayoga947@gmail.com,"Gang Moch. Toha No. 58, Banjar, SB 72288",9962245823111413
1446,"R. Dariati Pradipta, S.I.Kom",F,1966-10-15,5103015510666501,08312674907,61383456293,5149565158223095,"r._dariati_pradipta,_s.i.kom499@gmail.com","Jl. Pasteur No. 097, Cimahi, Sumatera Barat 93663",9989879271263280
1447,"Vera Purnawati, S.Farm",F,1972-02-24,3701016402726690,+6283212498334,779693892529,4493735290831169,"verapurnawati,s.farm676@outlook.com","Jalan Kiaracondong No. 0, Palu, KI 65826",9947145839959321
1448,R.M. Soleh Siregar,F,1999-09-23,3701016309998589,089632071811,518269718701,5239874054191990,r.m.solehsiregar307@gmail.com,"Gg. Kutai No. 12, Pagaralam, Gorontalo 22321",9927192094879041
1449,"Caturangga Sinaga, S.E.",F,1969-06-17,3204015706692764,08334227404,3858937081,4357431891004926,"caturangga_sinaga,_s.e.@gmail.com","Gg. H.J Maemunah No. 9, Magelang, MA 57446",9931212686065112
1450,"Gabriella Najmudin, S.I.Kom",F,2004-08-09,3202014908049332,+628986315081,77042957903540,6011642823598482,"gabriellanajmudin,s.i.kom933@outlook.com","Jalan Gardujati No. 1, Bau-Bau, KT 73805",9997681533997571
1451,Kusuma Yuliarti,M,1963-01-03,7102010301636860,+6281912123496,80627235264,5536113887057166,kusuma.yuliarti858@outlook.com,"Gang Monginsidi No. 18, Payakumbuh, DKI Jakarta 62201",9962599316905380
1452,Sutan Dalimin Prasasta,F,1969-04-22,6101016204698076,08139646146,938560166858,6011677895324979,sutan_dalimin_prasasta@ymail.com,"Jl. Gardujati No. 728, Meulaboh, AC 08764",9915799104417602
1453,Aurora Pertiwi,M,1980-07-09,3502010907801243,08566038615,336837803717,4865880746120466,aurora_pertiwi310@outlook.com,"Gang Dr. Djunjunan No. 3, Metro, Jawa Tengah 07671",9971092978545599
1454,Yusuf Kuswoyo,F,1989-08-01,3274014108896316,+6285638139222,52103799,5420487937012337,yusuf_kuswoyo791@ymail.com,"Gg. R.E Martadinata No. 8, Sabang, BE 18693",9940643495131803
1455,"Hj. Elisa Wibisono, S.Pd",F,1957-08-16,5102015608575686,+628112929929,23370457,5208507491139285,"hj..elisa.wibisono,.s.pd202@ymail.com","Gang Rawamangun No. 19, Padang, BT 39064",9997708867804178
1456,Cut Padmi Laksita,M,1998-03-14,7102011403982422,08961380033,77361404761,5445615818110699,cutpadmilaksita@ymail.com,"Jalan Sadang Serang No. 1, Tangerang Selatan, Bengkulu 81589",9933099126060309
1457,Puji Megantara,M,1960-08-08,3271010808608036,088289320108,172322747,5430194410883441,puji_megantara156@yahoo.co.id,"Gg. Pelajar Pejuang No. 153, Serang, KU 25260",9951036203861469
1458,Indra Pertiwi,M,1962-10-21,3203012110629800,+628597858477,38310915719,6011104397923411,indra.pertiwi@hotmail.com,"Gang Monginsidi No. 293, Yogyakarta, Papua 84391",9959001901812455
1459,Melinda Permadi,M,1955-06-11,3302011106559944,+628331062684,977689617,5387296204297580,melindapermadi@gmail.com,"Gang Sadang Serang No. 69, Yogyakarta, NT 02140",9953434534573810
1460,"R. Cakrawangsa Palastri, S.H.",M,2004-03-17,3174011703040477,+628835923065,782515288004960,6011546905084957,"r.cakrawangsapalastri,s.h.90@gmail.com","Gang Monginsidi No. 9, Salatiga, Aceh 59717",9946489674359797
1461,Sabri Laksita,M,2005-05-17,3174011705054634,08990878875,42284413335802,5510377002335821,sabri.laksita@outlook.com,"Gg. Tubagus Ismail No. 7, Samarinda, Maluku 24605",9975928494992190
1462,Hafshah Namaga,F,1960-03-30,3272017003606063,+628998832860,24354349189245,5557464333040304,hafshahnamaga682@ymail.com,"Jl. Cihampelas No. 84, Tomohon, Sulawesi Tenggara 77600",9921449426903155
1463,Galak Simbolon,M,1976-02-25,3402012502768414,08315062925,59194373,5131293865568503,galak.simbolon@gmail.com,"Gg. Moch. Toha No. 332, Sawahlunto, SR 57451",9984786712846107
1464,Puput Setiawan,M,1997-04-21,3402012104973113,088479279513,751835914612,4140798340077166,puputsetiawan@gmail.com,"Jalan Gardujati No. 1, Meulaboh, Bali 42707",9972109214109047
1465,"Ir. Karen Prastuti, S.Pd",M,1987-04-22,3301012204879943,08962155339,4175286122400,4259375818350024,"ir..karen.prastuti,.s.pd575@hotmail.com","Jl. Dr. Djunjunan No. 797, Lhokseumawe, ST 45657",9984666593290437
1466,Dr. Eka Marbun,F,1963-04-21,3402016104638000,088323518026,592884163,5544779279693922,dr..eka.marbun355@gmail.com,"Gang Pasteur No. 0, Sawahlunto, AC 68560",9961628946187130
1467,Tari Rahayu,F,2000-09-22,3171016209004113,08313043494,9826874433731,5202903008103914,tari.rahayu119@gmail.com,"Jl. M.T Haryono No. 687, Solok, Sulawesi Tengah 77957",9958462227299217
1468,"Danang Purnawati, M.Farm",F,1957-06-02,5101014206578808,+628961634844,63447550,6011823828881610,"danang.purnawati,.m.farm971@gmail.com","Jalan Yos Sudarso No. 92, Batam, JK 73512",9985348824904286
1469,Ellis Nashiruddin,M,1985-02-14,5103011402853699,081414635542,96387203238322,5304943274026556,ellisnashiruddin@hotmail.com,"Gg. Kiaracondong No. 333, Bontang, Kalimantan Tengah 44606",9988771275200932
1470,Rafid Waluyo,M,1999-03-11,3102011103993861,08580818548,2438827374909,5444718132406214,rafidwaluyo292@gmail.com,"Gg. Kendalsari No. 23, Palembang, RI 29412",9940482380887843
1471,Jaya Hardiansyah,F,1982-07-12,3202015207827174,+628557025556,515771807,5292239665285141,jaya.hardiansyah@ymail.com,"Gang Ahmad Dahlan No. 5, Prabumulih, Sulawesi Utara 31198",9935404389436294
1472,Eli Tarihoran,F,1997-07-05,3203014507975196,089756599250,47364353712,4463070095830427,elitarihoran946@yahoo.co.id,"Jl. Raya Ujungberung No. 764, Mataram, NB 78688",9943737608943104
1473,Puji Widodo,M,1989-08-21,3174012108892902,083857474493,452160834028974,6011093934964799,puji.widodo@ymail.com,"Jl. Kutai No. 213, Pariaman, Banten 95866",9957282724331412
1474,Ir. Salimah Mustofa,F,2005-01-10,3102015001051724,087726267188,7701361916,5373221775941446,ir._salimah_mustofa@gmail.com,"Gg. Kiaracondong No. 1, Cilegon, MA 62917",9949418213575937
1475,drg. Ira Salahudin,F,2004-08-29,3274016908043668,+6289797916276,496063007982,5138917873563923,drg..ira.salahudin112@ymail.com,"Jl. Kebonjati No. 888, Parepare, Aceh 51028",9929981837278493
1476,Silvia Hutapea,F,1981-07-18,7101015807817821,+628975105973,95009479479293,6011616629087928,silviahutapea404@yahoo.co.id,"Jl. Suryakencana No. 175, Mataram, Kepulauan Riau 64879",9970077496225421
1477,"Puti Amelia Santoso, S.Sos",F,1962-08-20,3701016008627008,+6285763527360,650408413838901,4752820790779880,"putiameliasantoso,s.sos@ymail.com","Gang Suryakencana No. 0, Manado, JI 97442",9962588327651420
1478,Taswir Widodo,F,1999-10-10,3271015010996787,+6289602802802,5466165175,5466626570438836,taswir.widodo@yahoo.co.id,"Gang R.E Martadinata No. 309, Pekalongan, Sumatera Barat 38368",9947304033125712
1479,Irsad Hardiansyah,M,1993-05-27,3175012705933068,08387649857,373598407054,5320926465296792,irsad_hardiansyah924@gmail.com,"Gang Kutisari Selatan No. 326, Batu, Kepulauan Riau 81970",9995033914389471
1480,Najam Kurniawan,M,1960-05-17,3602011705606714,08847310017,760022003642382,5135522094124565,najam.kurniawan@yahoo.co.id,"Jalan Astana Anyar No. 2, Batu, JB 18285",9913263721135343
1481,Niyaga Maryadi,M,1962-01-12,3402011201624225,+6281211396545,2765698364950,6011926289757202,niyagamaryadi@gmail.com,"Jalan Ronggowarsito No. 5, Semarang, GO 85511",9967045798655527
1482,Rama Suartini,M,1978-05-25,3301012505783873,081689947099,79981892,5171044907113645,rama_suartini@outlook.com,"Jalan Asia Afrika No. 57, Tanjungpinang, JA 24873",9984945934715973
1483,Harsana Mustofa,F,1986-09-07,6101014709865147,08843912779,4875189534297,5503977338004141,harsanamustofa@yahoo.co.id,"Jl. Jend. Sudirman No. 97, Kendari, SN 72443",9968805375905490
1484,Lasmono Siregar,F,1989-07-09,3301014907892019,081123200865,4348781934,6011211474675739,lasmono.siregar719@gmail.com,"Jalan Rungkut Industri No. 57, Makassar, RI 38029",9998393468990418
1485,Prabowo Prasetyo,F,2004-08-31,3273017108045462,+628957312432,347617403530056,5441727340697546,prabowo.prasetyo@outlook.com,"Jalan PHH. Mustofa No. 96, Sorong, BA 94091",9910789028014552
1486,Novi Pradana,M,1977-11-01,3302010111770899,+628852983092,47045038607,5194306287345120,novipradana@ymail.com,"Gg. Jend. A. Yani No. 62, Mataram, BB 03693",9985570576190827
1487,"R. Nasim Santoso, S.Gz",F,1958-01-28,3303016801588893,083393160278,976561280695,5221109531615669,"r._nasim_santoso,_s.gz735@ymail.com","Gg. Moch. Toha No. 172, Mojokerto, Maluku 47569",9939687263005168
1488,Tomi Anggriawan,F,2007-07-29,3271016907071859,08538810423,3479655450855,5288598069043981,tomi_anggriawan528@ymail.com,"Jl. Lembong No. 98, Palopo, Maluku 29835",9952859005929794
1489,"Heryanto Laksmiwati, M.Kom.",F,1988-07-01,3171014107886482,+628136909594,2989902077,5330881530293333,"heryanto_laksmiwati,_m.kom.817@outlook.com","Jl. Jend. A. Yani No. 624, Tegal, Kalimantan Utara 50032",9958645059912778
1490,Kamal Firgantoro,M,1987-11-21,5103012111879475,085338412791,6332588840,5216274221211548,kamalfirgantoro279@ymail.com,"Gang Tubagus Ismail No. 442, Pekalongan, Sumatera Barat 55404",9959330931765491
1491,Bancar Wacana,M,1964-09-19,3101011909644894,+628950168107,897309514607372,4403240440121781,bancar_wacana978@yahoo.co.id,"Gg. Cempaka No. 49, Solok, KS 39690",9953683066282826
1492,"R.A. Ulya Winarsih, M.Farm",M,1970-03-07,3502010703701137,+6281850129043,9686677564,5398363320948163,"r.a.ulyawinarsih,m.farm860@yahoo.co.id","Gg. Stasiun Wonokromo No. 3, Palu, Kalimantan Selatan 81330",9910238785195762
1493,Enteng Siregar,F,2005-08-30,3173017008051102,+6285918702739,88314642508823,5143969647732372,enteng.siregar@ymail.com,"Jl. Moch. Ramdan No. 41, Bukittinggi, Lampung 40985",9944755247919061
1494,"Dr. Endah Hakim, S.H.",M,1965-07-08,3176010807655010,081118694605,8450569582,5316913438125806,"dr..endah.hakim,.s.h.328@yahoo.co.id","Gg. Ciumbuleuit No. 02, Blitar, Maluku Utara 07155",9994379285569005
1495,"Dr. Anastasia Rahmawati, S.T.",F,1972-09-20,3203016009727788,+628964404241,66261604643007,5147660531397830,"dr._anastasia_rahmawati,_s.t.291@outlook.com","Jl. H.J Maemunah No. 4, Mojokerto, Maluku 19925",9994901718544889
1496,"Puti Diah Sinaga, S.H.",M,1999-02-11,5103011102997740,08994242784,387612826,4249987799948197,"puti_diah_sinaga,_s.h.@outlook.com","Jl. Pacuan Kuda No. 5, Malang, Kalimantan Timur 94197",9987608799860585
1497,"Najwa Sihotang, S.I.Kom",M,1961-02-26,3103012602617506,+6283110408673,94810624716569,5186512054152809,"najwasihotang,s.i.kom496@hotmail.com","Gang Moch. Ramdan No. 824, Kota Administrasi Jakarta Barat, BA 16218",9911092998147761
1498,"Mala Prakasa, S.Psi",M,1990-09-12,3601011209909524,08330233627,63813789562354,6011351290458965,"mala.prakasa,.s.psi725@ymail.com","Gg. Bangka Raya No. 504, Banjarmasin, Maluku Utara 85697",9961212881726844
1499,Gaduh Nainggolan,M,1980-01-31,3204013101800787,08780451066,68809592,5543981588322574,gaduh.nainggolan@gmail.com,"Jl. Kutai No. 101, Tual, Sulawesi Barat 03927",9986404941499709
1500,Dr. Kalim Januar,F,2000-02-02,3502014202000710,08158149896,27815483611538,5136644934743038,dr._kalim_januar@outlook.com,"Gang Kapten Muslihat No. 638, Padang Sidempuan, Sumatera Selatan 85185",9987019353600272
1501,Cut Kamaria Utami,F,2005-07-28,3303016807056484,08961556816,50578766017829,5314730748027974,cutkamariautami@outlook.com,"Gang Stasiun Wonokromo No. 2, Pariaman, Kalimantan Barat 07272",9911761805519413
1502,"Suci Puspasari, S.IP",M,1999-09-18,3602011809999580,085952174565,486844380684,4457955738156796,"sucipuspasari,s.ip@ymail.com","Jl. Erlangga No. 564, Pangkalpinang, SU 08306",9958378856998303
1503,KH. Liman Padmasari,F,1987-10-23,3272016310873082,08123276391,839768765964,6011718175340968,kh..liman.padmasari649@hotmail.com,"Gang Peta No. 8, Padang Sidempuan, SG 46749",9922249734069768
1504,Kezia Novitasari,F,1957-02-12,3302015202576868,+6285640602109,36969672783322,5337319682436989,kezia.novitasari@gmail.com,"Jalan Stasiun Wonokromo No. 71, Pagaralam, MA 60595",9970589295558243
1505,Gadang Prayoga,F,1999-07-19,7301015907997353,081571569147,22983945,5216460715006659,gadang.prayoga562@yahoo.co.id,"Jalan Kutai No. 002, Pontianak, Nusa Tenggara Timur 53377",9914441211266647
1506,Ajiman Wastuti,F,1981-03-31,3302017103816136,+6289985922220,69774144201803,5220687217046684,ajiman_wastuti@ymail.com,"Gang Stasiun Wonokromo No. 19, Padangpanjang, Gorontalo 48720",9995935805653351
1507,Eluh Widiastuti,F,2001-03-24,3101016403012038,082371230465,69980166581366,5522208610213052,eluh.widiastuti895@yahoo.co.id,"Gang Sadang Serang No. 00, Kupang, Banten 99839",9990730792073916
1508,Siti Haryanti,F,2000-12-06,5103014612009022,+6285588146082,507943444175666,4962132392950198,siti_haryanti830@gmail.com,"Gg. Sukabumi No. 630, Yogyakarta, Lampung 83000",9928945935333520
1509,Genta Sihotang,M,1986-07-19,3502011907865566,08828726705,488309045,5581672919304201,genta.sihotang982@ymail.com,"Jl. Rajiman No. 4, Palembang, Sulawesi Barat 46628",9932528605856755
1510,"Febi Tamba, S.IP",F,1988-08-25,3274016508881820,+6282365672241,60384101959922,5149244406615921,"febitamba,s.ip@gmail.com","Gg. Jakarta No. 56, Ambon, JI 30234",9993167212839088
1511,Uli Hastuti,F,1957-04-25,3501016504574546,+6288418382559,31172456051,5420808617808718,uli.hastuti@ymail.com,"Gg. Ciwastra No. 5, Kota Administrasi Jakarta Selatan, GO 80516",9953197571936494
1512,Nyana Namaga,F,1976-12-12,3104015212762451,08170570365,3570727929046,5599811721370268,nyananamaga74@outlook.com,"Jl. Rajiman No. 8, Yogyakarta, Kepulauan Riau 90986",9964357502745475
1513,Chelsea Simbolon,F,1998-05-24,3103016405988152,+628212410262,18320914319,5184153118923079,chelsea.simbolon@ymail.com,"Gang M.H Thamrin No. 44, Balikpapan, Jawa Tengah 48248",9930076664224609
1514,Fitriani Hidayanto,F,1984-08-07,3103014708848670,089713042387,10779642,5577097852539910,fitriani.hidayanto938@hotmail.com,"Gg. Ciumbuleuit No. 50, Batu, Jambi 26691",9919586145932014
1515,"R. Lukita Prayoga, M.Farm",M,2004-11-23,3175012311047546,081785195442,54025885510,5489217108748533,"r..lukita.prayoga,.m.farm348@hotmail.com","Jalan Astana Anyar No. 71, Bima, JB 69247",9988688143572433
1516,Ir. Prayoga Prabowo,F,1977-04-23,3176016304775550,081777538817,63247811016,5119897446931687,ir.prayogaprabowo91@gmail.com,"Jl. Pasirkoja No. 413, Pematangsiantar, GO 81405",9950455964816174
1517,"Tiara Pradipta, S.E.",M,2004-12-24,3172012412048086,+6282145196492,76190174,6011842524671938,"tiara.pradipta,.s.e.392@outlook.com","Jalan Rajawali Timur No. 70, Padangpanjang, AC 06714",9937977040587094
1518,drg. Karsa Prabowo,M,1990-11-19,7101011911907853,08315898324,6133316954323,5146935516978839,drg.karsaprabowo952@outlook.com,"Jl. Pasirkoja No. 64, Parepare, Jawa Barat 75794",9953349334866520
1519,Tari Santoso,M,1997-11-25,5103012511971979,+6288227169656,6392840347696,5254406689942535,tari.santoso@outlook.com,"Gg. Pasirkoja No. 99, Ambon, Kalimantan Timur 91369",9942682905275512
1520,Rahman Usamah,M,1970-10-24,7301012410700494,08228721398,30056572,5538616018619130,rahmanusamah950@hotmail.com,"Jl. Sukajadi No. 326, Malang, KI 80576",9918336428666965
1521,"Raihan Firgantoro, S.Pt",F,1968-04-01,3303014104688864,081318404773,28849741632,5185563366023528,"raihanfirgantoro,s.pt@outlook.com","Gang Tubagus Ismail No. 253, Bandung, Papua Barat 00474",9990748093741853
1522,Malika Rahimah,M,2006-07-18,3273011807061930,+628858913051,290581479605623,5109479768854345,malikarahimah395@hotmail.com,"Gang M.T Haryono No. 703, Bima, BA 77017",9931897916515089
1523,"Sutan Martani Laksmiwati, S.Psi",F,1981-06-21,3202016106816602,085633300304,72342530128194,4011295207818741,"sutan.martani.laksmiwati,.s.psi311@hotmail.com","Jl. Cempaka No. 1, Batu, ST 96004",9973411912514518
1524,Virman Iswahyudi,M,1988-06-24,5103012406880610,08177375143,65462228476,5300974909126191,virman.iswahyudi@hotmail.com,"Jalan Setiabudhi No. 96, Kota Administrasi Jakarta Utara, KI 38496",9951872070946343
1525,Kasiyah Marpaung,M,2008-05-25,7102012505086076,+628590489656,795449569775,5261234001522909,kasiyah_marpaung@hotmail.com,"Jalan Lembong No. 3, Kota Administrasi Jakarta Barat, Aceh 49992",9977933607781358
1526,Kamaria Prabowo,F,1975-12-27,3102016712759726,+628180121722,442208241985,5378734137230732,kamaria_prabowo@yahoo.co.id,"Gang Moch. Toha No. 739, Tual, SN 48723",9980527953008017
1527,"Dr. Ridwan Tampubolon, M.TI.",F,1998-01-08,5101014801984163,088135258535,2541436043872,5230884860641449,"dr.ridwantampubolon,m.ti.158@gmail.com","Jl. Ronggowarsito No. 6, Surabaya, JK 13493",9963720065124496
1528,"drg. Vero Sudiati, S.Sos",M,1997-12-05,3201010512978141,+6287890155088,49584545052965,5170476809856830,"drg._vero_sudiati,_s.sos56@gmail.com","Jalan Siliwangi No. 81, Kediri, MU 92116",9984005826041689
1529,Hartana Rahmawati,M,1962-07-27,3203012707625046,08127554701,6033693683,5202110454980463,hartana.rahmawati405@yahoo.co.id,"Gang Rajawali Barat No. 39, Balikpapan, Gorontalo 55703",9953121071256067
1530,Dwi Wijayanti,M,1987-07-29,3172012907876931,089534916605,839045543623319,5531210811038779,dwi.wijayanti@gmail.com,"Gg. Suniaraja No. 9, Mataram, Maluku Utara 90509",9972792194882503
1531,Anastasia Ardianto,F,2005-02-07,7301014702059854,08839687066,431650983381,5527249014054399,anastasia.ardianto287@ymail.com,"Jl. Ciwastra No. 61, Batu, Sulawesi Tenggara 84498",9994630254653178
1532,Sabar Pradipta,F,1959-08-20,5102016008594018,+6288239537258,4584962003230,5101926860173858,sabar_pradipta707@hotmail.com,"Jl. Ahmad Dahlan No. 69, Tual, Riau 23310",9916942187223981
1533,Paris Maheswara,F,1969-06-14,3273015406698912,082361426624,87041108002649,4359748956425272,paris_maheswara@gmail.com,"Gg. Siliwangi No. 61, Blitar, YO 20631",9978725675015994
1534,Yuni Suwarno,M,1983-08-19,3171011908835944,+6285725656337,448891900002,5220127760662595,yuni_suwarno778@ymail.com,"Jalan KH Amin Jasuta No. 3, Bukittinggi, Kalimantan Selatan 41693",9951637441676045
1535,Galiono Utami,F,1978-01-31,3175017101781592,085384217274,2940478913,5371616849899126,galiono_utami@ymail.com,"Gang Pelajar Pejuang No. 323, Tasikmalaya, Kalimantan Timur 52826",9973531701290066
1536,Cayadi Wibowo,F,1998-09-07,3272014709985022,083109733309,138242985270497,5534446346474964,cayadi_wibowo@yahoo.co.id,"Gang Jend. A. Yani No. 529, Tual, Kepulauan Bangka Belitung 48436",9921691324447207
1537,"Puput Fujiati, M.TI.",M,1996-08-13,3271011308966101,08531815958,4688660882,5123511395225493,"puputfujiati,m.ti.815@hotmail.com","Gg. Merdeka No. 064, Sibolga, Sumatera Utara 58771",9912712055329904
1538,Tira Tampubolon,M,2000-08-15,3272011508007695,08380132470,18141423757,5254517330165480,tira_tampubolon402@outlook.com,"Gg. Ahmad Dahlan No. 90, Manado, Gorontalo 04637",9922719677447787
1539,Elma Widodo,F,1964-04-19,3271015904646893,+6283851728642,70171472229,6011453196516444,elma.widodo@hotmail.com,"Jl. Kebonjati No. 84, Prabumulih, AC 95599",9913925645126927
1540,Nadia Pradana,F,1985-11-14,3274015411858483,+6281120796199,996591311870878,5515749167165676,nadia.pradana692@outlook.com,"Gang Indragiri No. 51, Kota Administrasi Jakarta Pusat, ST 11173",9986960789501675
1541,Amalia Pratama,F,2008-07-18,3175015807086971,08850385285,115415068985,4188116787348085,amalia_pratama120@ymail.com,"Gang Suryakencana No. 61, Cilegon, PA 23300",9966826262992304
1542,Lala Prayoga,F,1984-07-14,3701015407846136,+628986954023,52683969957,4395700168451226,lalaprayoga@yahoo.co.id,"Gg. KH Amin Jasuta No. 2, Jayapura, Jawa Timur 07883",9983066933591851
1543,"Irnanto Pradana, S.Farm",F,1959-09-15,7102015509593099,+628138147604,36292259537621,6011098532727204,"irnanto_pradana,_s.farm407@hotmail.com","Jalan K.H. Wahid Hasyim No. 720, Singkawang, ST 84287",9948590153003013
1544,"Bagiya Fujiati, S.E.",M,1968-11-22,3402012211689460,08810375374,98306829,5281704967294274,"bagiyafujiati,s.e.@ymail.com","Gg. Raya Ujungberung No. 295, Magelang, JK 05108",9919895333901393
1545,Shakila Nasyiah,F,1961-05-30,3105017005617406,08830472028,4979708770,6011152424431026,shakilanasyiah@yahoo.co.id,"Gg. Jend. Sudirman No. 003, Balikpapan, ST 23502",9913045538294892
1546,Sutan Ade Nainggolan,M,1995-06-27,3502012706957730,+628170925427,28180343071,5288305450827596,sutanadenainggolan829@ymail.com,"Jalan Erlangga No. 39, Palangkaraya, JT 91663",9923626017276527
1547,"drg. Rahmi Winarno, M.Pd",F,1961-11-27,3203016711618295,088567482232,52504647174265,6011884066124503,"drg..rahmi.winarno,.m.pd72@gmail.com","Jl. Laswi No. 454, Batam, BA 16649",9924146808257245
1548,Mahfud Palastri,M,1980-04-14,3203011404801880,+628851607621,36216847202063,4410924432954056,mahfud_palastri880@hotmail.com,"Jalan Dipenogoro No. 17, Langsa, JT 28092",9979183010671232
1549,Gatot Ardianto,M,1971-03-07,3203010703717503,085331889706,562037445719,5416734214211400,gatot_ardianto@yahoo.co.id,"Gang Dipenogoro No. 3, Magelang, JI 52322",9971469424327228
1550,Dt. Gamani Mardhiyah,F,1990-11-20,3301016011909790,+628537038394,442470649,5122571640048959,dt..gamani.mardhiyah@hotmail.com,"Gang Moch. Toha No. 40, Payakumbuh, Riau 53950",9999671281088716
1551,Bambang Sitompul,F,1996-11-16,3402015611967028,+6285963971801,73357599,5579497567564665,bambang_sitompul387@outlook.com,"Gang K.H. Wahid Hasyim No. 78, Padang, Banten 17489",9945969511047324
1552,Ajimat Rajasa,M,1956-03-21,3274012103564960,08826940324,2645324421,5261004983590057,ajimatrajasa@outlook.com,"Jalan R.E Martadinata No. 14, Cirebon, KI 54592",9920631614830547
1553,"Wulan Thamrin, M.Farm",F,1957-08-26,3502016608579524,082191837653,15783410,5407509503545138,"wulan_thamrin,_m.farm@yahoo.co.id","Gang Yos Sudarso No. 9, Bima, KS 98304",9934662983568090
1554,Laras Megantara,M,1996-03-05,3173010503969191,087803121559,3419716655360,4811703280325388,laras.megantara@hotmail.com,"Jalan Dipatiukur No. 08, Pontianak, SG 15221",9997586017136456
1555,Harjasa Nurdiyanti,M,1997-02-23,5102012302979496,+628146514811,787261173702,4538450355996736,harjasa.nurdiyanti@yahoo.co.id,"Jl. Pasteur No. 61, Surakarta, SS 07461",9938553446072698
1556,"Hilda Pertiwi, M.Ak",M,1995-03-14,3103011403955085,085566629136,639440601,6011461205849842,"hilda_pertiwi,_m.ak957@hotmail.com","Jalan KH Amin Jasuta No. 60, Jambi, SU 88528",9997128650878639
1557,"Yoga Purwanti, M.Ak",M,1974-12-13,3602011312741011,081248133533,79417518007,5556582554838685,"yogapurwanti,m.ak994@gmail.com","Jalan Joyoboyo No. 63, Tasikmalaya, AC 73794",9937965137202664
1558,Hj. Yuni Salahudin,F,1988-06-12,7101015206887971,081107309072,7366673139628,5333897547011218,hj._yuni_salahudin202@ymail.com,"Gang Rajawali Timur No. 10, Padang, JI 26543",9936855324476242
1559,Yance Thamrin,M,1971-04-16,3202011604712641,08978288156,14028744770648,4335782992442353,yance.thamrin416@yahoo.co.id,"Gg. Pacuan Kuda No. 98, Singkawang, Sumatera Utara 90799",9993308440021738
1560,Ophelia Sihotang,M,2007-05-20,3274012005076380,081226382391,887454560318,5386592799481294,opheliasihotang423@hotmail.com,"Gang Veteran No. 8, Metro, SU 34073",9983140220502847
1561,Sadina Winarsih,M,1958-04-12,5101011204588118,085291199413,872911884401,6011470823196172,sadinawinarsih147@ymail.com,"Gang Dipenogoro No. 3, Surabaya, Bali 78836",9986849231001886
1562,Dadap Napitupulu,M,1986-09-28,7101012809864235,08177180455,389951217,5247563651837046,dadap_napitupulu@yahoo.co.id,"Jl. Kebonjati No. 99, Blitar, NB 23126",9973775382624475
1563,Jagapati Prakasa,M,1972-03-23,3102012303725944,+6281282120358,89519624524,4558972359199883,jagapati_prakasa795@yahoo.co.id,"Gg. Wonoayu No. 24, Depok, JB 34771",9933857894971555
1564,"Drs. Gambira Firmansyah, M.Farm",M,1970-12-24,3701012412707907,08135984585,320548729129,5496733537063237,"drs..gambira.firmansyah,.m.farm@outlook.com","Gang Sentot Alibasa No. 7, Bukittinggi, Banten 61741",9995624835276827
1565,Hani Tarihoran,F,1965-09-19,3401015909657816,+628962951662,7748637470303,5363860268717584,hani_tarihoran@hotmail.com,"Jalan Jamika No. 893, Subulussalam, JT 06507",9919396378754557
1566,Utama Mangunsong,F,1994-11-25,3303016511948949,+628772887617,700341058828,5303517199497456,utama.mangunsong@ymail.com,"Jl. Siliwangi No. 44, Sabang, Nusa Tenggara Timur 04555",9916998549312260
1567,Ratna Sitorus,F,1999-01-08,3203014801994226,082112534611,6240278201581,4308395311695150,ratna.sitorus@hotmail.com,"Jalan Rumah Sakit No. 07, Pasuruan, Maluku 32763",9917708479052761
1568,Cut Hani Wastuti,F,1986-05-07,3172014705867869,08227667080,70506405,4183284014407908,cut_hani_wastuti@hotmail.com,"Jl. Pacuan Kuda No. 96, Pagaralam, BA 22097",9924247373409690
1569,Shania Damanik,F,1975-06-09,3104014906752400,+6281915522411,248126892658,5535273839688563,shania.damanik734@ymail.com,"Jalan Bangka Raya No. 7, Tebingtinggi, YO 12003",9955746849338622
1570,Dono Saragih,F,1986-10-01,6101014110864487,08979319579,69123944949307,5584578449023075,dono_saragih118@outlook.com,"Gang Jamika No. 621, Tangerang Selatan, Kalimantan Utara 91929",9956423546352822
1571,"Ir. Lurhur Maulana, S.IP",M,2004-11-19,3101011911049113,08961183769,91898137,5401104708444459,"ir..lurhur.maulana,.s.ip@hotmail.com","Jl. Ronggowarsito No. 226, Banjarmasin, Jawa Barat 83774",9976135649923842
1572,"Dt. Galih Suwarno, M.Ak",M,1965-01-11,3272011101651054,08781094526,2655146200,4888876414377227,"dt..galih.suwarno,.m.ak520@hotmail.com","Jalan M.H Thamrin No. 063, Cilegon, SU 12698",9921000226886906
1573,Hana Agustina,F,1958-01-27,3274016701585817,08190732761,47773110,6011253759335850,hana.agustina712@gmail.com,"Jalan Pasteur No. 60, Tanjungbalai, BA 47245",9951608035846999
1574,Gasti Hartati,F,1964-10-05,3173014510640328,088167239798,288210760,5295587042537765,gastihartati734@outlook.com,"Gang M.H Thamrin No. 4, Palembang, AC 65777",9945127314583099
1575,Ibrahim Irawan,M,1997-01-31,3402013101974444,083807028737,90571216629,5368273428904266,ibrahimirawan333@hotmail.com,"Gg. Jakarta No. 80, Pekanbaru, Jawa Tengah 16417",9998729742206820
1576,Faizah Lailasari,F,1956-08-29,6101016908568636,08782191330,317953485645,5504462404416312,faizah_lailasari743@hotmail.com,"Gg. Sukajadi No. 6, Dumai, DI Yogyakarta 64795",9923403920026898
1577,Jaka Padmasari,F,1989-07-22,3174016207890871,08213790474,306605808,6011569028917089,jakapadmasari@outlook.com,"Gg. HOS. Cokroaminoto No. 5, Medan, Kepulauan Riau 60199",9929807573740888
1578,Drs. Sabrina Rajata,F,1959-11-01,3101014111591017,089930877226,77349586015008,5285491465167921,drs..sabrina.rajata147@gmail.com,"Jl. Waringin No. 867, Mataram, Jawa Timur 77107",9994841579220762
1579,Edi Prasetyo,F,1999-11-14,3101015411996649,+6282318670968,301648547133258,4963481300436252,ediprasetyo943@ymail.com,"Gang Kutisari Selatan No. 72, Padang Sidempuan, DKI Jakarta 51109",9944584507344827
1580,Murti Halimah,M,2005-03-03,3171010303055630,08858762404,20106195816189,5129865366145016,murtihalimah74@ymail.com,"Gang Astana Anyar No. 2, Medan, Bengkulu 54972",9952337485023076
1581,"Dartono Zulaika, M.Ak",M,1992-04-05,3501010504921226,+6281614261891,621219338,5330060328979577,"dartono.zulaika,.m.ak480@hotmail.com","Jl. Tebet Barat Dalam No. 975, Kota Administrasi Jakarta Timur, Sulawesi Tenggara 39659",9913041278639489
1582,Ulva Saragih,F,2002-01-13,3402015301022260,+6281325940376,233098455225,5249422851413639,ulva.saragih360@ymail.com,"Jalan Sukajadi No. 9, Surakarta, JI 41641",9970682623105990
1583,"Gabriella Farida, S.Pd",M,1974-01-26,3201012601743459,+628550561311,82367908213,5552211118909832,"gabriellafarida,s.pd@ymail.com","Jl. Moch. Toha No. 93, Pagaralam, Riau 68160",9992297938828876
1584,Jasmin Mandasari,M,2000-06-08,3274010806003386,08133891986,30828968,5518143358628357,jasminmandasari@hotmail.com,"Jalan Siliwangi No. 4, Pematangsiantar, Sumatera Selatan 44990",9986385901777264
1585,Yahya Sirait,F,1983-01-18,5103015801839716,+628967687902,54235986484092,5570290754224892,yahyasirait@hotmail.com,"Jalan Tebet Barat Dalam No. 74, Magelang, BA 32453",9964444996746953
1586,Unjani Rahayu,M,1972-05-07,3502010705723117,+6285196586681,58454536793,5526334570811757,unjanirahayu387@gmail.com,"Jl. Cikutra Barat No. 8, Tanjungbalai, DI Yogyakarta 66898",9953049708678804
1587,"Janet Riyanti, S.H.",F,1991-04-20,3501016004916114,088390895710,21402235960658,5252295094436049,"janetriyanti,s.h.527@ymail.com","Gg. Joyoboyo No. 18, Banjarbaru, Sulawesi Tenggara 48002",9919336238365428
1588,"drg. Hani Mangunsong, S.I.Kom",M,1963-03-12,5103011203634657,087757682636,18973036,5290774674334096,"drg.hanimangunsong,s.i.kom699@gmail.com","Gg. Rumah Sakit No. 82, Purwokerto, GO 14749",9957563844255152
1589,Melinda Samosir,F,1994-07-27,3172016707941806,08553431727,41885340261015,5585263231078577,melinda_samosir527@outlook.com,"Jalan Indragiri No. 717, Tangerang Selatan, SU 14617",9962321428989249
1590,Paulin Hardiansyah,F,1965-02-06,3176014602650304,08238668272,118814977418,4827151319482885,paulin.hardiansyah479@yahoo.co.id,"Jl. W.R. Supratman No. 69, Semarang, SU 75445",9939541945113266
1591,Vanya Sihombing,F,1982-11-24,3602016411823818,083218868354,84571472747,5431980712336788,vanya.sihombing@gmail.com,"Jalan Gardujati No. 2, Padangpanjang, Aceh 96275",9959904649023387
1592,Nalar Prastuti,F,1991-01-15,3102015501913596,+628979977041,9861364323590,5332877554840048,nalar.prastuti@ymail.com,"Jalan M.T Haryono No. 0, Bukittinggi, Kepulauan Riau 47936",9978438486311114
1593,"Gantar Wasita, S.IP",F,1994-01-09,5101014901946675,08119666793,8836079890,5597892079833810,"gantar.wasita,.s.ip@outlook.com","Gang HOS. Cokroaminoto No. 2, Banjarmasin, Sulawesi Tenggara 65948",9928338992035986
1594,Gina Jailani,F,1956-11-04,3171014411568309,+628559526467,663225054678,6011848805954746,gina.jailani@yahoo.co.id,"Jl. Cihampelas No. 4, Kota Administrasi Jakarta Barat, BE 72718",9941590125324192
1595,"Caraka Suryono, S.Pd",F,1977-07-23,3274016307777419,085124388013,349288409696573,5453751220721599,"carakasuryono,s.pd@hotmail.com","Jalan Cikutra Timur No. 213, Pasuruan, KB 80661",9910774744319463
1596,Jelita Oktaviani,M,1972-06-07,3103010706722460,081803213378,16840964,5193855507932001,jelitaoktaviani@yahoo.co.id,"Jalan Setiabudhi No. 54, Pematangsiantar, BA 88252",9947629496112656
1597,Vinsen Wijayanti,M,1959-04-26,3274012604590648,+628330855704,74064151182,5124132950102329,vinsen.wijayanti@gmail.com,"Gg. Kendalsari No. 69, Cirebon, SS 84705",9990089188404409
1598,Bahuwirya Winarsih,M,1963-07-14,7102011407635156,+628824273502,261019953210,5297842814351945,bahuwiryawinarsih@ymail.com,"Jalan Jend. A. Yani No. 203, Metro, Sumatera Utara 42778",9990366819344325
1599,Puput Wijayanti,F,1976-03-24,7102016403761421,088130191154,26701410488,5106456200983275,puput.wijayanti444@yahoo.co.id,"Jalan Ahmad Dahlan No. 60, Bukittinggi, AC 78347",9989253606956431
1600,"Agnes Wasita, S.E.",M,2007-08-04,5101010408072144,08320565679,81279440130597,5153324970730681,"agnes_wasita,_s.e.888@ymail.com","Gang KH Amin Jasuta No. 5, Kota Administrasi Jakarta Barat, Nusa Tenggara Barat 23277",9971494653999265
1601,"Dt. Asman Rajasa, S.Psi",M,1990-01-02,3103010201900996,08538540402,768450156,5522584819060459,"dt.asmanrajasa,s.psi@outlook.com","Gang Lembong No. 273, Cimahi, Nusa Tenggara Timur 04240",9919146344550621
1602,Gamblang Siregar,F,1996-06-06,5102014606960584,+6287849717291,633453384,6011309269788339,gamblang.siregar@gmail.com,"Jalan Indragiri No. 70, Bima, GO 78815",9957968356769235
1603,Suci Suwarno,M,1997-10-20,3173012010975952,083859803440,7595197439504,5249209545549125,sucisuwarno@gmail.com,"Gg. Sadang Serang No. 90, Kota Administrasi Jakarta Utara, SS 67332",9973715007461897
1604,Puti Shakila Marpaung,F,1993-08-23,3204016308934422,08538329958,379630495509,6011478641638826,putishakilamarpaung@gmail.com,"Gang Cempaka No. 062, Tangerang, BB 99426",9957347672467744
1605,Laras Dongoran,M,1970-01-14,3401011401701676,08151894623,765563630,4433590156407558,larasdongoran414@gmail.com,"Jl. Gegerkalong Hilir No. 0, Kota Administrasi Jakarta Barat, SS 13871",9957876905204750
1606,Dinda Palastri,M,2002-01-14,6101011401023198,08335774161,66657640633655,5461711069679692,dinda.palastri@hotmail.com,"Gang M.H Thamrin No. 0, Purwokerto, DI Yogyakarta 80153",9992282517651109
1607,Zalindra Napitupulu,F,1966-05-17,3101015705663713,085936928515,89477417333,5301078676053454,zalindra.napitupulu210@ymail.com,"Jalan Gegerkalong Hilir No. 7, Cimahi, SS 15659",9970263114847785
1608,dr. Malika Prastuti,F,1978-07-06,3301014607788850,+6282118464876,8646036324286,5322719217366566,dr._malika_prastuti@ymail.com,"Gang Ahmad Yani No. 99, Medan, BA 53629",9963176230065197
1609,Ilyas Latupono,M,1993-07-22,5103012207932602,088123657614,75716402261234,6011945724491769,ilyas_latupono@outlook.com,"Jalan Stasiun Wonokromo No. 952, Blitar, PA 07882",9952396036063088
1610,Hartana Yulianti,M,1997-01-19,3172011901979475,087881833807,41566705330,5451983860696249,hartanayulianti561@outlook.com,"Jl. Dipatiukur No. 57, Tarakan, LA 20302",9990503755595503
1611,Vanesa Oktaviani,M,1980-10-13,3271011310800704,08558975863,50441616,5313063548539610,vanesaoktaviani@hotmail.com,"Jl. Monginsidi No. 8, Langsa, BE 53212",9982472355049934
1612,Irma Anggriawan,M,1995-01-20,6101012001959207,081174987584,34938713,5499279354445891,irma.anggriawan351@yahoo.co.id,"Jalan PHH. Mustofa No. 0, Bekasi, Kalimantan Barat 80525",9918751648715771
1613,Restu Purnawati,M,1981-01-12,3302011201812167,08384578245,73630512816379,5463173338568362,restupurnawati783@outlook.com,"Gang Rungkut Industri No. 12, Bukittinggi, Maluku Utara 60189",9999050687218544
1614,"R. Damu Sihombing, S.H.",M,1959-11-28,3175012811595395,+628134316292,7213433571205,5349213860682895,"r._damu_sihombing,_s.h.@ymail.com","Jalan Kiaracondong No. 996, Pangkalpinang, SN 12734",9914674853055015
1615,Pranawa Latupono,M,1999-06-17,3202011706996063,083853107690,70896744,5159345716156337,pranawa_latupono20@gmail.com,"Jl. Laswi No. 1, Banjar, DKI Jakarta 94802",9939983869486138
1616,Cut Puti Palastri,M,1988-08-02,3103010208883112,+628126726847,91690350,5142062895804243,cutputipalastri@gmail.com,"Gang Siliwangi No. 319, Tangerang, Banten 13356",9970630589664279
1617,"Yuliana Putra, S.IP",M,2007-04-13,3102011304071196,+6282236785873,767668293007,5170387746438508,"yulianaputra,s.ip@hotmail.com","Gg. Medokan Ayu No. 70, Tasikmalaya, YO 10389",9973469619572219
1618,Tirta Mayasari,M,1960-03-11,3204011103604353,087842835887,2094380547,6011948983018600,tirtamayasari30@hotmail.com,"Gg. Astana Anyar No. 332, Tual, KU 49560",9940979339768506
1619,Edi Maryati,M,2006-12-14,7301011412065910,083360042709,64894338053634,5316780478054451,edi.maryati@hotmail.com,"Jalan Yos Sudarso No. 52, Tarakan, SG 31631",9936231575763372
1620,"R.A. Salimah Mandasari, M.TI.",F,1976-07-04,3273014407764703,08848745921,20587686946,4841657141787411,"r.a..salimah.mandasari,.m.ti.335@outlook.com","Gg. Cempaka No. 399, Yogyakarta, Kalimantan Tengah 66700",9967922486017437
1621,Tgk. Latika Riyanti,M,1973-11-11,3203011111736929,08562578653,76736032112458,5315479984418518,tgk.latikariyanti609@ymail.com,"Jl. Pacuan Kuda No. 700, Bima, MU 09714",9977672186230318
1622,dr. Dalimin Prayoga,F,1990-08-20,3101016008908736,+628213710596,4398047327,6011224375811621,dr._dalimin_prayoga588@ymail.com,"Jalan Astana Anyar No. 58, Kupang, Lampung 92375",9980862943057541
1623,Saadat Permata,F,1987-08-08,3271014808871950,081877163159,72786118,5591928344026086,saadat.permata341@hotmail.com,"Gg. R.E Martadinata No. 2, Purwokerto, NB 55139",9962734520373273
1624,drg. Violet Dongoran,F,1996-10-02,3174014210968341,087720495492,85675386688145,5539241337332649,drg..violet.dongoran@ymail.com,"Jl. W.R. Supratman No. 88, Purwokerto, Sumatera Barat 69323",9952110589343803
1625,Eka Prakasa,F,1983-12-07,3204014712839209,08210842735,315786448,6011296120528708,eka.prakasa@outlook.com,"Gang M.T Haryono No. 66, Pematangsiantar, SN 41637",9970053460964454
1626,Aris Wacana,F,1996-08-12,3101015208961077,08535624437,3066545667,4370701095575386,ariswacana@hotmail.com,"Gang Sentot Alibasa No. 977, Bandung, Jambi 58408",9988196120679835
1627,"Vicky Santoso, S.T.",F,1960-10-18,3105015810607520,08237185691,918875815891862,5193784087195716,"vicky_santoso,_s.t.879@yahoo.co.id","Jalan R.E Martadinata No. 436, Batu, Sulawesi Barat 11460",9924941167178660
1628,Citra Irawan,M,2001-08-21,3174012108010305,081719406568,13708614,5339102742378372,citrairawan@yahoo.co.id,"Gg. Sadang Serang No. 46, Kota Administrasi Jakarta Selatan, Kalimantan Barat 83684",9976384195904752
1629,"Sutan Jamil Hartati, S.Pt",M,2005-02-26,3272012602052386,08385629266,72013421487,5330298628118031,"sutan.jamil.hartati,.s.pt603@ymail.com","Gg. Tebet Barat Dalam No. 54, Salatiga, NT 60030",9956413749831570
1630,Limar Zulkarnain,M,2001-03-06,3402010603019665,08225826374,5591987813,5191723288239271,limar_zulkarnain@yahoo.co.id,"Jalan Merdeka No. 6, Kota Administrasi Jakarta Timur, Jawa Barat 73683",9984573009405604
1631,"Panji Hakim, M.Farm",F,1984-02-08,3174014802846103,+6287740547553,469070249,5414107178789671,"panji_hakim,_m.farm@outlook.com","Jl. Pasirkoja No. 991, Tangerang Selatan, PA 81136",9911451334820132
1632,"T. Sabri Budiyanto, S.H.",M,1998-08-08,3203010808985135,+6285979427537,36953724449,5312269514369201,"t..sabri.budiyanto,.s.h.@yahoo.co.id","Jalan Waringin No. 00, Cirebon, SB 95142",9958687711695318
1633,Hamima Suryono,F,1987-04-14,3201015404875112,08219708953,164013748967826,6011376924610590,hamimasuryono@gmail.com,"Gang HOS. Cokroaminoto No. 756, Parepare, NB 80016",9951450828192306
1634,"Tina Hidayat, M.M.",F,2007-06-04,5103014406079980,08195051594,13562706105009,4719537281774085,"tinahidayat,m.m.572@outlook.com","Gang Indragiri No. 4, Sawahlunto, Kalimantan Barat 51638",9972124887066507
1635,Indra Setiawan,F,1967-07-10,3105015007671228,085245164339,77009741886,5428757198872304,indrasetiawan450@hotmail.com,"Jl. Dipatiukur No. 07, Blitar, LA 76130",9976622802787617
1636,"Ir. Ilsa Purwanti, S.Pd",F,2001-06-17,3273015706016219,+6287713009322,720667298361,5441028296380263,"ir._ilsa_purwanti,_s.pd@ymail.com","Jl. Raya Setiabudhi No. 5, Probolinggo, Kalimantan Selatan 72875",9942495956813241
1637,"Joko Pertiwi, M.Pd",M,2001-08-15,3401011508011759,08156581772,6783636812,5105325260011819,"joko.pertiwi,.m.pd@gmail.com","Jl. Veteran No. 64, Tasikmalaya, Sulawesi Utara 15882",9939899329625203
1638,"Bella Novitasari, M.M.",M,2002-12-03,3271010312022323,+628152436521,84520500,5491197158085110,"bellanovitasari,m.m.65@gmail.com","Jl. Rajiman No. 9, Binjai, Sulawesi Barat 14644",9925098110482531
1639,"Bajragin Jailani, M.Farm",M,1975-10-31,3102013110755630,+628211287508,139097380799149,5171910451414687,"bajraginjailani,m.farm@outlook.com","Gang Rajawali Barat No. 473, Tarakan, Kalimantan Barat 77487",9919038370158166
1640,Jarwadi Purwanti,M,1979-12-21,3401012112799102,085783591275,34799052334750,6011917835636406,jarwadipurwanti959@ymail.com,"Jalan Jend. Sudirman No. 12, Tomohon, Bali 26799",9956527121614181
1641,Salwa Waskita,M,1958-06-22,3273012206588935,083277170775,37106104203073,5553868281597802,salwa.waskita739@ymail.com,"Gg. Siliwangi No. 3, Samarinda, PA 16468",9970360972801843
1642,Pranawa Adriansyah,M,1962-06-05,3174010506628532,08774755074,544394469,5166263951981389,pranawa.adriansyah194@ymail.com,"Jalan Kutai No. 703, Pematangsiantar, Bengkulu 69320",9952819298580119
1643,"Cut Queen Mulyani, S.H.",M,1982-02-21,3302012102825525,08167777135,26001311378718,5397892930907721,"cut_queen_mulyani,_s.h.568@gmail.com","Gg. Rajiman No. 4, Padang Sidempuan, KB 50744",9995298273015722
1644,Jamalia Handayani,M,1999-01-24,3601012401993064,08789466605,78902552,6011889737840703,jamalia_handayani@ymail.com,"Gang Siliwangi No. 4, Yogyakarta, Sumatera Selatan 81794",9934395529434212
1645,dr. Ade Gunarto,F,1982-02-15,3175015502826723,085172379730,63301925,4864704855023139,dr._ade_gunarto994@hotmail.com,"Jalan Jakarta No. 262, Singkawang, Kalimantan Timur 32645",9978753144197660
1646,Maimunah Prasetyo,M,1964-06-28,3401012806646199,+628313715007,92682012021,5226207679575717,maimunahprasetyo775@ymail.com,"Gg. Pasirkoja No. 635, Palangkaraya, Sumatera Selatan 22476",9929801725546545
1647,Dewi Mahendra,F,1995-06-04,3172014406950445,089636587949,25110817831,5157190936617655,dewimahendra@ymail.com,"Jalan Cikutra Barat No. 5, Padang, SR 32763",9981789444478363
1648,Diah Maryadi,M,1966-12-08,5101010812666189,081217125507,491782640834,5544340288559917,diah.maryadi524@outlook.com,"Jl. Rawamangun No. 372, Makassar, KT 03370",9978750006464664
1649,"Restu Saragih, S.E.I",F,1955-08-02,3602014208556192,085879038186,30073865437,4112699289722494,"restu_saragih,_s.e.i@ymail.com","Jl. Cihampelas No. 433, Tual, Kalimantan Selatan 88384",9953667873512297
1650,"Pranata Hutasoit, S.E.I",F,1975-01-14,5102015401756252,+628133109862,21571826522,6011710684666561,"pranata_hutasoit,_s.e.i555@gmail.com","Gg. Rawamangun No. 719, Tomohon, JA 69680",9935839740712612
1651,"Lutfan Winarno, S.Pd",M,2003-06-21,3174012106033523,089797364567,2249876415,5272131913968391,"lutfanwinarno,s.pd@yahoo.co.id","Gang Ir. H. Djuanda No. 578, Pangkalpinang, JI 40532",9932494898504348
1652,Faizah Yuliarti,F,1989-03-11,3602015103897959,08160711350,46689494927,5436774473245713,faizahyuliarti930@hotmail.com,"Gg. Gegerkalong Hilir No. 8, Subulussalam, BT 97997",9989604089054374
1653,"Muni Maryati, S.Kom",F,2004-07-20,7102016007044146,+628997604128,271699444283963,6011247004295545,"muni_maryati,_s.kom@yahoo.co.id","Jalan Moch. Toha No. 198, Tomohon, Sulawesi Barat 51025",9915124109225555
1654,Maya Yulianti,F,1955-11-04,3274014411551445,+628338068242,867532999839187,5559905884194820,maya_yulianti428@gmail.com,"Gang Merdeka No. 76, Bekasi, MA 32895",9983450507729952
1655,Tirtayasa Adriansyah,M,1994-04-26,3274012604944418,083800616938,481063707218508,5126163405464984,tirtayasa_adriansyah@gmail.com,"Gg. Ir. H. Djuanda No. 62, Bima, Maluku Utara 96374",9958865887506484
1656,"Heryanto Pradana, M.Ak",M,1966-05-01,3301010105661004,08117550493,512770153,5187928392912383,"heryantopradana,m.ak@ymail.com","Jalan Kiaracondong No. 9, Madiun, LA 56531",9979007059745496
1657,drg. Darimin Firmansyah,F,1980-08-02,3173014208800907,088132628432,703567294424722,5164728333432600,drg.dariminfirmansyah@yahoo.co.id,"Jl. Kapten Muslihat No. 736, Jayapura, Jawa Timur 67322",9931101759037721
1658,Edi Mayasari,F,2006-05-10,3303015005066152,+6285158344173,919242412,5463597522883205,edimayasari226@hotmail.com,"Jl. W.R. Supratman No. 6, Bengkulu, JA 90488",9987015712093718
1659,"Titi Damanik, M.M.",M,1978-06-22,3172012206789931,08166778514,5944442973726,5432334833755730,"titi_damanik,_m.m.555@gmail.com","Gang Rajawali Barat No. 89, Surakarta, Sulawesi Utara 95417",9937571947301278
1660,"Dt. Panji Susanti, S.Ked",M,2008-10-06,3273010610086380,08781264569,8057171591833,6011335625501354,"dt.panjisusanti,s.ked@gmail.com","Gg. PHH. Mustofa No. 5, Balikpapan, Lampung 73466",9921704904199154
1661,"Tgk. Hamima Lailasari, S.Kom",M,2007-02-15,3274011502077228,08550220173,3606868663,4709964886399873,"tgk._hamima_lailasari,_s.kom978@ymail.com","Gg. Gegerkalong Hilir No. 9, Surabaya, Nusa Tenggara Barat 65183",9923881105871229
1662,"T. Okta Hartati, M.M.",M,1979-02-08,3303010802799407,08230298493,60932753296,5448632013065338,"t..okta.hartati,.m.m.243@ymail.com","Gang Pacuan Kuda No. 50, Pekanbaru, Maluku Utara 80625",9963096782686674
1663,Arsipatra Melani,F,1958-05-01,3301014105581817,+6282216446592,69782690080047,4322600888439132,arsipatramelani274@yahoo.co.id,"Jalan Pasirkoja No. 435, Pontianak, RI 21215",9939928900350286
1664,"R.A. Ophelia Hartati, S.Pt",M,1976-03-18,3273011803762638,+6281142823616,197289382,4210151060978493,"r.a._ophelia_hartati,_s.pt@hotmail.com","Gg. Rajawali Timur No. 94, Pagaralam, Aceh 90376",9931735283621036
1665,Michelle Astuti,M,1969-03-24,3701012403697502,+6283831009453,323653271472,5550762332750943,michelle_astuti838@ymail.com,"Jalan K.H. Wahid Hasyim No. 150, Tegal, Riau 58681",9921704739970844
1666,"Artawan Gunarto, S.Pd",F,1989-09-09,3204014909899521,+6285601616876,83722575,5448363917013891,"artawangunarto,s.pd@gmail.com","Jl. Lembong No. 28, Tasikmalaya, Riau 13855",9990075987007594
1667,"Dt. Caturangga Rahmawati, S.Psi",F,1995-09-02,3701014209959097,+628832335862,3342264101,5242305665776061,"dt..caturangga.rahmawati,.s.psi@hotmail.com","Jl. Astana Anyar No. 245, Bengkulu, JK 80619",9927489035978291
1668,Ir. Calista Nainggolan,F,1971-02-25,3202016502713902,08591084398,13169646680,6011268748511763,ir.calistanainggolan976@gmail.com,"Gg. Sadang Serang No. 919, Samarinda, SR 18671",9949449907553693
1669,Dt. Maras Saragih,F,1981-04-18,3501015804819039,087766469265,38277469,6011482545763447,dt._maras_saragih@gmail.com,"Gg. Asia Afrika No. 19, Bau-Bau, Jawa Tengah 32134",9925350418491818
1670,Yono Mansur,M,1986-05-05,5103010505866331,08825281372,1465352170,5272677983002034,yono.mansur@yahoo.co.id,"Jl. Lembong No. 17, Mataram, Sumatera Utara 62748",9978374981031833
1671,Cici Hidayat,F,1955-08-02,3172014208550458,08231532388,6506271810631,5485448066764620,cicihidayat@outlook.com,"Jl. Suryakencana No. 069, Batu, Sulawesi Selatan 71211",9918836133184444
1672,Radika Yuniar,F,1985-02-23,3401016302851399,085354737042,515238778,5300098545069353,radikayuniar487@yahoo.co.id,"Jl. Otto Iskandardinata No. 3, Dumai, Bengkulu 55987",9939127043507494
1673,Asmuni Aryani,M,1986-07-29,3103012907863182,087733606203,12070737366803,4697607904660055,asmuni_aryani@gmail.com,"Gg. Kapten Muslihat No. 96, Banda Aceh, Papua Barat 96804",9991529577131567
1674,Elisa Irawan,F,1974-08-13,3104015308744485,08186159028,7225557419,5250890660363403,elisairawan@outlook.com,"Jl. W.R. Supratman No. 816, Bima, Aceh 46081",9989621890615361
1675,Ciaobella Rajasa,M,1992-07-26,3175012607924021,+628556345280,42644458164,5446152868159158,ciaobella_rajasa478@gmail.com,"Gang Ahmad Yani No. 44, Bandar Lampung, Riau 95806",9978498844672125
1676,"Mutia Saptono, S.Psi",F,1999-11-28,3273016811997191,+6281208125706,3489714706,5359650002197971,"mutiasaptono,s.psi432@outlook.com","Gg. Joyoboyo No. 0, Kota Administrasi Jakarta Selatan, JT 14290",9967653737352897
1677,Mutia Yulianti,M,1970-11-21,3272012111706612,087812466256,2251628026142,5184746978513682,mutia.yulianti622@ymail.com,"Gg. Kebonjati No. 8, Palu, RI 91953",9947517720332343
1678,Zamira Suwarno,F,1957-08-20,3274016008575516,+628850272917,221290588,5584193626313492,zamira_suwarno@outlook.com,"Jalan Waringin No. 68, Sawahlunto, AC 62976",9919704530723681
1679,"dr. Harsanto Mandala, M.Pd",M,1959-10-16,3303011610592098,+628518522293,523115479,5570499883120606,"dr._harsanto_mandala,_m.pd@ymail.com","Jl. Rajawali Timur No. 8, Kota Administrasi Jakarta Timur, RI 70165",9953623096227833
1680,"Dr. Uli Lestari, S.Pd",M,1975-08-26,3102012608758428,081812993878,410749148764,5173009201887067,"dr.ulilestari,s.pd@yahoo.co.id","Gg. Yos Sudarso No. 312, Bontang, Kepulauan Riau 35256",9990327702775065
1681,Karma Sinaga,M,2000-02-04,3203010402000916,08236280168,428197507721889,4665056553400263,karmasinaga911@gmail.com,"Gg. K.H. Wahid Hasyim No. 505, Balikpapan, PA 53131",9919665446131864
1682,Laras Budiyanto,F,1983-01-09,3176014901837494,+6289739954316,969814218,5292930044922943,laras_budiyanto817@outlook.com,"Jalan Pacuan Kuda No. 210, Bontang, KR 31414",9924347893077067
1683,"Dr. Wira Laksita, M.TI.",F,2001-10-07,3601014710012043,085270010920,478665571955729,4341386517673720,"dr._wira_laksita,_m.ti.175@ymail.com","Gg. Ronggowarsito No. 8, Tanjungbalai, Maluku 21168",9966053740240590
1684,Darimin Lestari,M,1963-03-01,3401010103633589,08521510099,399824861,5111035807710918,darimin.lestari60@hotmail.com,"Jl. Ahmad Yani No. 24, Padang Sidempuan, Nusa Tenggara Timur 89635",9942309236639416
1685,Mila Suryono,F,1974-09-27,3402016709749984,08338453546,762300373,5337570815180772,milasuryono@outlook.com,"Jalan Rajawali Barat No. 8, Dumai, SB 54422",9936046942690695
1686,Gamanto Latupono,F,1989-09-27,3271016709894763,085945575310,7689742757,4489125529165395,gamanto_latupono582@hotmail.com,"Jl. Rumah Sakit No. 345, Kediri, Sumatera Utara 87204",9945396764526799
1687,Maya Wibowo,M,1979-01-17,3271011701795469,+6288568492725,9324023089,5512294397150100,maya.wibowo@ymail.com,"Gg. Rajawali Barat No. 87, Tebingtinggi, JB 75313",9926343632526271
1688,Puti Tarihoran,F,1993-12-01,3176014112939657,08219401774,383249511,4967024911699342,putitarihoran469@outlook.com,"Jalan Suniaraja No. 107, Tasikmalaya, DKI Jakarta 43010",9930127995788064
1689,Estiawan Suwarno,F,1998-09-12,3203015209986378,+628970721782,8900684642,5473457635873116,estiawan.suwarno@hotmail.com,"Gang Setiabudhi No. 7, Kota Administrasi Jakarta Timur, KT 19971",9935381590533208
1690,"Soleh Tarihoran, S.H.",F,1998-12-29,7301016912986269,089956443132,661368233,5529046084674071,"soleh.tarihoran,.s.h.@gmail.com","Gang Jend. A. Yani No. 6, Bandar Lampung, DKI Jakarta 03434",9977231329649378
1691,Dr. Karimah Namaga,F,1971-06-30,3273017006717998,081281527711,8507361320,5206322362819790,dr.karimahnamaga@gmail.com,"Jl. Waringin No. 6, Tarakan, JB 59927",9921548262154265
1692,Jaga Fujiati,M,1987-12-28,3172012812877780,085761967197,88162667141682,5359700732127120,jaga.fujiati832@gmail.com,"Gang Indragiri No. 331, Cimahi, Kalimantan Barat 95480",9997405904362953
1693,Amalia Siregar,F,2005-05-26,3172016605059941,08387316734,9426786178,6011405485120616,amalia.siregar755@ymail.com,"Gg. Ahmad Dahlan No. 687, Palu, SU 40703",9977022177956739
1694,Zelda Thamrin,M,1976-12-15,5102011512760207,085149877158,8812598339,5591979368642158,zelda.thamrin@outlook.com,"Gg. Sukabumi No. 2, Purwokerto, JT 28219",9992712509689156
1695,Sidiq Mardhiyah,M,1999-12-24,3176012412998642,081475653998,773264266773014,5135279434071623,sidiqmardhiyah497@outlook.com,"Gang Cempaka No. 643, Dumai, AC 59692",9977668323913639
1696,Uda Wacana,F,1990-12-22,7101016212907115,081264131066,39729451,5156099014806816,uda.wacana906@hotmail.com,"Gg. R.E Martadinata No. 31, Dumai, BB 35849",9993549421073140
1697,R. Balidin Nurdiyanti,F,2002-08-22,3171016208023343,08382623750,422602784624,6011068375945870,r.balidinnurdiyanti@yahoo.co.id,"Jalan Jakarta No. 21, Meulaboh, KU 81704",9912563029827985
1698,"Genta Waluyo, S.T.",F,1985-05-27,3271016705850706,087840067415,624087415507576,5249639214819648,"genta.waluyo,.s.t.869@gmail.com","Gang Indragiri No. 58, Samarinda, Kepulauan Bangka Belitung 19379",9949783670306085
1699,Daniswara Wasita,M,1995-12-19,3502011912955994,+6281919160022,7799266243417,6011814808965863,daniswara.wasita306@ymail.com,"Gang Jend. Sudirman No. 67, Pematangsiantar, Sumatera Barat 75935",9941291339069046
1700,Belinda Pranowo,F,1997-10-12,7102015210977608,+6283241228767,547186941390,5208086283557144,belinda.pranowo@ymail.com,"Gang Kutisari Selatan No. 953, Purwokerto, MA 67233",9993820941890842
1701,Mustika Lestari,M,1988-01-13,3103011301881047,+6281495353241,76206856609028,5454111120150264,mustika.lestari883@hotmail.com,"Jalan BKR No. 113, Magelang, MA 44236",9975258382842209
1702,Raina Manullang,F,2007-09-10,3272015009074473,+628224528876,98090495260518,5246413728112239,raina.manullang311@ymail.com,"Jl. Abdul Muis No. 8, Bengkulu, Papua Barat 79049",9967142535116926
1703,Gangsa Laksmiwati,M,1986-01-11,3601011101866935,08822955485,626570056284432,5408116096293951,gangsalaksmiwati803@gmail.com,"Gang Kendalsari No. 6, Surakarta, Kalimantan Timur 72096",9963778121984656
1704,"R.M. Prabawa Nababan, M.M.",M,1961-08-04,3302010408611676,08113749212,96007757155562,5539476469145787,"r.m._prabawa_nababan,_m.m.@ymail.com","Jalan Tebet Barat Dalam No. 058, Salatiga, Sulawesi Tengah 45971",9926902140605095
1705,"Ir. Galih Tarihoran, M.M.",M,1991-02-06,3302010602919774,082160326625,41530870,5130246776968875,"ir.galihtarihoran,m.m.6@hotmail.com","Gang Abdul Muis No. 154, Pangkalpinang, Sumatera Barat 26096",9917967549899626
1706,Oni Puspasari,M,1982-08-23,3271012308820126,08999967224,6157034349171,5500357058334945,oni.puspasari641@hotmail.com,"Gg. Tebet Barat Dalam No. 7, Malang, SS 79433",9962757190764309
1707,Ika Saputra,M,2008-10-29,3602012910083410,083839928636,51152564165,4643305406965141,ikasaputra145@ymail.com,"Gg. Kiaracondong No. 767, Tual, NT 45876",9974189044067415
1708,Yuliana Padmasari,M,1976-01-01,3303010101766659,+628580092241,255367317421152,4926936099707394,yulianapadmasari380@gmail.com,"Gg. Setiabudhi No. 3, Palembang, BB 02405",9923186548641714
1709,Ella Rahimah,M,1968-03-30,3201013003689315,+6288488635941,85674537,5570964225638512,ella_rahimah@gmail.com,"Gang Moch. Ramdan No. 9, Magelang, Bali 75480",9918951374821228
1710,Paramita Ardianto,M,1996-12-11,3301011112964339,+628538145403,254642255922,5319207441148624,paramitaardianto845@ymail.com,"Jl. Jayawijaya No. 69, Denpasar, JA 69648",9936619505148188
1711,Yessi Dabukke,M,1957-07-12,6101011207574681,08778129166,109893687017,5115184744000547,yessidabukke@yahoo.co.id,"Jalan Cikutra Barat No. 15, Tebingtinggi, PB 24051",9932987210622168
1712,"Dinda Wasita, S.I.Kom",F,1957-09-09,3301014909579554,08162724450,99347649952,5532537742267166,"dinda_wasita,_s.i.kom562@yahoo.co.id","Jalan Kiaracondong No. 67, Sukabumi, Sulawesi Selatan 66033",9958411839704362
1713,Unggul Laksita,M,2001-02-25,3204012502015888,081926055385,9859918903477,5544995853911134,unggul.laksita@yahoo.co.id,"Jalan Rumah Sakit No. 2, Tarakan, Lampung 01027",9921540231872822
1714,Wani Nasyidah,M,1978-10-07,3273010710786993,085162519731,9331265281,4074988871054845,wani.nasyidah@ymail.com,"Gg. Rajawali Barat No. 4, Parepare, Sulawesi Utara 83306",9917472724083728
1715,Gasti Sinaga,M,1959-12-02,7102010212596235,+6289558153936,49364695494,5359205488850738,gasti.sinaga378@ymail.com,"Gang Ahmad Dahlan No. 3, Banda Aceh, NT 60270",9967522873173385
1716,"Drs. Nadine Sitorus, S.Farm",M,1994-06-05,3174010506947880,+628996925232,72725070120084,4758822272485996,"drs..nadine.sitorus,.s.farm@outlook.com","Jalan KH Amin Jasuta No. 8, Cilegon, KB 61391",9981078849847009
1717,Malika Ramadan,F,1962-02-02,6101014202627921,085605386767,47379672,5403671999465019,malika.ramadan198@outlook.com,"Jl. Pacuan Kuda No. 68, Balikpapan, NB 79106",9930497844341827
1718,Devi Dabukke,M,2000-11-04,3104010411004454,+628988340626,4644148777459,5594188368089881,devidabukke@ymail.com,"Gg. BKR No. 83, Palembang, SU 83034",9937168934099133
1719,"Tgk. Jail Prabowo, S.Farm",M,1983-02-28,3172012802837191,083348175525,22552500308,5473760278703328,"tgk..jail.prabowo,.s.farm859@ymail.com","Gg. Pasirkoja No. 2, Denpasar, SS 90317",9939471091102919
1720,"Drs. Hesti Wijayanti, S.Sos",F,1985-02-17,3105015702850651,08558586743,14898833628175,4609471888069518,"drs..hesti.wijayanti,.s.sos@hotmail.com","Gg. Yos Sudarso No. 8, Tidore Kepulauan, SS 44088",9989504841249756
1721,Uli Rahmawati,F,1990-10-18,3701015810903285,081146863864,178127794,5417655898823911,uli_rahmawati@outlook.com,"Jl. Medokan Ayu No. 756, Tasikmalaya, Nusa Tenggara Barat 69901",9951343502848513
1722,Danang Yulianti,M,1995-05-07,3204010705951950,088362333831,1037247094,4951307455290032,danang_yulianti@gmail.com,"Gang Kiaracondong No. 092, Manado, Riau 40307",9961595254657664
1723,Puti Wani Thamrin,F,1987-06-19,3173015906879069,08552630307,81642946125,5579812331603088,putiwanithamrin@hotmail.com,"Gg. Laswi No. 012, Jambi, JK 00423",9943854661740817
1724,R.M. Naradi Firgantoro,M,1959-06-12,3272011206594783,+628121530804,717781289332345,5222317781621427,r.m._naradi_firgantoro426@outlook.com,"Gg. Ahmad Dahlan No. 093, Malang, MA 73857",9971638529927735
1725,Rahayu Hassanah,M,1996-01-23,5102012301966949,+628144163502,2061141064,5258200941244516,rahayu_hassanah100@outlook.com,"Gang KH Amin Jasuta No. 5, Pontianak, Gorontalo 18272",9944820728466092
1726,Prakosa Mulyani,F,2001-08-18,3171015808012494,085698323236,198953425170135,5481215552489936,prakosa.mulyani897@gmail.com,"Jalan Kutai No. 18, Denpasar, Papua 76881",9911847712414881
1727,Rika Gunarto,M,1973-05-20,3502012005731503,+628854112126,71029674,5397780349316396,rika.gunarto713@ymail.com,"Gg. Wonoayu No. 44, Meulaboh, Gorontalo 04884",9961570683348208
1728,Timbul Simbolon,F,1986-10-24,3701016410865112,081274717715,996432246963,4815899609932636,timbul_simbolon@ymail.com,"Gang Tubagus Ismail No. 4, Kendari, Nusa Tenggara Barat 76955",9970611221520111
1729,R.A. Kartika Sitorus,M,1997-07-16,3172011607974634,08824015217,118973324,6011715258999674,r.a..kartika.sitorus@yahoo.co.id,"Jl. Cihampelas No. 54, Yogyakarta, Sulawesi Tengah 74592",9990072740500366
1730,"Devi Mahendra, S.Kom",F,1975-03-10,3103015003758523,085184073431,8346986758970,4542270955772001,"devimahendra,s.kom@outlook.com","Jalan Ronggowarsito No. 7, Banda Aceh, SB 45594",9987248328748448
1731,Qori Agustina,M,1984-10-09,7301010910849442,089635382018,81294411530912,5570736620627248,qori_agustina@ymail.com,"Gg. W.R. Supratman No. 395, Surabaya, SB 25593",9976225942978608
1732,Wadi Narpati,F,1973-10-05,3402014510730222,08986239252,6575768112005,5355530407439386,wadi_narpati162@gmail.com,"Gang Wonoayu No. 0, Langsa, JA 27276",9960873475427685
1733,"R. Wardaya Suryono, S.I.Kom",M,1974-09-04,3274010409745767,081623844823,27106378,4186893839543455,"r._wardaya_suryono,_s.i.kom@yahoo.co.id","Jalan Yos Sudarso No. 0, Makassar, Lampung 58345",9988627255814250
1734,Yance Utama,F,1974-06-01,3174014106743574,088205887049,418732335,4950962334405930,yanceutama@yahoo.co.id,"Gg. Stasiun Wonokromo No. 3, Medan, SU 68089",9937668037181220
1735,Gada Prastuti,M,1974-06-11,3701011106748541,08813580582,9148805951556,5346422730063641,gada_prastuti40@ymail.com,"Jalan PHH. Mustofa No. 171, Magelang, Sulawesi Utara 21979",9918428782529261
1736,Puti Winarno,F,1967-09-18,3176015809678691,081389192944,47799380470,4303760491917999,puti_winarno22@outlook.com,"Gg. BKR No. 9, Sukabumi, Bali 05583",9940466126336275
1737,Balangga Uwais,M,1987-06-18,3172011806878261,08217136225,290322211388,5391866070941952,balangga_uwais164@gmail.com,"Jl. Surapati No. 00, Tangerang Selatan, Kalimantan Utara 96379",9967848588157099
1738,Mulya Winarsih,F,1957-07-05,6101014507574193,08316981053,153474923081,6011079934565139,mulyawinarsih@outlook.com,"Jl. Stasiun Wonokromo No. 9, Pontianak, Maluku 78167",9964632707683223
1739,Pangeran Saputra,F,1978-07-22,3301016207785282,+628589625999,37152273,5322638617168137,pangeransaputra@hotmail.com,"Gg. Monginsidi No. 1, Kupang, Kalimantan Barat 64742",9924596555990733
1740,Ina Saefullah,F,1994-07-09,6101014907941553,+6281224503578,311357961444,4057997984315220,ina_saefullah@gmail.com,"Jalan Jend. A. Yani No. 96, Kendari, Sulawesi Tengah 81877",9952925905840039
1741,Humaira Suryatmi,F,1999-10-02,3401014210995587,081353020068,3320420422470,5228485013672453,humaira.suryatmi@yahoo.co.id,"Gang Kapten Muslihat No. 446, Salatiga, Nusa Tenggara Barat 15566",9917519294637817
1742,Daliman Susanti,M,1972-01-02,7101010201725198,+6288552193269,53102912097658,5157178620892791,dalimansusanti@hotmail.com,"Gg. Indragiri No. 896, Yogyakarta, PB 68118",9939989851000664
1743,Koko Maulana,M,1965-01-15,3202011501658514,081242689017,875475031,5381573664096807,koko.maulana@gmail.com,"Gang Stasiun Wonokromo No. 22, Jayapura, Sulawesi Tenggara 37840",9989685431473914
1744,"Narji Haryanto, S.Kom",M,2008-03-14,7101011403082000,08984765954,188885037219,5104180848296048,"narji_haryanto,_s.kom@ymail.com","Gang Yos Sudarso No. 3, Kota Administrasi Jakarta Selatan, NB 96576",9942643896065308
1745,"Vero Wahyudin, M.M.",F,1990-05-28,3274016805902275,08155634397,6238154743,5529955755383503,"vero_wahyudin,_m.m.933@hotmail.com","Gg. Sadang Serang No. 267, Kota Administrasi Jakarta Selatan, BB 36327",9936573271535008
1746,Cici Rajasa,M,1957-03-06,5102010603574492,08172979202,3123703228,5489702600520615,cici.rajasa773@gmail.com,"Gg. Pasir Koja No. 004, Bekasi, SS 74715",9913405388897004
1747,Gamani Hutasoit,F,1962-08-16,5103015608627765,+6289832386377,52178572280436,5417423808691910,gamanihutasoit@outlook.com,"Gg. Tubagus Ismail No. 13, Lubuklinggau, Maluku Utara 81432",9954909464001545
1748,"Padmi Mardhiyah, M.Kom.",F,2000-03-11,3176015103007365,08777004102,72864116927,5303893136490360,"padmimardhiyah,m.kom.336@gmail.com","Jl. Rajiman No. 9, Kota Administrasi Jakarta Utara, JB 38106",9984266098166750
1749,"Wirda Mayasari, M.Ak",F,1957-05-26,3101016605579665,08579010185,157448703817,4747490792328532,"wirda.mayasari,.m.ak912@yahoo.co.id","Jl. Siliwangi No. 291, Malang, Sulawesi Tenggara 96599",9930604661474514
1750,"R. Nabila Budiyanto, S.E.",M,1956-05-04,3172010405565420,+6289720726693,9521862539563,5448742243490930,"r._nabila_budiyanto,_s.e.146@ymail.com","Jl. PHH. Mustofa No. 583, Lhokseumawe, AC 75130",9931997856499946
1751,Legawa Mangunsong,F,1978-04-30,3274017004785032,081783041054,11937728675668,4734571071780658,legawa_mangunsong@yahoo.co.id,"Gang Peta No. 37, Kotamobagu, Sulawesi Tengah 20431",9952693810601329
1752,Intan Prayoga,F,1988-02-17,3176015702882188,08554642020,67966758134344,5376236966378617,intan.prayoga@hotmail.com,"Gang Tubagus Ismail No. 60, Jayapura, Kalimantan Selatan 16558",9959748429101397
1753,"R.M. Dwi Hasanah, S.Psi",F,1956-05-29,5103016905566719,089904950692,215565292,5381362480467797,"r.m..dwi.hasanah,.s.psi@ymail.com","Gg. Erlangga No. 036, Tidore Kepulauan, BE 75100",9992060661800803
1754,Ulva Fujiati,F,2003-03-26,3174016603032474,089826314135,49785141,5101190677368529,ulvafujiati242@hotmail.com,"Jalan Raya Setiabudhi No. 11, Bau-Bau, SU 67932",9968499448311768
1755,Wirda Nainggolan,M,2007-09-10,3175011009075477,+6287897384008,62124076,5567861986645333,wirdanainggolan205@yahoo.co.id,"Gg. Pasteur No. 4, Bau-Bau, Sulawesi Barat 70794",9927283824856630
1756,"Puti Tiara Nuraini, S.H.",M,1965-05-19,3701011905654942,089703107773,49641441275,5398802720993522,"puti_tiara_nuraini,_s.h.@gmail.com","Jalan Suniaraja No. 4, Tidore Kepulauan, Sumatera Utara 51902",9996998661410949
1757,Betania Yolanda,F,1994-02-17,3401015702945581,+6285970047587,380870341,4638610108301538,betania_yolanda@outlook.com,"Jalan Raya Setiabudhi No. 093, Kotamobagu, Riau 33633",9988327209868756
1758,Titin Uwais,M,1955-07-25,3173012507555355,08958863841,38419447469057,5423218395768539,titinuwais@yahoo.co.id,"Jalan Abdul Muis No. 8, Bitung, RI 37702",9962799438338694
1759,Ajeng Saputra,M,1960-05-22,3203012205601845,08317863189,969856879673799,5268808596652162,ajeng.saputra705@ymail.com,"Jl. Sadang Serang No. 9, Purwokerto, KI 97178",9987753837316263
1760,R. Jaeman Waluyo,F,1975-05-31,3203017105758542,08120511842,51022058359578,5408352627382761,r..jaeman.waluyo447@gmail.com,"Gg. Rungkut Industri No. 739, Bandar Lampung, YO 55916",9930441458539332
1761,Sutan Dirja Yulianti,F,1987-12-20,3171016012871320,08996119809,16993232367365,5540197311120278,sutan.dirja.yulianti@outlook.com,"Gg. Peta No. 7, Pematangsiantar, Kepulauan Bangka Belitung 06545",9978749830319915
1762,"Juli Pertiwi, S.Kom",F,1999-12-05,3273014512999735,08577334095,64692326624,5199663907426639,"juli.pertiwi,.s.kom@yahoo.co.id","Gg. Sukabumi No. 09, Mojokerto, KB 78562",9984273505621594
1763,"Elvina Hartati, S.IP",M,1990-06-13,3171011306903035,085706093141,46123933818,5445497515238584,"elvinahartati,s.ip@hotmail.com","Jl. Medokan Ayu No. 6, Bitung, Sulawesi Selatan 10936",9963841239145451
1764,Hj. Betania Rahmawati,F,2000-06-27,3271016706003681,+628143709031,54390153395833,5526509012818486,hj.betaniarahmawati228@hotmail.com,"Gg. Cikapayang No. 327, Surakarta, JI 58777",9994547863614551
1765,"Dt. Bakiadi Setiawan, M.Farm",M,2001-03-04,3201010403010856,082179913468,16561217472672,5140688772753868,"dt._bakiadi_setiawan,_m.farm563@gmail.com","Jalan Dipenogoro No. 956, Lhokseumawe, SN 77359",9972586205445338
1766,"Wirda Pratiwi, S.IP",M,1974-10-05,3301010510742051,+628518931698,89953420566,5407352675652989,"wirda.pratiwi,.s.ip@gmail.com","Gg. Gedebage Selatan No. 563, Kotamobagu, Sumatera Utara 50075",9937379552853262
1767,Ulva Santoso,F,1960-12-04,3175014412600148,081260510019,1098726462716,5352059354157235,ulvasantoso508@yahoo.co.id,"Gg. R.E Martadinata No. 821, Tegal, SB 87477",9930990720983655
1768,Zelaya Susanti,F,1988-01-01,7102014101889638,+6285197465198,7316032888948,5478941726352884,zelaya.susanti@ymail.com,"Jl. Soekarno Hatta No. 99, Tomohon, JA 52019",9923706162851552
1769,"Kezia Rajasa, S.Farm",F,1966-01-07,3104014701660625,+6281420029890,90878253467099,5385061613121787,"keziarajasa,s.farm@outlook.com","Gang Gardujati No. 1, Sawahlunto, Kalimantan Selatan 53031",9935867065883345
1770,drg. Kalim Pratama,F,1968-06-16,3602015606686596,088242233844,21795495711704,5444153614518316,drg..kalim.pratama@ymail.com,"Jalan Monginsidi No. 7, Kediri, Kalimantan Utara 52620",9952460217324817
1771,"Enteng Pudjiastuti, M.Kom.",M,1962-07-17,3402011707626442,08510726076,2640640058445,4282729428981168,"enteng_pudjiastuti,_m.kom.827@ymail.com","Jl. K.H. Wahid Hasyim No. 2, Semarang, KS 51739",9932838384222050
1772,"R.M. Cahyo Prastuti, S.H.",F,2007-10-14,7101015410074037,081495748591,47599334582,6011388187169461,"r.m.cahyoprastuti,s.h.450@outlook.com","Gang Rumah Sakit No. 394, Medan, Bengkulu 57779",9996306424014554
1773,Farhunnisa Hidayanto,M,1959-06-21,3103012106595079,089880725797,415463676,5113606294944725,farhunnisa_hidayanto139@hotmail.com,"Gg. H.J Maemunah No. 35, Pekalongan, DI Yogyakarta 57509",9964857411381629
1774,Endah Hardiansyah,F,1962-10-23,3302016310621104,085189333639,11447159977194,5545959614097743,endah.hardiansyah941@gmail.com,"Gg. Kutai No. 5, Sukabumi, NT 29433",9945469473876198
1775,Paulin Waluyo,M,1986-05-08,3302010805864047,08329322769,15721864532,5561691749939455,paulinwaluyo@outlook.com,"Gang Asia Afrika No. 94, Sawahlunto, KR 10104",9982795830490894
1776,Victoria Rahayu,M,1963-02-02,3401010202635146,081700688730,30563364097628,6011271288263104,victoriarahayu582@ymail.com,"Gg. Pelajar Pejuang No. 2, Ambon, GO 88969",9962614089891394
1777,Hj. Calista Prabowo,F,2003-06-21,3173016106037209,+6288188168204,377317742,5578943788724274,hj._calista_prabowo@hotmail.com,"Gang Raya Ujungberung No. 848, Bengkulu, DKI Jakarta 70347",9956116705898404
1778,Margana Iswahyudi,M,1975-02-28,3303012802758947,081131647059,987534073284,5268893228171080,margana.iswahyudi@ymail.com,"Gg. K.H. Wahid Hasyim No. 55, Padangpanjang, JI 21354",9917895300587571
1779,R. Dinda Wijayanti,M,1998-01-14,3104011401984209,089959336783,649086781382,6011311967647585,r.dindawijayanti@yahoo.co.id,"Gg. Ciwastra No. 34, Kota Administrasi Jakarta Utara, Papua Barat 09547",9963173224593537
1780,"Salimah Hardiansyah, S.Farm",F,1992-03-18,3201015803928495,08838227069,873084298507702,5168104636320152,"salimah_hardiansyah,_s.farm@yahoo.co.id","Jl. Cempaka No. 5, Mojokerto, Kalimantan Selatan 21412",9946022203098140
1781,Catur Siregar,M,1955-03-27,3103012703552981,088473194194,7511858020,5131521809612495,catur.siregar@ymail.com,"Gang Cikutra Timur No. 80, Palangkaraya, Kepulauan Bangka Belitung 85413",9951875480563846
1782,Ibrahim Wijaya,M,1967-01-01,3302010101679744,+628990980657,90165845632,5545405360656817,ibrahim_wijaya@ymail.com,"Gg. Kutisari Selatan No. 565, Palembang, GO 78290",9961306723483625
1783,Okto Sihombing,M,1993-03-22,3273012203937377,08999622923,771844617327,5230766740018478,oktosihombing894@outlook.com,"Jl. H.J Maemunah No. 1, Cilegon, Kepulauan Riau 41401",9994192465079346
1784,Tgk. Marsito Widodo,F,1966-11-24,3104016411665643,08337124084,62056224718038,5414371045826097,tgk._marsito_widodo@gmail.com,"Jalan Tubagus Ismail No. 20, Cilegon, Bali 74020",9974015317899407
1785,Ir. Gada Samosir,F,1988-08-26,3174016608887532,089822178066,918930163684,5163361891355962,ir._gada_samosir@outlook.com,"Gang Wonoayu No. 81, Pangkalpinang, KB 36759",9987404522176526
1786,Ira Saputra,F,2006-08-08,7301014808061842,+6288214762380,194618677164181,5260499129363225,irasaputra@ymail.com,"Jl. Gardujati No. 0, Bengkulu, Kalimantan Selatan 85231",9994574124856721
1787,"Drs. Vivi Narpati, S.H.",M,1974-08-12,3271011208743482,085920967386,2965376703927,5299143839750530,"drs..vivi.narpati,.s.h.@yahoo.co.id","Jalan Gegerkalong Hilir No. 462, Pariaman, JK 20253",9962891774735896
1788,"T. Capa Permadi, M.Pd",M,2005-10-29,3273012910054801,089615118888,8032248913,5304374557663943,"t..capa.permadi,.m.pd@ymail.com","Gg. Waringin No. 04, Solok, KS 66740",9928335062520583
1789,"Zelaya Mandasari, M.Kom.",F,2007-08-31,3303017108078306,+628187759479,8019246759,5279633711935173,"zelaya.mandasari,.m.kom.566@gmail.com","Gg. Suryakencana No. 24, Banda Aceh, Kalimantan Utara 05109",9954093922303207
1790,Dalima Suryono,M,1993-10-21,7101012110931800,+628983761352,794538455,5227244753987920,dalimasuryono@hotmail.com,"Gang K.H. Wahid Hasyim No. 54, Palangkaraya, KT 76398",9930849995889162
1791,Darmaji Puspita,M,1972-06-10,3104011006727917,081699686506,265586511,5203555818006600,darmaji_puspita434@outlook.com,"Gg. H.J Maemunah No. 278, Pematangsiantar, Bali 04235",9936427384551606
1792,Vera Yulianti,F,2004-01-07,3172014701040658,088438006399,923691099787219,4630916516800475,vera.yulianti105@yahoo.co.id,"Jalan Ciumbuleuit No. 699, Tangerang, DKI Jakarta 53470",9976393023785510
1793,"Dr. Zulaikha Yolanda, S.Ked",M,1973-11-27,3172012711733404,087817020055,1187890052994,5132554334923218,"dr..zulaikha.yolanda,.s.ked694@yahoo.co.id","Jalan Stasiun Wonokromo No. 4, Surabaya, RI 57686",9911025618169750
1794,Dian Hidayanto,M,1993-03-31,3303013103938444,08550361322,14744730981107,5580876678453342,dianhidayanto@yahoo.co.id,"Gang Ciumbuleuit No. 4, Ternate, Nusa Tenggara Timur 22595",9974737081060765
1795,Rendy Nainggolan,F,1973-05-23,3274016305737465,+628131803361,85060503351,6011163784573625,rendy_nainggolan@gmail.com,"Gg. PHH. Mustofa No. 963, Binjai, Gorontalo 96745",9947629260804225
1796,Satya Aryani,M,1961-01-01,3602010101610062,+6281532269927,122940097511029,5194099656789567,satya_aryani920@ymail.com,"Jalan Rumah Sakit No. 0, Batam, Sumatera Barat 72234",9983740053664284
1797,"Dr. Zaenab Mardhiyah, M.M.",M,1962-06-19,3701011906621050,+628563292844,2384332133,6011000429560308,"dr..zaenab.mardhiyah,.m.m.@gmail.com","Jl. KH Amin Jasuta No. 1, Pematangsiantar, DKI Jakarta 18993",9957590734469509
1798,"Tgk. Samiah Handayani, S.Psi",F,1974-04-16,3103015604740433,08157520025,28606231438,5344373053596274,"tgk._samiah_handayani,_s.psi@gmail.com","Jl. Cempaka No. 5, Kota Administrasi Jakarta Barat, Sumatera Barat 11493",9992569611179694
1799,Usman Budiyanto,F,1968-02-05,3501014502683758,081627397674,491420375,6011694143140136,usmanbudiyanto541@ymail.com,"Jl. Bangka Raya No. 5, Tangerang, BA 38180",9932764652558107
1800,Ifa Pudjiastuti,F,1968-05-10,3201015005683312,08988942840,7380285212004,5516485155964876,ifa.pudjiastuti@gmail.com,"Jl. Gegerkalong Hilir No. 824, Tarakan, BB 81702",9975191237230003
1801,Bella Anggraini,M,1983-03-05,3201010503836015,081323594021,78135636,6011224462655617,bella_anggraini682@outlook.com,"Jl. Cikutra Timur No. 99, Balikpapan, KT 04347",9957567746399521
1802,"Farhunnisa Samosir, S.Pd",F,1969-01-09,3272014901697861,085348479270,561735360684,5270674091260281,"farhunnisa_samosir,_s.pd@gmail.com","Gg. Siliwangi No. 004, Ambon, DI Yogyakarta 41313",9972981023734325
1803,Uli Hasanah,M,1973-05-14,3273011405730424,089680232586,18814848,5594654112422964,uli.hasanah@yahoo.co.id,"Gg. Ir. H. Djuanda No. 2, Serang, NT 72176",9988287747199527
1804,Nyana Nurdiyanti,M,1998-02-19,3175011902987767,+6281521866782,85676594863787,6011855971189725,nyana_nurdiyanti@ymail.com,"Gang Waringin No. 7, Batam, KT 71239",9972439082749051
1805,Drs. Darmana Susanti,M,1984-03-18,3602011803843261,+6285687472673,91361593640762,4282074959624139,drs..darmana.susanti287@ymail.com,"Gg. S. Parman No. 30, Mataram, JA 55868",9943793356728011
1806,Mariadi Hasanah,M,1998-11-14,3204011411981376,08181582545,534382500,5469920510341595,mariadi_hasanah@ymail.com,"Jl. Yos Sudarso No. 6, Tegal, Banten 15758",9949780793393876
1807,Umaya Purnawati,F,1973-02-09,3101014902738474,+6285827060771,742369170324223,5217792117005246,umaya_purnawati881@gmail.com,"Gg. HOS. Cokroaminoto No. 544, Yogyakarta, Kalimantan Utara 71954",9913382807469133
1808,Ghaliyati Maryati,M,1956-11-21,3102012111567732,085220984027,415211997178,6011625615636888,ghaliyati_maryati280@hotmail.com,"Jalan HOS. Cokroaminoto No. 715, Palu, KR 05555",9912506745732239
1809,"Galuh Santoso, S.Pd",F,1996-01-09,3302014901966155,08336285367,9187113635,6011431331127061,"galuhsantoso,s.pd810@hotmail.com","Gang Rawamangun No. 8, Sukabumi, Jawa Barat 00720",9977569755098747
1810,Pranawa Safitri,M,2005-03-11,3172011103054573,08990303379,28502976706440,5430577614069263,pranawa.safitri45@hotmail.com,"Jl. Jend. Sudirman No. 61, Mataram, SB 41048",9988521256305991
1811,Cindy Nurdiyanti,F,1978-04-19,3105015904785696,+6288108851744,488258235,5226373380617792,cindynurdiyanti@hotmail.com,"Jalan Bangka Raya No. 447, Tanjungpinang, BB 71101",9985192889453937
1812,Victoria Budiman,M,1982-04-29,3174012904820169,08381059507,504868716,5407338210920098,victoria.budiman120@ymail.com,"Gg. Rawamangun No. 443, Pangkalpinang, Kalimantan Utara 46689",9983975319111765
1813,"Dr. Sakura Rajasa, M.Ak",M,2008-10-09,3175010910086257,088509894793,74690610960,5138223822353754,"dr._sakura_rajasa,_m.ak696@yahoo.co.id","Gg. Moch. Ramdan No. 1, Palembang, Sumatera Selatan 46924",9956892612436097
1814,Zulaikha Nuraini,M,1980-06-08,3302010806800461,082220696577,987130848397200,5363295689865746,zulaikhanuraini@outlook.com,"Jl. Dipatiukur No. 6, Kota Administrasi Jakarta Barat, Jawa Barat 14565",9999927225942563
1815,"R. Caturangga Hariyah, S.I.Kom",M,1960-06-11,3602011106601076,+6288100381404,25315005,5583534858425566,"r..caturangga.hariyah,.s.i.kom@outlook.com","Jl. Pacuan Kuda No. 37, Dumai, Jawa Tengah 67405",9983280502165309
1816,Galih Iswahyudi,F,1966-07-20,3105016007667394,08331832579,795352469,5160425990401939,galihiswahyudi815@ymail.com,"Jl. Sadang Serang No. 11, Semarang, Bali 06071",9981724126358408
1817,Sadina Padmasari,M,1968-08-05,6101010508684768,08584457434,6122869529382,4062868521007354,sadinapadmasari@yahoo.co.id,"Gg. Gegerkalong Hilir No. 144, Sukabumi, Sulawesi Selatan 35384",9999991667245148
1818,Vicky Anggraini,F,1991-05-19,5101015905910374,+6285914822430,6888557393974,5160855026259916,vicky_anggraini@hotmail.com,"Jalan Raya Setiabudhi No. 9, Kota Administrasi Jakarta Timur, Jawa Tengah 18455",9967313411880741
1819,"KH. Tomi Simanjuntak, M.Pd",M,1966-07-14,5101011407662649,081103679889,463015277374811,5444878905291841,"kh._tomi_simanjuntak,_m.pd@gmail.com","Gg. Cikutra Barat No. 1, Singkawang, Maluku 23235",9958143009779813
1820,R.A. Yunita Tampubolon,F,1985-03-10,7101015003857487,+628825731302,47354053,5140164785060932,r.a..yunita.tampubolon@ymail.com,"Jalan Monginsidi No. 0, Bandar Lampung, Sumatera Barat 07819",9963551955025436
1821,"Rizki Hartati, S.Kom",F,1992-04-06,6101014604925236,08222146548,32061525019,6011177987950471,"rizkihartati,s.kom@gmail.com","Jalan Setiabudhi No. 477, Pariaman, BB 49649",9935818768062024
1822,Maria Suryono,M,1968-06-15,3302011506680724,+6282275917489,4936044707,5506605796527392,mariasuryono@gmail.com,"Jalan Sukajadi No. 8, Meulaboh, Maluku 27553",9955783689714389
1823,R.A. Winda Purwanti,M,1982-01-15,3176011501821402,+6288201624445,23703408497853,4502743939191653,r.a._winda_purwanti323@ymail.com,"Jalan Indragiri No. 210, Bandar Lampung, SG 54539",9967733052612511
1824,Perkasa Fujiati,M,1978-09-15,3174011509789472,+628777958607,43302068,5120538452813495,perkasa_fujiati527@outlook.com,"Gg. Rawamangun No. 792, Bogor, Papua 74316",9954864924934956
1825,Cahyadi Wahyudin,M,1996-12-31,3274013112962373,083310382118,60255130,5499629426497702,cahyadi_wahyudin@hotmail.com,"Jalan Tebet Barat Dalam No. 9, Kota Administrasi Jakarta Timur, Jawa Tengah 89523",9963177440799189
1826,"drg. Lantar Saptono, M.Farm",M,1978-04-16,3271011604785833,083127421691,8594190454906,5247829240988660,"drg._lantar_saptono,_m.farm@ymail.com","Gang Rungkut Industri No. 5, Palu, SS 27317",9971684377641405
1827,Sabrina Wahyuni,F,1993-07-13,7301015307939949,+628116180203,7775216359244,5250765478891555,sabrinawahyuni247@outlook.com,"Jl. Gegerkalong Hilir No. 402, Serang, Kalimantan Tengah 27617",9961028266660477
1828,"Tgk. Titin Dabukke, S.T.",M,1977-04-12,3301011204772185,08777422120,460014523232914,5104179395384304,"tgk._titin_dabukke,_s.t.73@outlook.com","Gang Kapten Muslihat No. 11, Purwokerto, Papua Barat 81105",9911633938878361
1829,Nugraha Mustofa,M,1955-07-26,3201012607555413,+6285290333139,15720731156762,5186582630161800,nugraha.mustofa@ymail.com,"Gang Tebet Barat Dalam No. 5, Cimahi, Sumatera Utara 76774",9948632202559129
1830,R.A. Jamalia Saptono,M,1965-01-25,3502012501653460,08195475515,93229918128091,6011917701982776,r.a.jamaliasaptono@outlook.com,"Jalan HOS. Cokroaminoto No. 7, Sibolga, Sulawesi Barat 15100",9957294422035286
1831,Jindra Farida,F,1962-08-29,5103016908628500,087866121774,515657437598,5148132818012950,jindra_farida515@hotmail.com,"Jalan Medokan Ayu No. 4, Salatiga, Papua Barat 37155",9972969876445555
1832,Akarsana Tamba,M,1980-12-08,3302010812802721,+6283307149131,62740456454312,5403826512947290,akarsanatamba135@yahoo.co.id,"Jl. Stasiun Wonokromo No. 30, Banjarbaru, Sulawesi Utara 37731",9973261411177255
1833,Dr. Febi Saefullah,M,2008-04-05,3173010504089815,08311391222,25842511874223,4858313297570341,dr..febi.saefullah638@gmail.com,"Jalan Jamika No. 7, Sibolga, Bali 68009",9985358904469086
1834,Cawuk Dabukke,M,1958-05-21,3203012105588763,083236274818,885297642,6011846851926177,cawukdabukke952@ymail.com,"Jl. M.T Haryono No. 4, Denpasar, KU 96023",9930923363724635
1835,"dr. Yessi Safitri, M.Ak",F,1966-07-15,3204015507662634,08213916102,217040478,5573748052170209,"dr._yessi_safitri,_m.ak@ymail.com","Gg. Siliwangi No. 90, Cimahi, KS 88806",9977984391880447
1836,Tgk. Betania Hastuti,M,2001-11-08,3272010811016820,08576295810,819676741660648,5288844424504982,tgk.betaniahastuti414@hotmail.com,"Gg. Gedebage Selatan No. 007, Payakumbuh, NT 55850",9980657461097119
1837,Puti Ilsa Sitorus,F,1986-12-12,7301015212864800,08772652766,415525417832112,5381868506345858,puti_ilsa_sitorus765@outlook.com,"Jalan Pacuan Kuda No. 69, Tangerang, Riau 72865",9910180660859768
1838,Edward Mansur,F,1960-11-05,3402014511606170,08826342423,9870052513,5327258618211407,edwardmansur562@ymail.com,"Gg. Kapten Muslihat No. 04, Bontang, Gorontalo 64349",9946406149582885
1839,"Ir. Irma Kurniawan, S.Farm",M,2002-03-08,3601010803021863,083171216275,42006119368,5452974802335238,"ir._irma_kurniawan,_s.farm885@hotmail.com","Jalan Cempaka No. 8, Salatiga, SS 85749",9970965331940828
1840,"R. Asmadi Widodo, S.Farm",M,1959-04-13,7301011304593515,088360749169,655613960,6011475104242586,"r._asmadi_widodo,_s.farm403@ymail.com","Gang Dipatiukur No. 7, Sungai Penuh, ST 37701",9993365088092762
1841,Ratih Prabowo,M,2007-06-07,3104010706074002,087817685384,184772797280,5427714004640871,ratihprabowo@outlook.com,"Gang Tebet Barat Dalam No. 9, Kota Administrasi Jakarta Selatan, Kalimantan Utara 80470",9970804865381853
1842,Sari Rahmawati,M,1971-01-07,6101010701718602,087852452164,21808295,5285211215946339,sari.rahmawati@outlook.com,"Jalan Monginsidi No. 56, Palangkaraya, Jawa Barat 32735",9990126773690293
1843,Caket Utama,F,1997-02-18,3101015802977174,08951770690,4370193639986,5551436462969057,caket_utama736@yahoo.co.id,"Jl. Jakarta No. 008, Palu, SS 91532",9992901779310106
1844,Ganep Wibisono,M,1993-04-26,3102012604936481,08992584047,93073546,4079740768564498,ganepwibisono156@hotmail.com,"Jl. Rumah Sakit No. 83, Sungai Penuh, BT 03413",9991148974585409
1845,Jessica Yolanda,M,1999-08-04,3201010408994152,+6288495468002,86465317,5559596274233411,jessica.yolanda@hotmail.com,"Gang Jayawijaya No. 99, Tebingtinggi, Sulawesi Tengah 70600",9999619810903742
1846,Cinthia Setiawan,F,1982-02-21,3172016102823952,+6289826968575,791394689,5132766163984818,cinthia.setiawan@yahoo.co.id,"Jalan Cikapayang No. 91, Lhokseumawe, Lampung 68716",9926528486432950
1847,"Michelle Fujiati, S.E.",M,1968-01-31,3302013101687880,08595324606,908554206,4993960078949359,"michelle.fujiati,.s.e.@outlook.com","Gang Rajawali Barat No. 545, Pagaralam, Jambi 48741",9935453922404936
1848,Ophelia Tarihoran,M,1970-01-04,6101010401702193,081351134865,91032022401732,5415954312467408,opheliatarihoran5@gmail.com,"Jalan Rungkut Industri No. 8, Cirebon, Sulawesi Barat 49212",9952326835647330
1849,"Gawati Permata, M.Farm",M,1962-07-29,3701012907628991,085111958736,44051300572395,5127918233167165,"gawati.permata,.m.farm613@ymail.com","Jalan Antapani Lama No. 13, Surabaya, Aceh 48456",9953311881570060
1850,"drg. Bagus Utama, S.T.",M,1979-09-11,3204011109794830,+628533521560,5746879271,5455137035979787,"drg.bagusutama,s.t.@ymail.com","Gang Abdul Muis No. 56, Samarinda, DKI Jakarta 64576",9981242745283271
1851,"Ir. Warsita Hartati, S.Sos",F,1981-10-03,3273014310817504,088279393693,8202035210481,4468138933138631,"ir.warsitahartati,s.sos975@ymail.com","Gang Surapati No. 76, Sabang, NT 08529",9940284397066179
1852,Janet Nashiruddin,F,1978-09-29,3176016909784568,085510417628,130164040,5197621188069045,janet.nashiruddin@gmail.com,"Jalan Peta No. 9, Pontianak, Jawa Barat 27544",9930699648853698
1853,Irfan Hutagalung,M,1962-11-12,3175011211622779,081124418501,74150995756811,5534315329314935,irfanhutagalung@yahoo.co.id,"Jalan Kutisari Selatan No. 7, Sukabumi, SU 40067",9961652169311621
1854,Zelda Astuti,F,1962-10-03,3201014310624544,08996247193,62773087240364,5400254064676517,zelda_astuti150@outlook.com,"Jl. Dipatiukur No. 30, Bekasi, Kalimantan Selatan 30111",9932098549924838
1855,T. Mulyono Damanik,M,1998-06-19,3176011906983329,+6283356441493,690382403,4922834364456636,t..mulyono.damanik@outlook.com,"Gang Sadang Serang No. 7, Medan, JB 52961",9990343489595463
1856,Febi Zulkarnain,F,1973-10-07,7301014710730870,081906644651,892300288,5149284455074291,febizulkarnain@ymail.com,"Gang M.T Haryono No. 517, Sungai Penuh, SS 13556",9937616726709104
1857,drg. Hilda Wahyuni,F,2006-10-18,3203015810064391,08120105689,136496442216968,5428697979348592,drg._hilda_wahyuni@hotmail.com,"Gang Cikutra Timur No. 82, Tangerang Selatan, Papua Barat 19991",9927624285340848
1858,"Mala Mustofa, S.T.",M,1997-01-21,3104012101971392,+628776057948,681001544751245,5337984800203287,"mala_mustofa,_s.t.@outlook.com","Gang Jend. A. Yani No. 3, Tangerang Selatan, LA 68517",9983525318672805
1859,Fitriani Fujiati,F,2007-05-20,3271016005077843,08832250915,8322223260175,5226988320991247,fitriani.fujiati214@ymail.com,"Jl. Gegerkalong Hilir No. 7, Sibolga, BE 20387",9921065631822706
1860,Bancar Utama,F,1963-10-16,3303015610636644,08997857302,58477146733,5590921370183276,bancar_utama@gmail.com,"Gang Sukabumi No. 446, Bukittinggi, Banten 65663",9993079429234463
1861,Luhung Prabowo,F,1989-05-07,5102014705894393,085818815765,1218645982194,4517638618908546,luhung.prabowo@gmail.com,"Gg. Kebonjati No. 2, Blitar, MU 81403",9930191477567391
1862,Iriana Sihotang,F,1958-02-09,3274014902586064,087799539720,7006420922597,6011396707106015,irianasihotang@yahoo.co.id,"Jalan Cikutra Barat No. 484, Tomohon, NT 74509",9941516488618656
1863,"R.A. Fitria Mulyani, S.Gz",M,1966-09-05,3102010509663459,+628155433745,66026741216382,5259622397248436,"r.a.fitriamulyani,s.gz@ymail.com","Gg. Pasteur No. 431, Solok, AC 71823",9992828027007265
1864,"Shakila Permadi, S.E.I",F,1991-10-22,3174016210917515,08550515071,91653598,5215320928353427,"shakilapermadi,s.e.i282@gmail.com","Gg. Bangka Raya No. 54, Mojokerto, YO 27573",9921268724626048
1865,Puti Kurniawan,F,1973-06-09,3102014906738724,08116486157,34696492896,5189996801266994,puti.kurniawan@gmail.com,"Jl. Sukajadi No. 61, Tangerang Selatan, KU 92942",9953814336730617
1866,Rafi Mandala,F,1980-03-12,3502015203804582,081594428281,35512669178,5172972136908662,rafi.mandala@ymail.com,"Jl. Laswi No. 33, Palangkaraya, Jawa Timur 98958",9942209687677725
1867,Yessi Hassanah,M,1964-12-24,3601012412645827,08212404034,860971377,5393864047042082,yessi_hassanah821@hotmail.com,"Jl. Gegerkalong Hilir No. 9, Jayapura, ST 91275",9968912052709510
1868,dr. Iriana Hariyah,M,1987-08-01,3402010108879725,+628180122694,64318705098,6011221625932243,dr..iriana.hariyah724@gmail.com,"Jl. Dipatiukur No. 22, Tarakan, Riau 91004",9951461458116888
1869,Hartana Ramadan,M,2000-04-03,7101010304003981,08176232528,129133227603,5421916580643858,hartana_ramadan@yahoo.co.id,"Gang Pasir Koja No. 296, Kota Administrasi Jakarta Pusat, Jawa Tengah 00722",9991890480788777
1870,Lala Mardhiyah,F,2004-11-19,3502015911043868,08525830976,735077318859,5177533594095336,lala.mardhiyah661@yahoo.co.id,"Gg. Monginsidi No. 878, Surakarta, Sulawesi Utara 09338",9956079499861365
1871,Arta Budiman,M,1995-09-30,3502013009959435,088343389025,227806644856786,5492685512701182,artabudiman209@gmail.com,"Gg. Lembong No. 2, Pekanbaru, Sulawesi Selatan 75465",9911690055888441
1872,Jatmiko Marbun,F,1984-12-29,3303016912845044,083151541423,24509413822581,5201011905044282,jatmiko.marbun430@hotmail.com,"Jl. PHH. Mustofa No. 63, Denpasar, LA 56841",9984280375513083
1873,"Laras Pangestu, S.Psi",M,1973-04-04,3173010404736504,085751972634,6658247682584,5297220501160022,"laras_pangestu,_s.psi531@ymail.com","Gang Laswi No. 18, Bima, Sumatera Barat 96595",9976951824353055
1874,Jane Zulkarnain,F,2004-07-09,5103014907047095,08520297637,6794319366711,5325352293862918,janezulkarnain@outlook.com,"Jl. Cihampelas No. 5, Denpasar, Riau 84210",9995333870407715
1875,Tirta Mahendra,M,1985-08-31,5101013108852149,089913158620,99477854079,5253934112364629,tirtamahendra838@gmail.com,"Gang Setiabudhi No. 95, Palu, JB 76604",9990695457335850
1876,Waluyo Aryani,F,1958-12-30,5101017012582552,081147405503,26055704,6011787123728733,waluyo_aryani501@ymail.com,"Jl. Wonoayu No. 08, Jayapura, SB 29821",9971058791686662
1877,"Sutan Gilang Uyainah, S.E.I",F,1956-01-31,3101017101566772,08319990954,841686744899615,6011160080443585,"sutan.gilang.uyainah,.s.e.i884@gmail.com","Jl. Rungkut Industri No. 5, Bekasi, MA 28407",9916644322502698
1878,"Mariadi Widiastuti, M.Farm",F,1998-09-11,5102015109980548,089703453007,252742128133,4943801808753744,"mariadi.widiastuti,.m.farm@outlook.com","Gg. Jayawijaya No. 476, Tangerang Selatan, BA 78244",9913457525185086
1879,Keisha Sudiati,M,1976-10-08,3602010810767199,081886189420,987820282536,5252205384803020,keisha_sudiati105@outlook.com,"Jalan Ahmad Yani No. 4, Pematangsiantar, SR 50855",9926268376487160
1880,Winda Usada,F,1986-06-29,3271016906869870,+6287867239044,1711383514635,5276584885476200,winda_usada@hotmail.com,"Jalan Sukabumi No. 92, Bontang, MU 27346",9981828086773835
1881,"Ir. Tania Marbun, M.Kom.",F,2004-12-27,5103016712043473,08982197617,36417225514,5288501829990914,"ir..tania.marbun,.m.kom.@gmail.com","Jalan Kebonjati No. 3, Subulussalam, Kepulauan Bangka Belitung 66105",9963262622325404
1882,Rahayu Winarno,M,1960-08-13,3173011308600214,08517394883,16077187297,4345058820244691,rahayu_winarno@ymail.com,"Gang Jend. A. Yani No. 8, Tomohon, Sumatera Utara 92449",9950885817187181
1883,Anita Prasasta,M,2003-06-30,3101013006035315,088198304214,4321301938,6011682267235614,anita.prasasta612@yahoo.co.id,"Gang Veteran No. 344, Sabang, KI 18380",9923814378517562
1884,R.A. Hasna Halimah,F,1961-10-05,5103014510615368,08339788235,28444690488,5156347168801771,r.a..hasna.halimah60@ymail.com,"Jl. Yos Sudarso No. 93, Bekasi, JI 01631",9961618602387492
1885,Elvina Dabukke,F,1982-04-11,3173015104826482,+628320235641,87142105,5235137183497999,elvina.dabukke@ymail.com,"Jl. Siliwangi No. 313, Mojokerto, Kalimantan Tengah 40982",9918246775096677
1886,Aurora Najmudin,M,1959-07-05,3701010507597309,088485991928,2769603834,5386264616150180,aurora_najmudin23@gmail.com,"Gang K.H. Wahid Hasyim No. 129, Sibolga, Bali 17756",9956021592973789
1887,"Shakila Budiman, S.Ked",M,2004-01-12,3171011201048173,+6288411407670,108263746462250,5574762198938355,"shakilabudiman,s.ked@gmail.com","Gg. Sukabumi No. 32, Lhokseumawe, Sumatera Utara 43871",9981358273714426
1888,Galar Suryono,F,1975-05-04,3701014405751005,+628979925751,540342875,6011673110176609,galar.suryono@yahoo.co.id,"Jalan Gardujati No. 08, Balikpapan, JB 28204",9968342822192385
1889,R.A. Sakura Nurdiyanti,M,1958-01-31,3401013101584540,081369103934,13345393,4742216598115794,r.a..sakura.nurdiyanti@outlook.com,"Jalan Jend. Sudirman No. 216, Bandar Lampung, Papua 24183",9983499683582648
1890,"Usyi Tampubolon, S.E.",F,1962-09-16,3201015609627251,08146396824,397131158250843,5221121828829148,"usyi_tampubolon,_s.e.319@gmail.com","Gg. Ir. H. Djuanda No. 0, Bekasi, KI 16795",9949741141316882
1891,Karsana Pratama,M,1994-05-23,3105012305942911,+628235954324,32078105089,5494081672336931,karsana_pratama@outlook.com,"Jalan Dipenogoro No. 1, Palopo, Sumatera Selatan 16786",9982199332239473
1892,Cut Elma Simanjuntak,F,1995-01-01,3271014101955200,+6285635679415,56174556,5178018715130069,cut.elma.simanjuntak@ymail.com,"Gg. Pasir Koja No. 673, Cimahi, Jawa Timur 99417",9923589267888129
1893,Fathonah Yuniar,M,1992-03-30,3102013003926177,08146181579,52378850790475,5223033501232902,fathonah.yuniar@gmail.com,"Gg. Kiaracondong No. 984, Banjarmasin, Nusa Tenggara Barat 75508",9932865140000253
1894,Elisa Pudjiastuti,F,1969-03-22,3201016203694590,+6285182212151,99506659,6011356140081454,elisa.pudjiastuti913@gmail.com,"Gang Cikutra Barat No. 784, Palopo, SB 08307",9985404174384664
1895,"Emil Gunarto, S.Psi",M,1976-06-01,3272010106767922,+6285970749522,997639160076,5441658701529500,"emil_gunarto,_s.psi251@hotmail.com","Jalan Ciwastra No. 27, Palu, Sulawesi Tengah 28290",9999327203053735
1896,"Pia Prakasa, S.E.I",F,1961-07-28,3701016807618615,08780445675,963243350,5451127481626987,"pia_prakasa,_s.e.i@hotmail.com","Jl. Jamika No. 340, Dumai, Papua Barat 19905",9910972438994230
1897,Azalea Wacana,F,1956-10-20,3104016010562397,082246563825,38761976,6011813891020872,azaleawacana@yahoo.co.id,"Gg. KH Amin Jasuta No. 4, Batu, JK 06485",9984964151206271
1898,"Dr. Qori Fujiati, M.TI.",M,2005-12-04,3601010412055453,08123190857,6842208652,6011077486025635,"dr._qori_fujiati,_m.ti.@gmail.com","Jl. Pasir Koja No. 790, Subulussalam, MA 38819",9998775517773416
1899,Baktianto Saefullah,F,1958-08-01,3174014108589962,08977328557,584085228619827,5160657682996727,baktiantosaefullah183@gmail.com,"Gang Rawamangun No. 61, Blitar, KR 01709",9997849253495028
1900,Ihsan Anggraini,F,1963-06-28,6101016806636596,+628824288789,82419541571762,5396728925765555,ihsan.anggraini270@hotmail.com,"Gg. Rawamangun No. 223, Kota Administrasi Jakarta Pusat, NT 47827",9992710790606567
1901,Gaman Nainggolan,M,1980-01-28,3271012801804401,08559953218,25305865483,6011388067191742,gaman.nainggolan@ymail.com,"Jalan Jayawijaya No. 89, Kendari, Papua 27299",9997821026688756
1902,Darijan Utami,F,2002-07-16,3303015607026740,083317524097,23934749500441,5450060307984366,darijan.utami861@ymail.com,"Jl. Pasir Koja No. 939, Surakarta, SN 98464",9921615307238022
1903,Diana Wastuti,F,1984-01-13,3602015301845242,088493404869,94137078703,6011301411826062,dianawastuti45@ymail.com,"Gg. Suniaraja No. 5, Tarakan, KU 88676",9976679714527550
1904,Jasmani Prayoga,F,1964-03-05,3601014503644479,083805742050,10182606,5101199068870907,jasmaniprayoga56@yahoo.co.id,"Gg. Abdul Muis No. 20, Padang Sidempuan, SN 34014",9931063576009961
1905,Bakiman Wahyudin,F,1992-07-14,3601015407923661,081864504079,6922021395,6011207643593253,bakiman_wahyudin@ymail.com,"Gang Jend. Sudirman No. 36, Pontianak, SR 33570",9938457665591660
1906,Karimah Tarihoran,F,1970-07-06,3173014607702037,+6287874416621,9484716936175,5382681415501454,karimah_tarihoran@hotmail.com,"Gg. PHH. Mustofa No. 111, Makassar, Kepulauan Bangka Belitung 49574",9912300704674875
1907,"Puti Siti Puspasari, M.Pd",M,1964-03-19,5103011903643107,+6285759112861,65701601619,5459425352537098,"puti_siti_puspasari,_m.pd@outlook.com","Gang Moch. Toha No. 1, Batu, JI 16479",9997769192138899
1908,Salimah Wibisono,F,1964-08-02,3203014208644503,+628119958928,649630839,5577251883389534,salimah_wibisono@gmail.com,"Jalan Pasir Koja No. 35, Sungai Penuh, SU 59153",9941634103180660
1909,Jaiman Sihotang,F,2001-05-01,3204014105019703,085744997075,638822340917,4895743826782824,jaiman_sihotang362@outlook.com,"Jalan Ahmad Dahlan No. 479, Tangerang Selatan, Kalimantan Utara 57824",9975549979828536
1910,Bahuwarna Dongoran,M,1972-09-21,3173012109725833,+628521469299,44587236362858,5298114575873860,bahuwarnadongoran@hotmail.com,"Gang Rajawali Barat No. 786, Lhokseumawe, Kalimantan Tengah 14606",9952440540936364
1911,"Rika Wibisono, S.IP",F,1977-12-06,3273014612772020,08784718710,40035275,4728632494878360,"rika.wibisono,.s.ip@yahoo.co.id","Jalan Cihampelas No. 91, Batam, Sumatera Utara 90650",9981105793566823
1912,"Tgk. Maida Hutasoit, S.I.Kom",F,1978-02-23,3402016302785879,08848146172,118913887217283,5306966884487944,"tgk.maidahutasoit,s.i.kom@outlook.com","Jl. Raya Setiabudhi No. 231, Banjar, Aceh 02728",9937823629083467
1913,Drs. Lidya Melani,M,2005-05-05,3176010505050477,+628954807274,7932874342050,5140905083450373,drs..lidya.melani@ymail.com,"Jl. Cikutra Barat No. 6, Kota Administrasi Jakarta Selatan, Lampung 50796",9989979928772834
1914,Ir. Yulia Usada,M,1996-05-28,3303012805962654,08967515418,3870021361,5199923239874453,ir..yulia.usada@yahoo.co.id,"Jl. Cikutra Barat No. 1, Bau-Bau, KR 24607",9969178065710911
1915,Ella Prayoga,M,1967-03-31,3701013103678753,+6289507644207,235992331289985,4186054231126259,ella_prayoga278@outlook.com,"Gang Jend. A. Yani No. 5, Palu, MU 63798",9952990450333312
1916,Alambana Siregar,F,1964-05-31,3302017105645605,081275194342,6085115494,5350465342542281,alambanasiregar@yahoo.co.id,"Gang Kapten Muslihat No. 8, Meulaboh, ST 07410",9910401241275398
1917,Lukita Saputra,M,1975-02-19,5102011902754742,08855796873,3018897611097,6011630286653585,lukita.saputra564@outlook.com,"Gg. Moch. Ramdan No. 0, Makassar, Sulawesi Selatan 28586",9932271308492322
1918,Lintang Budiman,M,1988-08-20,3202012008888528,+628383855151,56673088048,5508127274600117,lintang.budiman375@outlook.com,"Gang Tebet Barat Dalam No. 60, Madiun, JK 10184",9926954948884695
1919,Mujur Mandala,M,1962-03-16,3172011603628351,081857939381,114766964846,4591014529717304,mujur_mandala@gmail.com,"Jalan Ahmad Dahlan No. 245, Banjarmasin, SS 93565",9980975150221609
1920,Rama Saefullah,F,1968-03-11,3302015103680117,08550617355,277721664016259,5234547972808932,rama_saefullah159@ymail.com,"Gang BKR No. 65, Palu, Kalimantan Timur 48525",9970386450564369
1921,Wardaya Sitompul,M,1959-04-26,3502012604598766,08857501481,37036465,5576105272375439,wardaya_sitompul314@outlook.com,"Jalan Ciwastra No. 7, Yogyakarta, JI 79294",9917879907734119
1922,"dr. Gamanto Marpaung, S.Kom",M,1985-08-04,3302010408852820,08967486993,88479166591,5244503231248914,"dr._gamanto_marpaung,_s.kom@outlook.com","Jalan Ir. H. Djuanda No. 385, Bandung, ST 08415",9928048588320503
1923,Wage Mahendra,F,1986-01-04,6101014401869246,085196545827,304168939424185,4489006067087625,wage_mahendra@ymail.com,"Gang Waringin No. 38, Batam, KS 63529",9940343206142957
1924,Galang Mustofa,M,1970-07-25,3172012507709470,081633852892,126721825715773,5517536397869038,galang_mustofa120@yahoo.co.id,"Gg. Cikutra Barat No. 5, Banda Aceh, RI 34611",9985395612154019
1925,Paramita Lailasari,M,1983-09-06,3102010609839584,+628823691957,10305644158,5468974828758335,paramita.lailasari@ymail.com,"Jl. Suryakencana No. 59, Surabaya, Kalimantan Tengah 41917",9928261125413859
1926,"dr. Asirwada Prasasta, S.Kom",M,1959-10-21,3302012110598063,+628580836162,573110982048161,4336288570158964,"dr._asirwada_prasasta,_s.kom111@hotmail.com","Gang Peta No. 843, Sungai Penuh, Sulawesi Selatan 20931",9911308693893329
1927,Dr. Asirwada Manullang,M,1967-03-24,3601012403676896,08833273996,1913741283,5591756735082207,dr.asirwadamanullang281@yahoo.co.id,"Gg. Rajiman No. 6, Palu, Sulawesi Tenggara 36576",9923387507883594
1928,Ifa Sitompul,M,1972-01-06,3202010601729433,081248824183,66720719014,5573427220895801,ifasitompul@hotmail.com,"Jalan Kendalsari No. 43, Yogyakarta, Jambi 02693",9975266644387424
1929,Farhunnisa Prakasa,F,1986-03-21,7102016103869720,088222068673,489415235982,5502901665151748,farhunnisa_prakasa@yahoo.co.id,"Jl. Kebonjati No. 1, Mataram, DI Yogyakarta 85507",9949615364531108
1930,Hafshah Budiyanto,M,1956-06-11,3602011106566439,+6289579846503,56801527,6011650960307580,hafshah_budiyanto@ymail.com,"Jalan Sukajadi No. 41, Sorong, JA 48762",9968319819013840
1931,Irma Purwanti,M,1961-01-03,3176010301612839,085257634339,223630619377061,5487801871669939,irma_purwanti@gmail.com,"Gg. Indragiri No. 30, Sawahlunto, Lampung 69572",9957944362149069
1932,"Anom Manullang, S.H.",F,1973-11-01,5103014111732698,+628177420784,271375648671436,5289361759088708,"anom.manullang,.s.h.@hotmail.com","Gang Gardujati No. 582, Pontianak, JK 95165",9988226506627857
1933,Pangestu Padmasari,M,1988-12-16,7301011612881818,08382533441,122013921,5309228937099724,pangestu_padmasari@yahoo.co.id,"Gang Rajawali Barat No. 45, Kendari, AC 41524",9937554640920879
1934,"Drs. Keisha Lailasari, M.Pd",M,2002-05-10,3174011005020200,+628142852124,32417486006498,5424769029027694,"drs.keishalailasari,m.pd@hotmail.com","Gang Antapani Lama No. 897, Serang, NT 14670",9954375161902736
1935,Hj. Umi Pradana,M,1995-08-21,7301012108953055,08126927829,4983745374012,5384908564320656,hj.umipradana@gmail.com,"Gg. Cihampelas No. 2, Banjarmasin, MA 77073",9982968331821319
1936,"drg. Azalea Wulandari, S.H.",M,1969-10-13,7102011310692898,08976545734,5132366162523,4819733494520456,"drg..azalea.wulandari,.s.h.@gmail.com","Jl. Kapten Muslihat No. 07, Tangerang Selatan, DKI Jakarta 45752",9933413387696238
1937,Septi Nugroho,F,1981-07-21,5103016107813306,08837613187,64002202678,5469512705702730,septinugroho@ymail.com,"Gang S. Parman No. 15, Pagaralam, Riau 55715",9935816425937642
1938,Shania Agustina,M,1974-11-29,3174012911740139,+628139011080,9210388781,5214178926540163,shania.agustina754@yahoo.co.id,"Gang Cihampelas No. 3, Tidore Kepulauan, Kalimantan Utara 46059",9959974498340507
1939,Devi Zulkarnain,F,2002-11-15,3402015511023639,088209791542,1583283715,5475449632424667,devi.zulkarnain320@yahoo.co.id,"Jl. Kutai No. 63, Blitar, Kepulauan Bangka Belitung 18256",9946076003142388
1940,Lega Mahendra,F,1987-12-28,3101016812873011,08120143101,80670430,5141935080542335,lega_mahendra512@gmail.com,"Gang Rajawali Timur No. 6, Purwokerto, Maluku 98963",9927022484538111
1941,Genta Hakim,M,1959-10-25,3201012510594102,+628165147399,89991557287,5384181628261364,genta.hakim@hotmail.com,"Jalan Pasirkoja No. 3, Samarinda, KB 59164",9926675912775142
1942,Wage Lazuardi,M,1962-05-27,5101012705623263,08772954405,732182700626,5461084476077981,wagelazuardi994@yahoo.co.id,"Gang Kutai No. 0, Pasuruan, Papua Barat 19198",9968207632832842
1943,Jaka Zulaika,F,2001-10-10,3204015010013576,08579898525,59625255,5403153953131357,jaka.zulaika69@ymail.com,"Jalan Sukajadi No. 622, Balikpapan, Sulawesi Barat 56735",9920687333439704
1944,Kania Safitri,F,1981-09-09,3203014909813847,+628226219731,365425866019461,4608107452548616,kaniasafitri992@gmail.com,"Jalan Abdul Muis No. 00, Tidore Kepulauan, JI 30324",9984650512383935
1945,Nyana Handayani,F,1996-08-18,3302015808961820,+628238030615,157870371,5111942710036664,nyana.handayani@yahoo.co.id,"Gg. Gegerkalong Hilir No. 3, Padang Sidempuan, JK 88203",9976463538582171
1946,Dt. Mahfud Aryani,M,2000-04-16,3401011604009570,081860695599,3427509016153,5564431623003005,dt._mahfud_aryani691@yahoo.co.id,"Jl. Stasiun Wonokromo No. 31, Bengkulu, JI 77903",9984131321047083
1947,Kiandra Wijaya,M,1989-08-21,3104012108895121,081188883114,96768444121,6011917062217896,kiandra_wijaya130@gmail.com,"Gang Jend. Sudirman No. 1, Cilegon, Sulawesi Barat 98450",9931260932295781
1948,"Joko Suryatmi, S.Gz",M,1965-08-09,3171010908653469,08129154259,9398112105,5470124423602560,"joko_suryatmi,_s.gz@yahoo.co.id","Jl. Rajiman No. 35, Surakarta, Gorontalo 24527",9927298395878977
1949,Lidya Hartati,F,2006-09-01,3273014109062689,+628580955409,78869148030,5365693009038751,lidyahartati340@outlook.com,"Jl. Cikapayang No. 68, Sabang, Bengkulu 12652",9942968513684452
1950,"Ir. Icha Namaga, M.Ak",F,1970-07-20,3103016007709117,+628533443047,8205139541,5291611128425613,"ir.ichanamaga,m.ak@yahoo.co.id","Jl. S. Parman No. 2, Tasikmalaya, DI Yogyakarta 14977",9928939801415370
1951,Ratih Irawan,F,1982-01-11,7102015101826854,+6281413772769,6908483103446,5443074982097680,ratih.irawan149@ymail.com,"Gg. Setiabudhi No. 65, Pekanbaru, Jawa Timur 61954",9982668704082040
1952,Hj. Yulia Dongoran,M,1993-06-20,3271012006932941,081499519062,520520306571,6011287533480807,hj..yulia.dongoran202@gmail.com,"Gang Kebonjati No. 4, Palu, Sulawesi Utara 61388",9951470328641090
1953,Sari Siregar,F,2000-10-19,3202015910002121,085225482718,55769229,5325847072176992,sarisiregar607@ymail.com,"Gg. Kutisari Selatan No. 67, Bontang, Kalimantan Tengah 93601",9959491150241166
1954,Clara Mangunsong,M,1986-06-27,3173012706864297,08181974063,1700974073397,5151090933186835,claramangunsong597@ymail.com,"Gang Dr. Djunjunan No. 5, Padang Sidempuan, BT 80720",9997103584267199
1955,Unggul Prasetyo,M,1991-05-03,3502010305916167,+628339189009,83218951,5219734860717755,unggul_prasetyo@outlook.com,"Jl. Antapani Lama No. 9, Mojokerto, Sulawesi Utara 37203",9961118422937235
1956,Ega Ramadan,F,1990-02-21,6101016102907000,08854779001,98597871913,5421170594669617,ega_ramadan974@ymail.com,"Gang Ronggowarsito No. 719, Malang, Riau 74396",9974187521367137
1957,Galiono Rajata,M,1981-08-16,6101011608819517,085394813352,5005453042143,6011166518999407,galiono.rajata408@gmail.com,"Jl. Ciumbuleuit No. 49, Semarang, NB 68873",9991424589012918
1958,Perkasa Thamrin,M,1994-01-08,3602010801948292,+628813262100,9947291551521,5483623081726076,perkasa_thamrin@hotmail.com,"Jl. Rumah Sakit No. 129, Pagaralam, SR 54780",9953448104972389
1959,dr. Padma Habibi,F,1992-04-11,3271015104925452,08380727999,501898926629,5167408656002294,dr._padma_habibi774@gmail.com,"Gg. Sukajadi No. 597, Banjar, BA 90073",9952010033812445
1960,Hamima Wijaya,M,1983-03-29,3401012903836144,085617607987,78919520984,5334777415463349,hamimawijaya@ymail.com,"Gang Peta No. 693, Purwokerto, KR 31985",9922361071161892
1961,Najwa Hidayat,M,2006-04-25,7301012504060463,+628164394207,25597205,5352271926807502,najwahidayat56@outlook.com,"Jl. Antapani Lama No. 42, Sungai Penuh, Kalimantan Barat 11190",9982181238615669
1962,Rahayu Salahudin,M,1965-10-24,3105012410658531,08836973382,999172352881513,5399287100239774,rahayu.salahudin@gmail.com,"Gg. Cikutra Timur No. 597, Tegal, Kalimantan Timur 38876",9951060779331120
1963,Zulaikha Astuti,F,2008-07-10,3402015007081036,08958883289,205754981118098,4660898911281475,zulaikha.astuti@ymail.com,"Gg. Ciumbuleuit No. 403, Purwokerto, Kalimantan Tengah 44308",9951707040789147
1964,Hasim Permadi,M,1960-08-09,3273010908601479,+6287803359690,155309627718698,5383017762609499,hasim.permadi912@hotmail.com,"Jalan K.H. Wahid Hasyim No. 63, Ambon, Sulawesi Utara 54818",9944601848562339
1965,Darmana Jailani,F,1972-10-19,3402015910726578,08956069280,688303350037660,4285503847106896,darmana_jailani@outlook.com,"Jalan Sadang Serang No. 76, Payakumbuh, DI Yogyakarta 88920",9970688951360172
1966,Viman Mangunsong,F,2002-06-10,3101015006024081,08231094597,401207308,4634811050272579,viman_mangunsong@outlook.com,"Gang BKR No. 89, Kendari, AC 60677",9954786220509268
1967,Legawa Yuniar,F,1983-10-29,3201016910836342,+628527358582,922808576236,5139161350248551,legawa.yuniar345@ymail.com,"Jalan Sukabumi No. 57, Depok, Riau 96745",9972792188338206
1968,"Ira Sihotang, S.H.",M,1960-04-29,7101012904608780,+6281335729898,5137282912716,5231695800684119,"ira_sihotang,_s.h.@gmail.com","Gg. Cempaka No. 4, Tangerang, SU 52699",9933760029679205
1969,"Carla Nurdiyanti, S.I.Kom",M,2007-06-09,3273010906072241,083172387484,79802250913,5278137421415705,"carlanurdiyanti,s.i.kom619@yahoo.co.id","Gg. Bangka Raya No. 33, Batu, Maluku Utara 64670",9927239408054448
1970,Mitra Zulkarnain,M,1990-04-05,3203010504906612,+6281198992611,576149434050,4368194575452356,mitra_zulkarnain772@yahoo.co.id,"Jl. Indragiri No. 465, Cirebon, Sumatera Barat 86034",9961373460032116
1971,Keisha Pangestu,M,1995-07-12,3401011207955977,+6281411087154,3934662972,5248354599572635,keisha_pangestu532@hotmail.com,"Jl. Rajawali Barat No. 5, Kota Administrasi Jakarta Utara, Maluku Utara 05155",9911115233755054
1972,"Drs. Suci Mansur, S.Sos",M,1994-03-23,3101012303944091,081229678286,9590406209,5543410230130111,"drs..suci.mansur,.s.sos143@yahoo.co.id","Jl. Pasteur No. 2, Bekasi, Papua Barat 86286",9994122290618009
1973,Unjani Ramadan,F,1986-07-14,6101015407864891,089568673481,22219043605,5390436444694425,unjaniramadan@gmail.com,"Jl. Medokan Ayu No. 03, Sungai Penuh, KR 87268",9972347507303174
1974,"R.A. Dewi Suryatmi, S.E.I",M,1960-05-24,3173012405605898,08563261518,50446463,5498922840144976,"r.a.dewisuryatmi,s.e.i47@outlook.com","Jl. Merdeka No. 806, Malang, Kalimantan Utara 18545",9955888372609239
1975,Saiful Namaga,M,1975-02-01,3303010102754411,085231892750,31539005067481,6011798903303934,saiful_namaga@yahoo.co.id,"Jl. Pasirkoja No. 035, Jayapura, Bali 28267",9910170521833185
1976,"Gadang Suryatmi, S.Ked",M,1965-07-07,3176010707651470,+628989944957,441029061,5391853610670760,"gadangsuryatmi,s.ked387@gmail.com","Gang Cempaka No. 689, Sungai Penuh, JB 32508",9955639117599244
1977,"Drs. Laila Nasyiah, S.Psi",M,1977-10-10,3176011010777780,085173268578,152894168,6011631855256765,"drs.lailanasyiah,s.psi497@ymail.com","Gg. Cempaka No. 08, Gorontalo, BA 58728",9955217427264416
1978,"Manah Siregar, S.Sos",F,1987-07-03,3175014307871328,+6289691153405,369969697686,5490078281604136,"manah_siregar,_s.sos605@hotmail.com","Jalan Ciumbuleuit No. 33, Purwokerto, LA 01726",9915861214795782
1979,Kamidin Budiman,F,2007-06-15,5102015506070699,08564103111,801830784908245,5309432013022390,kamidinbudiman256@hotmail.com,"Gang Rungkut Industri No. 847, Samarinda, DKI Jakarta 63430",9944703556690016
1980,Aswani Januar,F,1967-07-25,3701016507671341,+628578447278,757351549,5306607664712434,aswani_januar749@ymail.com,"Gg. Bangka Raya No. 284, Lubuklinggau, MA 40857",9946937666252902
1981,"drg. Eka Marpaung, M.Farm",F,1988-06-09,3204014906889713,089815798005,36973606301,5398210959278332,"drg..eka.marpaung,.m.farm547@ymail.com","Jl. Monginsidi No. 86, Bandung, PB 00260",9942326332601758
1982,Cut Suci Jailani,F,1971-03-17,3302015703711905,082210651513,3629365883,6011499605204884,cut.suci.jailani910@yahoo.co.id,"Jalan Monginsidi No. 9, Tebingtinggi, PB 44106",9975690140937986
1983,Puji Palastri,M,1976-03-17,3104011703768286,+6288215869409,288299178076615,5258061870013658,puji.palastri@gmail.com,"Jalan Ir. H. Djuanda No. 650, Tangerang Selatan, KR 38935",9969275116019739
1984,Zulfa Budiman,M,1969-07-31,3402013107697301,08383647259,7842122898535,6011414301942674,zulfa.budiman@yahoo.co.id,"Jl. Rawamangun No. 985, Cimahi, KU 50667",9959869323476791
1985,Tgk. Daruna Prasetya,M,1960-04-20,3272012004600719,+628170804531,35904754,5576917135951848,tgk._daruna_prasetya@outlook.com,"Jalan Pasir Koja No. 95, Kota Administrasi Jakarta Pusat, DI Yogyakarta 98249",9981576273816233
1986,Rizki Najmudin,F,1964-10-23,5102016310641401,081419927241,933330655976135,5222022796177009,rizki.najmudin@ymail.com,"Jl. Monginsidi No. 5, Binjai, Sulawesi Tengah 80126",9987550126523746
1987,Gandewa Gunawan,F,1988-01-02,3303014201881113,+628979488983,298968354,4525640605643294,gandewa.gunawan51@gmail.com,"Jalan HOS. Cokroaminoto No. 91, Serang, LA 03250",9990989353341724
1988,Jinawi Ramadan,M,1995-04-10,3303011004958184,081650636229,3505386531,5135848420941846,jinawi_ramadan283@yahoo.co.id,"Jl. S. Parman No. 40, Pariaman, RI 43999",9947675642960515
1989,"Drs. Usyi Tamba, M.TI.",M,1969-07-29,3301012907695523,+6288127313921,92938074,5185729032165151,"drs._usyi_tamba,_m.ti.438@yahoo.co.id","Jl. M.T Haryono No. 41, Sabang, Sulawesi Barat 29085",9936700696048156
1990,Amelia Saputra,F,1999-01-25,3501016501991196,082127787659,34605705021,4925058368251707,ameliasaputra152@hotmail.com,"Jalan Raya Setiabudhi No. 823, Pasuruan, JI 09074",9962102111071315
1991,Queen Pradipta,M,1970-10-25,3501012510707439,081793443222,313027322044840,5500453444622790,queen.pradipta@outlook.com,"Jalan Rajiman No. 00, Tarakan, Kepulauan Bangka Belitung 68848",9978131725608400
1992,"Wardi Laksita, S.Kom",M,1976-08-08,3203010808763971,+6285577204844,728255994848275,5465598769413009,"wardilaksita,s.kom820@gmail.com","Gang Surapati No. 07, Jayapura, RI 04741",9969373855916823
1993,R. Kenari Adriansyah,M,1963-03-15,3274011503635502,085293182446,7656602076245,4309612734857946,r.kenariadriansyah@ymail.com,"Jl. Setiabudhi No. 894, Lhokseumawe, Kalimantan Tengah 51602",9933340133282860
1994,"H. Gambira Laksmiwati, M.M.",F,1976-08-04,3302014408764544,+628777057549,9744915022295,4858976811655087,"h.gambiralaksmiwati,m.m.116@ymail.com","Gang Stasiun Wonokromo No. 80, Surakarta, GO 36781",9972094593696018
1995,Elon Yuliarti,F,1980-01-18,3175015801806082,089880048690,36782249,4934274978475222,elonyuliarti@hotmail.com,"Jalan Rajiman No. 42, Tomohon, Kalimantan Timur 39539",9920893486573075
1996,"Tami Widodo, S.Gz",F,1975-01-05,3502014501753043,+628597299520,26042637,5299729846858574,"tami_widodo,_s.gz@hotmail.com","Gg. Moch. Toha No. 01, Kota Administrasi Jakarta Pusat, SB 75473",9955323887024374
1997,"Ihsan Hariyah, S.Gz",F,1991-07-01,3402014107919763,089939291881,64846529,4893580583076827,"ihsanhariyah,s.gz@hotmail.com","Gang Jayawijaya No. 945, Makassar, SU 39610",9966075676126891
1998,"Ir. Dwi Damanik, S.Psi",M,1991-01-12,3101011201914563,08181173849,536848507013422,5155044057106204,"ir.dwidamanik,s.psi@yahoo.co.id","Jalan Cikapayang No. 0, Binjai, SB 69430",9925942931329807
1999,"Elisa Jailani, M.TI.",M,1980-10-18,3174011810804206,08235886049,32509201,4988552617282709,"elisa.jailani,.m.ti.734@gmail.com","Gg. Joyoboyo No. 1, Lubuklinggau, SS 23634",9962596724677145
2000,Anggabaya Saptono,M,1996-06-04,3701010406969512,088104027183,108495254,4035188934576493,anggabaya_saptono454@ymail.com,"Gang Gardujati No. 657, Purwokerto, YO 91278",9964392131545013
2001,"Drs. Oni Utama, S.E.",M,1988-11-23,3272012311886640,+6282346663266,982978768,5524584851662637,"drs._oni_utama,_s.e.451@hotmail.com","Jalan KH Amin Jasuta No. 4, Tebingtinggi, NT 53730",9981797646627074
2002,Gabriella Hasanah,F,1993-05-06,3303014605932835,+628595416833,314723803270,5254402741243204,gabriellahasanah@gmail.com,"Gg. Soekarno Hatta No. 6, Banda Aceh, SB 69448",9995785428210478
2003,"Puti Humaira Samosir, S.Ked",M,1993-07-20,3202012007932455,083313676348,3958031201327,5596855965211775,"putihumairasamosir,s.ked@gmail.com","Jalan Cempaka No. 60, Kendari, Jambi 64079",9980442477534649
2004,drg. Paramita Marpaung,M,1981-06-21,3174012106815246,08563064167,31492907,5434010772502109,drg.paramitamarpaung560@ymail.com,"Jalan Erlangga No. 449, Samarinda, Jawa Tengah 19736",9917946622429773
2005,"dr. Ika Hassanah, S.I.Kom",F,1977-03-27,3171016703778376,08188291353,218727429331,5356136311596955,"dr.ikahassanah,s.i.kom370@ymail.com","Jalan Cikutra Barat No. 5, Semarang, JT 90677",9920611503992402
2006,Febi Wacana,F,1961-09-17,7301015709610988,088457634162,740237393,4457412986037793,febi.wacana876@hotmail.com,"Gang Merdeka No. 0, Banjarmasin, Jawa Timur 60041",9954887373395530
2007,Hasan Zulaika,M,1966-01-24,3272012401667802,08127772178,387826500312354,5436625396718323,hasan.zulaika603@yahoo.co.id,"Gang Ir. H. Djuanda No. 07, Bukittinggi, ST 17635",9930779074872044
2008,"Tgk. Elma Haryanti, S.E.",M,1955-09-17,3303011709555516,08312393159,151850797,6011228108918875,"tgk..elma.haryanti,.s.e.910@gmail.com","Jl. Rajiman No. 6, Mojokerto, Jawa Barat 70254",9941057120104473
2009,Harto Uyainah,M,1968-07-11,3273011107683626,+628533609603,712690728079,5144696909102312,hartouyainah@outlook.com,"Gang Veteran No. 72, Padangpanjang, Bengkulu 67820",9999708253601695
2010,Raina Damanik,M,1992-01-16,3203011601924393,+628380791949,3027304997805,5201443011167055,raina.damanik@gmail.com,"Gang BKR No. 2, Batam, KU 09731",9954119940521224
2011,Prima Wulandari,M,2001-12-05,3302010512013237,083123653755,382642491,5285961894658545,primawulandari@ymail.com,"Gang Bangka Raya No. 54, Madiun, Kalimantan Timur 42169",9987614229973157
2012,Genta Marbun,M,1970-03-14,3171011403701373,+628962792426,250716892,5121711467530152,genta_marbun59@hotmail.com,"Jalan Siliwangi No. 1, Pematangsiantar, BT 73213",9948741047104468
2013,"drg. Sabri Puspita, M.Pd",M,1975-08-19,3172011908752394,+6289779918244,9324200954,4084297967642630,"drg.sabripuspita,m.pd@gmail.com","Gang Soekarno Hatta No. 615, Bandar Lampung, ST 55705",9932210145109436
2014,Luthfi Wahyudin,F,2007-04-09,3601014904072972,+628237414055,8729161693,6011496174648780,luthfi.wahyudin58@ymail.com,"Gang PHH. Mustofa No. 235, Sungai Penuh, Kalimantan Barat 86926",9956591187690198
2015,Aisyah Firmansyah,M,1968-07-10,3174011007688169,087804648371,13763174816,5343121827259677,aisyah.firmansyah997@outlook.com,"Gang Cikutra Timur No. 17, Tanjungbalai, PA 93784",9977422845876829
2016,Bagas Natsir,F,1986-12-17,3272015712866965,+6281756091575,679614282,5142820978862230,bagasnatsir@hotmail.com,"Gang Rumah Sakit No. 0, Solok, SB 21346",9935279001099912
2017,Ika Zulaika,M,1996-06-06,3175010606963651,081487973259,19939475859893,5243280194094518,ika_zulaika@gmail.com,"Jalan Bangka Raya No. 32, Blitar, BB 08101",9920464641864349
2018,"Cici Marbun, M.Farm",F,1969-10-11,3204015110698233,081705362360,92637406859646,5221572489566541,"cici_marbun,_m.farm@ymail.com","Jalan Stasiun Wonokromo No. 4, Palopo, MA 26817",9981764210504360
2019,R.A. Ajeng Budiman,F,1995-12-07,3105014712950067,08970466605,7124713052,4640919170669351,r.a._ajeng_budiman@gmail.com,"Gg. Suryakencana No. 0, Kota Administrasi Jakarta Timur, Bali 34050",9932732682606576
2020,"Carla Hardiansyah, S.Psi",M,1985-01-24,3175012401854345,08125581673,80498356327,5303619328875254,"carla_hardiansyah,_s.psi438@hotmail.com","Gang Kutai No. 0, Bima, KU 16694",9967106661851293
2021,Yosef Usada,F,1977-10-14,3201015410777170,088152542171,784959826,5149459053754995,yosef.usada283@gmail.com,"Gang Cihampelas No. 42, Bukittinggi, Nusa Tenggara Timur 62074",9919301878379113
2022,"Drs. Violet Saptono, M.Farm",F,1988-10-17,3175015710880170,08238987269,5713739266695,6011981837039479,"drs.violetsaptono,m.farm@yahoo.co.id","Gg. Abdul Muis No. 2, Kota Administrasi Jakarta Barat, KI 46565",9956341090227522
2023,"Puti Vanya Andriani, S.Sos",F,1981-12-18,5103015812810749,+6288114976740,9674160731,5485047882556618,"puti.vanya.andriani,.s.sos@hotmail.com","Jl. Asia Afrika No. 99, Banjarmasin, MA 89641",9930940200694395
2024,Azalea Nuraini,F,1976-09-12,3176015209767239,+628196470887,260730275879,5232050009436598,azalea_nuraini@outlook.com,"Jalan Gegerkalong Hilir No. 307, Kota Administrasi Jakarta Timur, SB 41261",9949253154881236
2025,"Sakti Purnawati, S.I.Kom",F,2003-05-31,3202017105033062,08163606943,396932152995961,5570885481882645,"saktipurnawati,s.i.kom@ymail.com","Gang R.E Martadinata No. 18, Tanjungbalai, MU 93408",9921855186164124
2026,Siska Setiawan,M,1967-01-19,3402011901675034,08994633034,194308943666,5547054719961306,siska_setiawan611@outlook.com,"Jalan Kutai No. 069, Medan, Papua Barat 25962",9917175573279013
2027,Shakila Marpaung,F,2006-08-12,3175015208063652,08122878527,506953517171,6011188221317238,shakila_marpaung@yahoo.co.id,"Jalan Ciwastra No. 753, Bitung, Kalimantan Tengah 57802",9915329334660884
2028,"R.M. Tugiman Mulyani, S.Ked",M,2004-02-01,3173010102041719,+6287808749503,80577364140226,5456209484618026,"r.m.tugimanmulyani,s.ked@yahoo.co.id","Jalan Tebet Barat Dalam No. 629, Mataram, Bali 69447",9980624565446491
2029,Salwa Prabowo,F,1967-04-07,3104014704677787,08991183185,630972048681820,6011412925069839,salwa.prabowo66@hotmail.com,"Jalan Wonoayu No. 032, Ternate, JA 67906",9998466279564128
2030,Uli Rajasa,F,1978-01-01,7301014101786914,08564687041,2669553921811,5524648807889907,uli_rajasa55@outlook.com,"Jl. Dipenogoro No. 040, Pekanbaru, BB 78260",9913080499907523
2031,"Kenes Hassanah, M.Kom.",M,1997-12-31,3102013112972910,+628161021523,271932257177,5418506419773201,"kenes.hassanah,.m.kom.@outlook.com","Jl. Peta No. 253, Singkawang, JB 42577",9991377994204484
2032,Jaga Hasanah,F,1979-07-26,3173016607793333,089745767631,419299322,5539478000506718,jaga_hasanah852@outlook.com,"Gang Cikapayang No. 188, Denpasar, JK 48460",9964126080348506
2033,Fitriani Nuraini,F,1967-06-26,3602016606678477,+628831099973,1450573266,5105625972237093,fitriani.nuraini974@hotmail.com,"Gang Jend. Sudirman No. 475, Medan, Sumatera Selatan 77069",9985525497514189
2034,"Yance Prasasta, M.Farm",F,1993-02-04,3303014402938869,+628566049609,17726292875,4453282485802571,"yance_prasasta,_m.farm639@ymail.com","Jl. H.J Maemunah No. 0, Lubuklinggau, Maluku 16794",9937065102142242
2035,Septi Hartati,F,1977-06-07,3101014706775673,+628518966417,6189553945345,5138521461110558,septihartati735@ymail.com,"Gg. Ciwastra No. 959, Subulussalam, Maluku Utara 11857",9935998644876055
2036,"Ganda Usamah, S.Gz",M,1964-07-19,3201011907644522,08512426289,75195654560,5156619739964176,"ganda_usamah,_s.gz673@outlook.com","Jalan Yos Sudarso No. 96, Padang, Kalimantan Selatan 54997",9910558213475627
2037,Puti Titin Kuswandari,F,1991-11-16,3701015611919738,08172003258,47021698709126,5371738233797138,puti.titin.kuswandari@outlook.com,"Jl. M.H Thamrin No. 1, Bandar Lampung, Gorontalo 28669",9922422563936197
2038,Galuh Hutasoit,M,1958-04-30,3105013004582389,08961873637,8420860021,5412416447968824,galuh_hutasoit@yahoo.co.id,"Gang Dr. Djunjunan No. 90, Palembang, GO 80045",9999078467168634
2039,Elvina Saputra,M,1983-01-05,3701010501834268,+6288487415203,854880617473,5436694718344996,elvinasaputra362@hotmail.com,"Gang Kutai No. 65, Solok, Maluku 05171",9931743115537801
2040,Paiman Sitompul,F,1986-11-15,3402015511864036,+6289655605923,6169130683,4292850341359078,paimansitompul47@outlook.com,"Gg. Laswi No. 536, Medan, Sulawesi Tengah 77342",9960161294915255
2041,"dr. Patricia Laksmiwati, S.Psi",M,1976-02-29,3302012902762588,+6283221700878,2111827984,4582734599865984,"dr.patricialaksmiwati,s.psi@gmail.com","Jl. Rajawali Barat No. 9, Serang, DKI Jakarta 07712",9960116030196359
2042,Yahya Zulkarnain,M,2002-01-20,3203012001025203,+628783163073,8512253769848,5182410420710159,yahya_zulkarnain@ymail.com,"Gang Suniaraja No. 69, Surakarta, Kepulauan Riau 21712",9983611868146014
2043,Gading Wibisono,M,1970-11-11,5102011111705703,+6288144932293,523289310498806,5444063721366151,gadingwibisono@yahoo.co.id,"Jl. Jakarta No. 36, Tasikmalaya, JT 58767",9992863968401031
2044,"Ajeng Kusmawati, M.Pd",F,1966-05-20,3201016005668551,081569716991,6413308151130,4105899114434244,"ajengkusmawati,m.pd679@gmail.com","Jalan M.T Haryono No. 3, Pangkalpinang, Papua Barat 61261",9957472012093798
2045,"Suci Sudiati, S.Kom",F,1969-04-08,3175014804693167,083266390738,66191129490401,5172419750288732,"suci.sudiati,.s.kom@outlook.com","Gg. Jend. Sudirman No. 56, Kota Administrasi Jakarta Pusat, KI 95195",9959187090550233
2046,Gasti Budiyanto,F,1976-06-12,7102015206765800,08957577778,31867337265,5383720045165590,gasti.budiyanto@outlook.com,"Gg. Ir. H. Djuanda No. 1, Manado, DI Yogyakarta 40787",9930524452647400
2047,"H. Slamet Yuliarti, S.Gz",F,2002-03-14,3274015403023585,+628782142172,4722428234,5229071223025307,"h..slamet.yuliarti,.s.gz821@yahoo.co.id","Jl. Suryakencana No. 37, Sibolga, SR 27295",9950076972474528
2048,dr. Irnanto Haryanti,F,1986-07-28,3203016807864223,08185137488,6480057252944,5430998233215328,dr.irnantoharyanti@yahoo.co.id,"Gang Rajawali Barat No. 9, Parepare, JK 99699",9931402867515142
2049,Icha Pudjiastuti,M,2005-06-16,3272011606058280,08956264560,88721138,5270402274930031,ichapudjiastuti@ymail.com,"Jl. Kapten Muslihat No. 933, Jambi, Jawa Barat 89374",9961925638202188
2050,Atma Prayoga,F,1977-12-05,3274014512776255,08575737038,8726033360635,5499906702317502,atmaprayoga@hotmail.com,"Gg. Yos Sudarso No. 12, Pontianak, KR 51956",9956506954506759
2051,Maya Widiastuti,M,1995-11-13,3273011311957116,08169652211,54713341812916,6011860625361383,maya.widiastuti958@ymail.com,"Jl. Merdeka No. 5, Blitar, MU 06302",9983978461164271
2052,KH. Tedi Nugroho,F,1996-09-02,5103014209967704,08981090933,1762573169,5262859169158202,kh.tedinugroho@gmail.com,"Jalan R.E Martadinata No. 89, Bima, Papua 59647",9970275337681050
2053,Paramita Widiastuti,F,2006-02-23,5101016302065364,08848273377,415893657485868,5287325744338725,paramita.widiastuti@hotmail.com,"Gang Pelajar Pejuang No. 5, Bandung, SG 83101",9993533450240299
2054,Tari Hardiansyah,M,2009-02-21,3273012102091311,+6289521137596,306797238428182,5395490010380121,tari.hardiansyah@hotmail.com,"Gang Rajawali Timur No. 05, Sungai Penuh, Aceh 80108",9966776417698782
2055,Ir. Ridwan Andriani,M,2004-01-20,3104012001040968,081539959927,43921328,5190684005156393,ir..ridwan.andriani@yahoo.co.id,"Gang Yos Sudarso No. 19, Palopo, SN 36465",9910180290876974
2056,Daruna Salahudin,M,1968-04-16,3301011604689335,+628531330342,2824325650948,5264556990336547,daruna_salahudin@hotmail.com,"Gang Moch. Ramdan No. 792, Tanjungbalai, SN 81915",9953205129106639
2057,Jayeng Siregar,M,1955-03-29,3301012903557676,089964327332,14320611217043,5396508433724173,jayeng_siregar@ymail.com,"Gg. Raya Setiabudhi No. 521, Balikpapan, Maluku Utara 47260",9987414386117862
2058,"Hj. Padmi Aryani, S.E.",M,1988-12-03,5102010312886748,+628847164207,85177784251,4816588787119675,"hj._padmi_aryani,_s.e.682@outlook.com","Gang Cihampelas No. 660, Sawahlunto, Jambi 74736",9963884998473542
2059,Luwes Farida,M,1978-09-30,5101013009787872,081369995515,42892624,5353666802894617,luwesfarida295@hotmail.com,"Gang Suryakencana No. 71, Binjai, BB 49616",9962236563510404
2060,dr. Elvina Sirait,M,1968-05-05,3175010505687973,087895839821,195646295672308,5254436449374795,dr..elvina.sirait710@outlook.com,"Gang Ronggowarsito No. 37, Bau-Bau, JT 84877",9987122756042362
2061,"Puti Winda Safitri, S.Pt",M,1975-02-23,6101012302754432,085197157628,906335186264,5378809367661779,"puti.winda.safitri,.s.pt@yahoo.co.id","Gang Kutai No. 8, Blitar, KB 00590",9996926323859960
2062,Ulya Latupono,M,1972-06-22,3173012206722639,+628211450162,500903722472,5224305696058081,ulya.latupono@gmail.com,"Gang M.H Thamrin No. 40, Tegal, YO 44246",9966075217742766
2063,"Okta Halimah, S.IP",F,1961-12-31,3103017112618235,+6281939555642,91759701,6011190804794907,"okta_halimah,_s.ip90@ymail.com","Jl. Cikutra Barat No. 53, Medan, Kalimantan Selatan 97598",9982766548172292
2064,Yessi Manullang,M,1956-04-19,3402011904568300,08220272581,268950657313,5185155297428664,yessi_manullang@ymail.com,"Jalan Ahmad Dahlan No. 87, Subulussalam, Sulawesi Utara 73763",9916304459643331
2065,Mutia Prasetya,M,1957-10-08,3104010810573084,+628338780897,820529177508,5339277698431129,mutia_prasetya@ymail.com,"Gang Astana Anyar No. 7, Pekalongan, Maluku Utara 00445",9986398334037499
2066,Tiara Mandala,F,1990-12-12,3171015212904114,+6285868995704,4564231642196,5146108759860784,tiara_mandala@ymail.com,"Jl. Asia Afrika No. 93, Tanjungbalai, JT 52782",9921990714394898
2067,Gilda Budiyanto,M,1973-11-16,3204011611730580,087792682483,2606140351957,5100974652483483,gilda.budiyanto@gmail.com,"Gg. W.R. Supratman No. 11, Palembang, MU 98724",9953559074673478
2068,Puspa Iswahyudi,F,1998-06-30,3172017006986565,085933495692,23859864,5384808522824870,puspa_iswahyudi@yahoo.co.id,"Jalan Yos Sudarso No. 53, Mataram, KS 59726",9968021675787800
2069,"Ir. Kartika Firmansyah, M.M.",M,1983-05-18,6101011805832708,087751140684,10679471,5491201116282051,"ir._kartika_firmansyah,_m.m.757@hotmail.com","Jl. Cihampelas No. 96, Denpasar, DI Yogyakarta 81568",9991910315728977
2070,Violet Dabukke,F,1968-04-18,3171015804687841,081392210561,852547078,5435994472512129,violet.dabukke564@hotmail.com,"Jalan Cihampelas No. 8, Binjai, Lampung 41371",9910761585469387
2071,Tedi Aryani,M,1981-02-06,5102010602810631,+6285130584716,515136124036,4127827091760249,tedi.aryani135@yahoo.co.id,"Jalan BKR No. 84, Pagaralam, Sumatera Utara 67238",9955486677767193
2072,Salwa Zulkarnain,F,1976-07-10,7301015007768909,+6289852991006,796708323,5478250834001706,salwa_zulkarnain460@hotmail.com,"Gang Soekarno Hatta No. 95, Kota Administrasi Jakarta Barat, Maluku Utara 10577",9911709577481323
2073,Garang Budiman,M,2003-10-28,7301012810031521,+628336032612,47495688968,5173470724625993,garangbudiman504@ymail.com,"Gg. Jayawijaya No. 9, Bandar Lampung, MU 87235",9969119310864865
2074,Usyi Tarihoran,M,1981-05-15,3174011505815520,+628786728236,62339199862,5577028748928236,usyi.tarihoran@gmail.com,"Jl. Jakarta No. 10, Bau-Bau, PA 74931",9992191939710222
2075,Karman Winarsih,F,1977-02-20,3273016002772255,08586553351,746846719471,5239516172405399,karman_winarsih469@yahoo.co.id,"Jl. Sadang Serang No. 5, Palangkaraya, DKI Jakarta 40475",9937228534133463
2076,Teddy Saragih,M,1957-08-23,3274012308573718,085514345648,81153957303341,5304629070950149,teddy.saragih489@hotmail.com,"Jl. Gegerkalong Hilir No. 7, Padang, BT 49493",9966921932330389
2077,"Gantar Yulianti, M.TI.",M,1973-02-21,3402012102734276,082170136324,671596699149,5425046161713277,"gantar.yulianti,.m.ti.935@outlook.com","Jalan Stasiun Wonokromo No. 647, Cimahi, Maluku 58170",9921987717519124
2078,Daryani Tampubolon,F,1983-07-04,3501014407833944,+6281190661312,9874668351,5561234611926330,daryanitampubolon@gmail.com,"Gg. Pasteur No. 9, Padang, Kalimantan Utara 00453",9915452809973423
2079,"Pia Budiyanto, S.T.",F,1987-03-01,3401014103878528,+628148300946,969559616,5589149088992120,"pia.budiyanto,.s.t.@ymail.com","Gg. Dr. Djunjunan No. 09, Binjai, ST 99873",9934548764754216
2080,"Cut Rika Mardhiyah, S.IP",F,1959-03-08,3105014803597040,085556756965,1958227504,5265670162998853,"cutrikamardhiyah,s.ip@outlook.com","Jl. Asia Afrika No. 846, Tangerang, KB 50164",9983655930000174
2081,Kiandra Mangunsong,F,1972-10-15,3271015510724598,08196860525,59985030838,5424490091542213,kiandramangunsong824@yahoo.co.id,"Jl. Jakarta No. 36, Blitar, ST 98762",9939670320131764
2082,Panji Padmasari,M,1996-10-21,5102012110964510,088245340107,35735972,5404667464932512,panji_padmasari319@hotmail.com,"Gang Pelajar Pejuang No. 08, Sorong, SS 17331",9979497655906769
2083,"drg. Bakiono Anggraini, S.Gz",M,1996-03-02,3271010203968393,08983985879,76655248,5453034686730401,"drg.bakionoanggraini,s.gz@ymail.com","Jalan Pasirkoja No. 71, Magelang, BT 41526",9939744242318901
2084,Sabrina Wahyuni,F,1969-04-26,3401016604697150,08997292687,9844142533,5302869088775780,sabrina_wahyuni204@ymail.com,"Gang Pasir Koja No. 913, Sabang, Banten 98762",9948065653595879
2085,Rosman Pudjiastuti,F,1956-05-04,3601014405563964,+628188535746,76527359,5565528980017692,rosman_pudjiastuti970@outlook.com,"Gg. Raya Ujungberung No. 2, Cirebon, Sulawesi Utara 07414",9980311318022224
2086,"Tgk. Ade Narpati, S.Farm",M,1978-10-14,3302011410786709,08557592579,78000273137265,4255857992523408,"tgk..ade.narpati,.s.farm@gmail.com","Jalan Peta No. 555, Bekasi, Kalimantan Selatan 62138",9996120974614261
2087,Setya Tarihoran,M,1969-01-10,3502011001694690,+6285697794477,1503182736,5421916771086697,setya_tarihoran@ymail.com,"Gg. Pasteur No. 527, Ambon, PA 88084",9927966084802639
2088,R.M. Mursinin Budiman,M,1990-02-28,3176012802907597,08847895278,40045129,6011799167161375,r.m..mursinin.budiman@gmail.com,"Jalan Jakarta No. 33, Bandung, KB 78132",9938361576733016
2089,Jabal Prayoga,F,1977-03-04,3401014403772782,088151271053,59877894156,5397808684762598,jabalprayoga412@yahoo.co.id,"Jalan Cihampelas No. 67, Palangkaraya, Nusa Tenggara Barat 94687",9937733671463902
2090,Umi Sihombing,F,1989-10-12,3501015210891194,08987710203,51189474717993,5486848786382460,umisihombing560@gmail.com,"Jalan Ciumbuleuit No. 675, Cilegon, Riau 84905",9967851618199246
2091,"Indra Farida, M.TI.",F,1967-08-17,3401015708671091,08572773152,690436129,6011151639451285,"indra_farida,_m.ti.@yahoo.co.id","Jl. Ciumbuleuit No. 13, Pariaman, Sulawesi Tengah 53403",9910621741786579
2092,Sutan Dacin Pangestu,M,1985-02-27,5103012702851651,+6285298724834,77416712,5198891399796888,sutan_dacin_pangestu525@yahoo.co.id,"Jl. Dr. Djunjunan No. 64, Cilegon, Kalimantan Utara 28019",9948623727845199
2093,H. Okto Susanti,M,1967-03-16,5103011603672050,+628596752356,208973356130852,5271953530772181,h._okto_susanti109@yahoo.co.id,"Jl. Setiabudhi No. 39, Probolinggo, GO 73415",9954080503873035
2094,Ajimin Wulandari,F,1986-07-10,6101015007864351,+628829974135,4469297837,6011012471010384,ajimin.wulandari@yahoo.co.id,"Gg. K.H. Wahid Hasyim No. 650, Mojokerto, BT 62247",9921382022277525
2095,R. Dalima Sirait,M,1985-01-11,3701011101859944,089845276966,382376637883,4306671237868941,r..dalima.sirait@outlook.com,"Jalan Pacuan Kuda No. 06, Batam, Bengkulu 01579",9960129424431478
2096,Sadina Budiyanto,F,2003-04-10,7102015004032479,+628979548166,208296829245909,5272155632525884,sadinabudiyanto@gmail.com,"Jl. Ahmad Yani No. 7, Denpasar, SN 65083",9930027036248006
2097,Prabowo Wijaya,F,1977-10-28,3174016810772348,08564049098,431256809,5334893659455706,prabowo.wijaya975@yahoo.co.id,"Jalan Cempaka No. 730, Bau-Bau, Kepulauan Riau 90390",9981727979926465
2098,Akarsana Habibi,F,1987-10-06,3105014610879408,088345736414,50181012900210,5396366902051091,akarsanahabibi@ymail.com,"Gg. Cihampelas No. 02, Payakumbuh, LA 79888",9932985804066720
2099,Daru Narpati,M,1988-06-23,3103012306885819,085352029813,9338828557,5467963023598868,daru.narpati@gmail.com,"Gg. Jend. Sudirman No. 932, Samarinda, SG 54014",9949410702624119
2100,"Hj. Hilda Pudjiastuti, S.Pd",F,1987-03-20,7101016003873317,+628314150765,45701916509,5198065152701279,"hj._hilda_pudjiastuti,_s.pd@yahoo.co.id","Jalan H.J Maemunah No. 886, Mataram, KR 80079",9993700041937454
2101,Umi Aryani,F,1964-08-04,5101014408646843,+628184954767,3478221325,5480761292706534,umiaryani394@gmail.com,"Jalan Ronggowarsito No. 55, Kota Administrasi Jakarta Utara, Nusa Tenggara Barat 87500",9921788394734579
2102,Ulva Hariyah,M,2002-06-08,3176010806023542,08988148022,68747441240,5238428833511582,ulvahariyah@outlook.com,"Jl. Cempaka No. 113, Semarang, Sumatera Selatan 43331",9911231555957202
2103,Samiah Andriani,M,1998-09-30,3202013009985933,+6281592344633,294701172,5539631901076230,samiah_andriani918@hotmail.com,"Jl. Cikapayang No. 460, Solok, KS 52062",9974924556198486
2104,"dr. Asmadi Purnawati, S.Kom",M,2008-06-20,3102012006083561,08136743021,76326739,5289483286464120,"dr._asmadi_purnawati,_s.kom@gmail.com","Jalan Sukajadi No. 33, Metro, Gorontalo 08231",9993044642842813
2105,Chelsea Hassanah,F,1955-08-19,6101015908553601,08153317773,435468175579,5287806686609684,chelseahassanah@outlook.com,"Gang Pasir Koja No. 519, Bandar Lampung, DI Yogyakarta 05673",9964723770799192
2106,Rama Agustina,F,1989-08-24,3105016408898772,08383388410,895804956,5560356238025559,rama_agustina@outlook.com,"Jalan Waringin No. 35, Kota Administrasi Jakarta Selatan, Jambi 02286",9950263564374672
2107,Asmadi Widodo,F,1981-01-27,3104016701812464,08314674702,661904244624167,5297489958396044,asmadiwidodo@ymail.com,"Jalan Jend. A. Yani No. 92, Mataram, ST 74149",9986846012346813
2108,Chelsea Mandasari,M,1957-07-30,3301013007578495,+628326187996,160882479222,5478309917922939,chelseamandasari@ymail.com,"Jl. Yos Sudarso No. 9, Tanjungbalai, NT 61587",9958815530148012
2109,Drs. Niyaga Novitasari,M,2006-03-08,3102010803067853,088170550371,724766590,5234975744510150,drs.niyaganovitasari572@hotmail.com,"Jl. Ronggowarsito No. 511, Kota Administrasi Jakarta Selatan, Jawa Timur 12484",9959058666643436
2110,Lidya Farida,F,2008-11-20,3303016011086797,+628532179140,53571617029727,5102945546972619,lidya_farida146@hotmail.com,"Gg. Ciumbuleuit No. 7, Bekasi, Aceh 69545",9939714817778035
2111,Tgk. Jaswadi Ardianto,F,1990-07-25,3273016507907409,083223089612,54655173723423,5423892565846634,tgk._jaswadi_ardianto724@ymail.com,"Jl. Suryakencana No. 761, Bandar Lampung, Papua Barat 30112",9931675789893616
2112,Sutan Sabri Iswahyudi,F,1979-08-13,3203015308792513,087737359181,94994766,5527387248863591,sutan.sabri.iswahyudi@outlook.com,"Jl. Pacuan Kuda No. 79, Manado, Sulawesi Selatan 00191",9941958542995745
2113,"Hj. Unjani Simanjuntak, S.Pd",M,1991-02-28,5103012802915889,+6285514326995,98240919412295,5547034899319266,"hj.unjanisimanjuntak,s.pd@ymail.com","Gg. M.H Thamrin No. 411, Kota Administrasi Jakarta Utara, Kalimantan Tengah 24114",9990632663672056
2114,Jamalia Siregar,M,2002-08-27,3272012708027450,081794598673,2121961872,5500102927182292,jamalia.siregar595@hotmail.com,"Gg. Ahmad Dahlan No. 230, Kupang, JB 16846",9958436456529232
2115,KH. Wasis Riyanti,M,1958-03-04,5103010403586003,+6281261224714,83964506761461,4776969391109897,kh.wasisriyanti@ymail.com,"Jalan Moch. Toha No. 66, Bontang, YO 46453",9973869836617033
2116,Baktiadi Astuti,M,1996-04-26,3303012604962525,08986741304,57442438,5173900713659101,baktiadi_astuti@hotmail.com,"Gg. BKR No. 41, Tanjungbalai, KT 13463",9958734061172378
2117,"Ir. Adinata Mandasari, M.Pd",F,1989-05-19,3602015905899496,081771079235,2072545702789,5192147622898992,"ir..adinata.mandasari,.m.pd705@yahoo.co.id","Gang Cihampelas No. 6, Binjai, Sumatera Utara 04154",9912197121752508
2118,Ina Mandasari,M,1989-09-14,3273011409890717,088261759265,97888588281,5489667271850814,ina_mandasari@hotmail.com,"Jalan Soekarno Hatta No. 9, Kota Administrasi Jakarta Barat, Sulawesi Selatan 01685",9917784797588361
2119,Zalindra Permadi,M,1963-08-25,3402012508637826,+6282233928298,34380118038650,5106665575184238,zalindrapermadi@hotmail.com,"Jalan Pasir Koja No. 937, Bau-Bau, Jambi 96897",9913232464011041
2120,Okto Safitri,M,1969-09-20,3502012009696627,08952258160,3377994505,6011495222498672,oktosafitri666@yahoo.co.id,"Gg. Kapten Muslihat No. 09, Pariaman, JT 84726",9911606925357016
2121,Hasta Putra,F,1976-09-18,6101015809765648,081575130937,8291402268,4814635506665407,hasta_putra@yahoo.co.id,"Gg. KH Amin Jasuta No. 195, Bandung, Papua Barat 78908",9974956351777377
2122,"Uli Yolanda, S.Gz",M,2007-12-22,3303012212077700,08523272356,6783216844,5265520133205739,"uli_yolanda,_s.gz109@gmail.com","Jl. Jakarta No. 1, Sawahlunto, NB 82233",9925717396687545
2123,Gambira Wibisono,M,2006-10-24,5102012410067718,+628819101646,9219272657,5252932767330224,gambirawibisono@ymail.com,"Gg. Abdul Muis No. 3, Tomohon, SN 62714",9922554079889379
2124,Widya Natsir,M,1960-03-05,3502010503600476,088321649420,8818325244,5453172682155676,widyanatsir@gmail.com,"Jl. Kiaracondong No. 73, Kota Administrasi Jakarta Pusat, KB 42094",9935559675937395
2125,Rina Permadi,F,1965-03-17,6101015703655030,08597154439,88315234,5493726995191327,rina.permadi342@yahoo.co.id,"Gg. Suryakencana No. 7, Solok, LA 50592",9946882994257732
2126,"dr. Genta Yuniar, S.Ked",F,1991-01-07,6101014701910812,08177642336,24720080,5412573782105676,"dr.gentayuniar,s.ked@yahoo.co.id","Gang Rungkut Industri No. 9, Mojokerto, LA 73795",9982275486824323
2127,Karma Utami,M,1979-09-20,3601012009796300,+628785670553,4565026715345,5274044992711084,karma.utami@ymail.com,"Jl. Indragiri No. 135, Bima, DI Yogyakarta 30107",9988695991677677
2128,Vanesa Wastuti,M,1972-12-06,3202010612721086,088356738564,11253905,5121596360402458,vanesawastuti@outlook.com,"Gang Joyoboyo No. 84, Cimahi, Kalimantan Tengah 22320",9921943883981002
2129,"Sutan Karna Sinaga, M.Kom.",F,1985-04-30,3203017004855211,+628531533896,62822753,5295875674436321,"sutan.karna.sinaga,.m.kom.826@gmail.com","Jl. Pacuan Kuda No. 08, Sabang, Sulawesi Tengah 79213",9930329044396237
2130,Irwan Puspasari,F,2006-07-04,3502014407067414,+628997322657,518734777,5442659798436202,irwan.puspasari@gmail.com,"Jalan M.T Haryono No. 993, Batam, Papua 93178",9936217581651824
2131,"Rahayu Palastri, M.Pd",M,1971-07-01,3174010107719159,08227260346,889023673,5596369969178704,"rahayu.palastri,.m.pd105@hotmail.com","Gg. KH Amin Jasuta No. 73, Bengkulu, Kalimantan Timur 70494",9938489947624839
2132,Zaenab Utama,M,1976-07-30,3176013007762486,082340282316,13590181810,5110502538120447,zaenab_utama641@ymail.com,"Gg. Rajiman No. 053, Madiun, SS 34811",9999171364856949
2133,Mulyanto Puspita,F,1997-04-13,3201015304976511,083845521808,6448634871832,5450608109984524,mulyantopuspita489@gmail.com,"Jalan HOS. Cokroaminoto No. 8, Pasuruan, Sulawesi Utara 58753",9985470430106793
2134,Maria Sihombing,M,1980-04-17,3103011704804302,+6281443418424,1481485396831,5459249347372571,maria_sihombing@outlook.com,"Jl. BKR No. 06, Padangpanjang, Sumatera Barat 63311",9987533748802826
2135,Nasim Astuti,F,1986-02-27,3402016702866251,08228063425,826257622978248,5418245537242003,nasimastuti169@ymail.com,"Gang Merdeka No. 937, Tebingtinggi, Jambi 40377",9931935879104637
2136,Ajeng Pratama,M,1988-11-03,5103010311880613,089918815858,3793562559,4654349670973897,ajeng.pratama@gmail.com,"Gg. Dipenogoro No. 9, Banjarbaru, AC 58207",9922960113769401
2137,Hartaka Najmudin,M,1962-12-24,3172012412621804,08851380520,8243440489021,5372074472276436,hartakanajmudin@outlook.com,"Jalan Rajawali Barat No. 84, Kota Administrasi Jakarta Barat, JT 50652",9933404051858036
2138,Cut Juli Prasetya,M,1986-04-16,3701011604865343,08528704859,99787261969,5316877541184765,cut.juli.prasetya607@hotmail.com,"Jl. Astana Anyar No. 20, Pariaman, BA 55081",9997940537166884
2139,"KH. Paiman Agustina, M.Pd",F,1985-11-26,3272016611856656,085210276309,673045231,5413437574676652,"kh._paiman_agustina,_m.pd@ymail.com","Gang Raya Ujungberung No. 7, Tegal, ST 42054",9966201943979890
2140,"Gilang Hutasoit, S.I.Kom",F,1958-03-18,3502015803584671,08317073181,2020901674,6011436193538580,"gilang.hutasoit,.s.i.kom@outlook.com","Gang Antapani Lama No. 2, Binjai, RI 59930",9958015674427528
2141,Bagus Prasetyo,M,2005-02-23,7101012302051466,+6285524624702,802538369779109,5422089695825176,bagusprasetyo@hotmail.com,"Jalan Sentot Alibasa No. 8, Meulaboh, SU 91446",9961463886148088
2142,T. Adhiarja Hardiansyah,M,1974-08-13,3401011308743134,+6285905811952,23775342459125,6011368586433119,t._adhiarja_hardiansyah835@ymail.com,"Jalan Asia Afrika No. 64, Kota Administrasi Jakarta Pusat, Sulawesi Tenggara 83487",9940721638351854
2143,Laila Budiyanto,M,1974-03-02,3174010203748118,+628998395406,709841454,5430386065512814,laila.budiyanto71@gmail.com,"Gang W.R. Supratman No. 576, Bau-Bau, KS 79511",9964651253655407
2144,Cawisono Widiastuti,F,2008-07-20,5103016007084091,081390782433,706302583,5368240638346612,cawisono.widiastuti502@ymail.com,"Jalan Kapten Muslihat No. 08, Medan, Nusa Tenggara Barat 43150",9960825945425873
2145,"Puti Vicky Mandasari, S.T.",M,1978-12-05,7101010512787239,+6283898976443,6475608007,5437622414198100,"puti.vicky.mandasari,.s.t.@outlook.com","Gang Ronggowarsito No. 6, Yogyakarta, Gorontalo 32319",9985362856201697
2146,Amelia Marpaung,F,1979-12-22,3104016212797198,08565020672,8814696767,4498386488788733,ameliamarpaung@ymail.com,"Jalan Tubagus Ismail No. 4, Kota Administrasi Jakarta Utara, PB 45892",9962859307777742
2147,Chelsea Widiastuti,F,1968-10-12,5103015210686828,08134912469,6968166401,5348909013028788,chelsea.widiastuti@yahoo.co.id,"Jl. Moch. Toha No. 24, Yogyakarta, Sumatera Barat 97591",9918635659420052
2148,Zahra Salahudin,F,1993-12-17,3701015712931421,085970312869,31475252843,5586322217050753,zahra_salahudin@hotmail.com,"Gg. Sukajadi No. 84, Kendari, JT 88780",9993261718710217
2149,Umi Prasasta,F,1989-12-27,3271016712892602,083328879705,36866790168,5561814762221475,umiprasasta@ymail.com,"Gang Pasir Koja No. 7, Palopo, SU 53425",9928182134004297
2150,Sabar Nasyiah,F,1961-03-26,3502016603615702,08550677395,855682542771,5455168770018481,sabar_nasyiah367@hotmail.com,"Jalan Jayawijaya No. 7, Palembang, SN 66609",9998046567141389
2151,Limar Nainggolan,M,1959-08-14,3274011408596053,083861156405,52225386181,5331430902068180,limar.nainggolan@yahoo.co.id,"Gang Gegerkalong Hilir No. 99, Binjai, ST 97085",9983019813808149
2152,"Dr. Jamalia Permata, S.IP",F,1977-12-01,3273014112774013,08818872400,424050491138,4818137972417424,"dr..jamalia.permata,.s.ip681@hotmail.com","Jalan Kutai No. 6, Banjar, Maluku 77714",9988757901029030
2153,"drg. Slamet Hastuti, S.Gz",F,1957-01-18,3175015801570878,08512113340,526632759,5148755355978791,"drg.slamethastuti,s.gz@yahoo.co.id","Jl. Siliwangi No. 44, Bandung, Maluku Utara 52563",9943049324259704
2154,Ulva Pudjiastuti,F,1981-09-14,3602015409814927,+6281642244175,87536210273581,4790247567077029,ulva.pudjiastuti270@hotmail.com,"Gang Otto Iskandardinata No. 7, Tomohon, SR 35420",9960782644189501
2155,Aisyah Pratiwi,F,1993-06-23,3173016306931314,08183479931,8543170678367,6011606968799280,aisyah_pratiwi@ymail.com,"Gg. Jamika No. 72, Parepare, PB 88708",9955299755063822
2156,Zaenab Manullang,M,1986-08-03,3173010308860306,083131670404,3240666064,4646278866380032,zaenab.manullang@outlook.com,"Jl. Tubagus Ismail No. 98, Subulussalam, KB 64482",9984764072985085
2157,"Drs. Yono Suwarno, S.Kom",F,1989-11-06,6101014611890781,089867758313,397855296,5289398861139557,"drs._yono_suwarno,_s.kom236@gmail.com","Gg. Rungkut Industri No. 16, Jayapura, SU 78424",9947676848071437
2158,Irma Pratiwi,M,1981-09-21,3502012109813026,087780817869,9873605110,5535358399525803,irma.pratiwi27@yahoo.co.id,"Jalan W.R. Supratman No. 5, Tangerang Selatan, Sulawesi Utara 59250",9984058487976063
2159,Puti Kamaria Aryani,M,1960-07-24,3173012407609385,088433166593,60103800619,5287301924418920,puti.kamaria.aryani@yahoo.co.id,"Jalan Laswi No. 700, Dumai, KT 90237",9974971242353205
2160,Radika Astuti,M,1971-05-24,3401012405715341,085215285489,219690213868611,5583949752712900,radika_astuti162@gmail.com,"Jalan M.H Thamrin No. 169, Singkawang, Jambi 29464",9980064553293297
2161,Balamantri Namaga,F,1957-05-04,3501014405571725,+628836443373,19062991,6011390410406331,balamantri.namaga288@outlook.com,"Gg. Bangka Raya No. 95, Bau-Bau, Jawa Tengah 33905",9938512127287224
2162,Mala Zulaika,M,1987-10-05,3174010510871700,083861915853,84631945236219,4361654384412635,mala.zulaika661@yahoo.co.id,"Jl. Joyoboyo No. 38, Tebingtinggi, SU 42884",9977328898189867
2163,Tantri Kuswandari,F,1975-12-30,3105017012754414,087726353522,580766609654592,5554495176424937,tantri.kuswandari@ymail.com,"Jalan Pacuan Kuda No. 277, Tangerang Selatan, DKI Jakarta 93162",9984772189177030
2164,"dr. Kamila Napitupulu, S.E.",F,1974-07-13,3601015307741217,08115948270,97131972,5458020820646020,"dr.kamilanapitupulu,s.e.@outlook.com","Gg. Suryakencana No. 4, Tanjungbalai, SG 68779",9960760146216042
2165,"Oni Widiastuti, M.TI.",F,2003-01-02,7102014201036727,08135804393,969675044,5343077207802829,"oniwidiastuti,m.ti.@ymail.com","Gg. Cempaka No. 877, Payakumbuh, PB 04076",9916457623135842
2166,"R. Rina Waluyo, M.Ak",F,1993-04-12,3274015204937855,+6289876930451,9378498600542,5218868905507789,"r.rinawaluyo,m.ak@ymail.com","Gg. Dipenogoro No. 5, Jayapura, YO 20404",9962032771833740
2167,Jagaraga Jailani,M,1959-05-25,3273012505598728,+6282398350265,159730777810881,5105754100316999,jagaraga_jailani@yahoo.co.id,"Jalan Pacuan Kuda No. 02, Mataram, Sulawesi Tengah 49635",9934767244248563
2168,Lamar Pranowo,M,1972-05-17,7102011705721965,083814243294,3840645338,5252479941973574,lamar.pranowo@ymail.com,"Jl. Astana Anyar No. 584, Mojokerto, ST 13700",9938932492790412
2169,"Bella Widiastuti, M.M.",M,1994-04-21,3176012104943312,085112154878,187467409061435,6011631082321115,"bella_widiastuti,_m.m.@hotmail.com","Gg. Siliwangi No. 07, Ambon, KB 73733",9981858538439554
2170,Yessi Usada,F,2000-03-28,3272016803001613,08596355578,557473558,5385767163447796,yessiusada@yahoo.co.id,"Jl. Kapten Muslihat No. 92, Cilegon, DI Yogyakarta 24006",9921625432169769
2171,dr. Gandewa Saputra,F,1959-05-22,3401016205597350,+628320453707,231439692619282,5579307504757095,dr.gandewasaputra450@gmail.com,"Jl. Suryakencana No. 14, Makassar, BT 71180",9979690673296152
2172,Yahya Sihombing,F,2008-11-18,3302015811080507,08515959318,851644785,6011894439762106,yahyasihombing581@hotmail.com,"Gg. Pacuan Kuda No. 195, Banjarmasin, JT 69347",9959975243969157
2173,drg. Lidya Hardiansyah,F,2009-01-12,3102015201090725,+6288281395190,286730856262392,5215134017497137,drg.lidyahardiansyah718@hotmail.com,"Gang Jakarta No. 75, Kota Administrasi Jakarta Timur, JI 46406",9928047784455411
2174,Salimah Mardhiyah,F,1987-02-09,3203014902871936,+6288308164877,965179385252747,4465717377157874,salimah.mardhiyah@gmail.com,"Gang Pasirkoja No. 827, Bima, JA 88160",9910641629688591
2175,Dt. Warsita Hutagalung,M,1975-02-22,3103012202750287,08559635532,9788702212446,6011416166945943,dt.warsitahutagalung@outlook.com,"Gang Cihampelas No. 2, Pasuruan, PB 04441",9922499534288971
2176,Ulva Mandala,M,2003-12-09,3175010912034836,083122897434,7117139608,5189216622416568,ulva_mandala203@ymail.com,"Gang Medokan Ayu No. 880, Banjar, YO 13786",9911682399674048
2177,Hendra Melani,F,2008-02-07,3602014702081089,081121756269,48331246767,5337988900843848,hendramelani@hotmail.com,"Gg. Ir. H. Djuanda No. 16, Kupang, JT 76817",9995696146147221
2178,Ikhsan Nasyidah,F,1990-06-30,7301017006901688,+628562124954,1325361443,6011805158952770,ikhsannasyidah@hotmail.com,"Gg. Siliwangi No. 7, Surakarta, Kalimantan Timur 66105",9967589924950939
2179,"Dr. Violet Hutasoit, S.Psi",F,1968-10-18,3401015810680924,081938282326,96631527,4776746620356602,"dr.violethutasoit,s.psi271@outlook.com","Gang Antapani Lama No. 751, Ambon, Sulawesi Tengah 84284",9979211732430597
2180,Mutia Fujiati,F,2007-10-21,3401016110070802,082179626257,716829689819281,4871768215658868,mutiafujiati@yahoo.co.id,"Gang Cihampelas No. 67, Tanjungbalai, DKI Jakarta 28349",9969729750758447
2181,Farhunnisa Anggriawan,M,2001-11-16,3203011611017751,085111363177,11835784170870,4450658046957558,farhunnisa_anggriawan@outlook.com,"Jalan Cihampelas No. 597, Dumai, Sulawesi Selatan 40891",9971511213240111
2182,"Dt. Gangsar Rahayu, M.Farm",F,1964-06-03,3502014306644171,082257099190,945174388180400,5456394453221784,"dt._gangsar_rahayu,_m.farm@hotmail.com","Gang Kutai No. 8, Bekasi, KB 56208",9966684721867150
2183,Paiman Budiman,F,1966-11-19,3273015911668001,083231364396,864039327,5527514214547815,paiman_budiman990@hotmail.com,"Gang Kapten Muslihat No. 162, Ternate, Riau 70355",9930724719186345
2184,Puti Jamalia Maheswara,M,1988-08-22,7102012208886453,08167669421,11889475,5386218081636026,puti.jamalia.maheswara588@yahoo.co.id,"Jalan Bangka Raya No. 6, Samarinda, RI 86360",9987257432470984
2185,Hesti Waluyo,F,1962-05-19,7301015905627015,082140999757,71851688,5562043788158147,hesti.waluyo@ymail.com,"Jl. Wonoayu No. 254, Banjar, BA 94097",9987174957820208
2186,Yuliana Putra,M,1985-05-28,3501012805855261,+6281475690782,580487340571,5398575394634312,yuliana_putra@ymail.com,"Gg. Gedebage Selatan No. 006, Madiun, LA 39300",9936249309814300
2187,Darmanto Sihotang,F,1970-02-24,6101016402700817,08535162816,8966410012,5434492073108376,darmanto.sihotang@hotmail.com,"Jalan Sukajadi No. 93, Medan, AC 47905",9939213946835612
2188,"R.A. Amelia Saptono, M.Kom.",F,1995-08-01,5103014108959443,088419652844,74977689,5399032384819501,"r.a..amelia.saptono,.m.kom.@hotmail.com","Jalan Jamika No. 64, Binjai, Kalimantan Selatan 05019",9964566246893221
2189,Nurul Sitompul,M,1984-08-30,3401013008844387,08232098993,6523662643771,5278993703872625,nurulsitompul127@ymail.com,"Jl. R.E Martadinata No. 27, Bandar Lampung, PB 82850",9995105495859097
2190,Iriana Prasetyo,M,1979-03-18,3271011803794414,085994769325,7044909252,6011280390988021,iriana_prasetyo@hotmail.com,"Jalan Jayawijaya No. 15, Banjarmasin, Jambi 52471",9945077615881656
2191,Puspa Melani,F,1960-03-04,7301014403604672,08972449778,7856550528,5230443424645220,puspa.melani234@ymail.com,"Gg. Gedebage Selatan No. 918, Bekasi, SS 51412",9945025340319029
2192,"Yunita Adriansyah, M.Kom.",M,1956-05-27,3273012705568771,083237826259,9385214957957,6011676024401143,"yunita.adriansyah,.m.kom.@hotmail.com","Gang Cikutra Timur No. 69, Jambi, JT 69268",9984024925834085
2193,Tgk. Melinda Prasetyo,M,1986-02-01,3274010102867817,+628157887844,1568286074852,5486755422839248,tgk._melinda_prasetyo@gmail.com,"Jl. Tebet Barat Dalam No. 23, Metro, BE 63607",9984937255488575
2194,Yance Maheswara,M,1959-08-01,5101010108592596,+6288152589394,33741112139511,5373749762202156,yance_maheswara798@yahoo.co.id,"Gg. Kendalsari No. 258, Salatiga, Kalimantan Timur 69436",9984772126046053
2195,Kamaria Wastuti,M,1971-04-11,3203011104717280,087837402780,1922751589,5252304514246964,kamaria.wastuti@gmail.com,"Gang Kutisari Selatan No. 56, Medan, Banten 14631",9966378359807967
2196,Drs. Ratna Kuswandari,F,1984-01-20,3272016001842748,081768819111,842694111,5323466038090134,drs..ratna.kuswandari@ymail.com,"Jl. Gegerkalong Hilir No. 042, Kendari, KI 19602",9977332096501733
2197,Hj. Eva Lailasari,M,1972-09-23,7101012309720913,085731347921,42871718,5260671489815325,hj..eva.lailasari@gmail.com,"Jl. Rajawali Timur No. 866, Pekanbaru, Maluku 07260",9975973703261162
2198,Iriana Kuswandari,M,1995-01-28,3402012801955842,08821062128,794049636,5208829031186095,iriana.kuswandari@outlook.com,"Gg. S. Parman No. 537, Pontianak, BE 33097",9971011668286327
2199,Ir. Puput Narpati,F,1956-10-21,3174016110569137,083224555381,52985658,5213797275458140,ir..puput.narpati@yahoo.co.id,"Jalan Medokan Ayu No. 7, Bengkulu, SU 21098",9950354941330646
2200,"Ir. Radit Zulkarnain, S.Kom",F,1990-11-12,3101015211907950,081862167855,705878917639029,5340821849580643,"ir._radit_zulkarnain,_s.kom612@yahoo.co.id","Jl. W.R. Supratman No. 9, Balikpapan, AC 68812",9978863463693575
2201,Galang Marpaung,M,1981-06-22,7101012206817749,08833519609,15055814791225,4575380915884908,galang.marpaung@gmail.com,"Gang Raya Ujungberung No. 0, Probolinggo, YO 92241",9924032761307286
2202,Dr. Rahmi Handayani,M,1991-03-02,3173010203919815,08989362584,50933732,5308082872388560,dr.rahmihandayani706@outlook.com,"Jl. Stasiun Wonokromo No. 834, Solok, Nusa Tenggara Timur 48789",9961794812167997
2203,"Tgk. Patricia Prayoga, S.Kom",F,1957-08-13,7101015308576950,+628532636958,58916858,5541651163993194,"tgk._patricia_prayoga,_s.kom@gmail.com","Gang Erlangga No. 2, Banjarmasin, KB 31806",9966588370569622
2204,"Titi Agustina, S.Pd",M,1993-03-09,5102010903938080,+628974251995,40695694,5559741451873655,"titi.agustina,.s.pd856@ymail.com","Gang Merdeka No. 0, Tebingtinggi, Aceh 78253",9951060911621280
2205,Hari Novitasari,F,1978-11-28,3103016811780219,08143482024,93280287353,5594117371784585,hari_novitasari877@ymail.com,"Jalan Rumah Sakit No. 78, Kendari, ST 14217",9988271240771692
2206,Dina Saputra,F,1991-04-27,5102016704914443,08551164789,153607433,5489980907504332,dina.saputra375@gmail.com,"Jalan Kiaracondong No. 782, Jayapura, BT 97662",9967158567367369
2207,Yunita Budiman,M,1956-12-09,7102010912561094,08783688301,706416681,5535763119792187,yunita.budiman@outlook.com,"Gang Antapani Lama No. 577, Padang Sidempuan, PB 19978",9981489891873533
2208,"drg. Jasmin Usamah, S.E.I",F,1990-12-21,3301016112905891,085818786385,872679503558,5490533255759748,"drg.jasminusamah,s.e.i877@outlook.com","Jalan Pasirkoja No. 86, Palu, KB 99072",9972447110362194
2209,"Lili Halimah, M.Ak",M,1962-07-08,3301010807623008,+628162445890,80240241879,5478592868671498,"lili.halimah,.m.ak906@ymail.com","Jalan Dipenogoro No. 41, Pematangsiantar, JI 38688",9988380552668313
2210,Latif Mansur,M,1967-01-07,3272010701675968,088510118425,50517958921917,5295214620975919,latif_mansur858@outlook.com,"Jl. Setiabudhi No. 4, Sungai Penuh, Sumatera Selatan 29661",9953750341114182
2211,Lalita Wahyudin,M,1958-06-22,3174012206587280,08533225857,9285971215,5385504868049870,lalitawahyudin@ymail.com,"Gg. Kiaracondong No. 14, Padang Sidempuan, JT 35060",9950917254573326
2212,Cakrawala Aryani,M,1958-01-13,3273011301586315,+628167767977,693006177894445,6011170303687334,cakrawalaaryani@hotmail.com,"Jalan Indragiri No. 14, Salatiga, JK 09166",9938618451607684
2213,"Lega Sinaga, S.Pd",M,1974-06-01,3175010106743782,+628224874227,62414398401,4488074488019279,"lega_sinaga,_s.pd238@ymail.com","Jl. Cikapayang No. 784, Blitar, SB 20522",9934324077885502
2214,"Kunthara Pertiwi, M.TI.",M,1973-07-25,3302012507730478,08594145299,530040638,5586984759518651,"kunthara_pertiwi,_m.ti.113@gmail.com","Gg. Kiaracondong No. 166, Padang, GO 70861",9948308214639299
2215,"Dr. Cornelia Prabowo, S.T.",F,2001-11-24,3172016411016631,08125325897,81210698357739,6011783412708346,"dr._cornelia_prabowo,_s.t.@gmail.com","Jalan Asia Afrika No. 42, Palu, Sulawesi Barat 34946",9924566157220844
2216,Samiah Tamba,M,1973-06-27,3174012706732571,+628779657387,51720504657,5446662713124017,samiah.tamba@outlook.com,"Gg. Yos Sudarso No. 41, Padang Sidempuan, Aceh 85953",9944515835985236
2217,Dr. Najam Mandasari,F,1993-12-07,3201014712933706,089703752335,308675019334,5236591532763955,dr._najam_mandasari700@gmail.com,"Gang Ahmad Yani No. 2, Kota Administrasi Jakarta Selatan, YO 52823",9977925825899087
2218,"Puti Lalita Saefullah, S.H.",M,1957-11-23,3203012311578242,087813138436,458884577,5550297599890014,"puti.lalita.saefullah,.s.h.@ymail.com","Gg. Erlangga No. 4, Sukabumi, Lampung 32945",9960947026623535
2219,dr. Warta Mandasari,M,1991-11-19,7102011911915498,+628850821079,97798087,5256347372830095,dr..warta.mandasari@outlook.com,"Gang Erlangga No. 464, Bukittinggi, SS 41906",9942376386472089
2220,"Ir. Tedi Hutagalung, S.Ked",F,1979-07-20,3273016007797032,08212274217,8710501832,5251213830833938,"ir..tedi.hutagalung,.s.ked955@outlook.com","Gang Jend. Sudirman No. 8, Sawahlunto, Kalimantan Utara 64212",9934318723781065
2221,Kani Mayasari,F,1982-05-12,3202015205822324,+628170174259,838333670762,5580995605244087,kanimayasari303@outlook.com,"Jl. Peta No. 9, Ambon, NB 79991",9925314553503709
2222,"Drs. Uli Rajata, S.H.",M,1974-09-28,3173012809742351,089778986877,749024838,5466536763072873,"drs..uli.rajata,.s.h.477@outlook.com","Gang Gardujati No. 2, Kotamobagu, KT 40708",9940484109687247
2223,Zulaikha Yulianti,M,1996-11-28,7301012811962915,08511338607,562222544639639,5526691976963303,zulaikha.yulianti825@gmail.com,"Gg. Kendalsari No. 4, Madiun, Sulawesi Tengah 59073",9997358332315523
2224,"Zahra Maheswara, S.E.I",F,2009-01-15,3203015501099654,089694847167,58564830988908,4550640335626402,"zahramaheswara,s.e.i362@hotmail.com","Jl. K.H. Wahid Hasyim No. 42, Surabaya, Sumatera Selatan 54478",9952082478385527
2225,Pranata Hariyah,F,1982-06-29,5101016906822265,+628156059605,269778197673148,4247956050206512,pranata_hariyah@gmail.com,"Jalan Soekarno Hatta No. 709, Sukabumi, BA 26327",9945399892388276
2226,Tania Wahyuni,M,1977-01-23,3172012301775745,085626396385,63625665,5281901170782113,tania_wahyuni431@yahoo.co.id,"Gang Cihampelas No. 079, Kota Administrasi Jakarta Pusat, Sumatera Barat 78937",9993492396495263
2227,drg. Jumari Wijayanti,F,1987-11-04,3173014411876490,089824750712,6887132287,5242890056741823,drg.jumariwijayanti577@yahoo.co.id,"Gg. Kebonjati No. 91, Mataram, KR 19838",9956059397542405
2228,Tina Purnawati,M,2004-08-05,3203010508044447,08849173008,8879704157429,5443215966829278,tina.purnawati53@yahoo.co.id,"Jalan Rungkut Industri No. 165, Lubuklinggau, Maluku Utara 74787",9939607288685782
2229,Syahrini Sitompul,F,2006-12-06,7301014612065300,089558499009,85792708553,5516650434484660,syahrinisitompul@gmail.com,"Jl. H.J Maemunah No. 93, Surakarta, Kalimantan Tengah 75619",9972629126098950
2230,"Cinta Hariyah, S.Sos",F,2000-02-18,3272015802006675,08140248298,420272575,5126255483152291,"cinta.hariyah,.s.sos@gmail.com","Jl. Asia Afrika No. 027, Lhokseumawe, NT 00512",9994398205831057
2231,Kambali Yulianti,F,2006-02-04,7102014402065929,085150854912,966800156314,5177014389204462,kambali.yulianti327@yahoo.co.id,"Jl. Kendalsari No. 0, Jambi, Sumatera Barat 93287",9922635220833234
2232,"Hj. Eli Mandasari, S.Pd",M,1989-06-07,3175010706898098,08157705772,633356573294601,5188452969338947,"hj._eli_mandasari,_s.pd@outlook.com","Gg. Monginsidi No. 9, Lubuklinggau, KS 15243",9977404124073865
2233,Sidiq Wahyuni,M,1984-04-27,5102012704842977,08988733381,607838865589913,6011546652289752,sidiq.wahyuni@ymail.com,"Gang Rungkut Industri No. 144, Sungai Penuh, Kepulauan Riau 99645",9966885898200523
2234,Hj. Kiandra Nugroho,F,2007-07-17,3174015707071093,08215698299,81468989632775,5205550834840368,hj..kiandra.nugroho567@hotmail.com,"Jalan Joyoboyo No. 2, Palopo, YO 73685",9953732569650284
2235,Almira Sinaga,F,1955-07-06,5102014607559269,+6285309268981,285885339,5529578650952568,almira.sinaga@gmail.com,"Jalan H.J Maemunah No. 031, Palopo, Jawa Barat 75914",9914990355995831
2236,"Kasiyah Agustina, S.Farm",M,1970-03-19,3201011903708961,08527412600,131280729,5594474622696406,"kasiyah_agustina,_s.farm@ymail.com","Gang Sukabumi No. 150, Kendari, Kepulauan Riau 10265",9941380704268209
2237,Talia Sihombing,M,1973-09-08,6101010809736559,085755547060,64071298,5497901176215887,talia_sihombing@hotmail.com,"Gang Siliwangi No. 7, Tebingtinggi, JB 74105",9942589701782015
2238,Tgk. Luwes Damanik,M,1955-05-11,3273011105556071,08535253220,374993919,4011284017234468,tgk.luwesdamanik511@ymail.com,"Jl. Kendalsari No. 62, Lhokseumawe, Sumatera Barat 61653",9961409250424995
2239,Gawati Budiman,M,2001-02-05,3502010502019008,08136815423,798804919,5417001591977070,gawati_budiman767@yahoo.co.id,"Jalan R.E Martadinata No. 0, Tarakan, SU 62930",9998609257758810
2240,"Ir. Harja Kusumo, S.I.Kom",F,2005-09-05,5102014509058305,08147389145,7420244642859,6011525292420903,"ir._harja_kusumo,_s.i.kom157@ymail.com","Jl. Bangka Raya No. 16, Jayapura, Sulawesi Selatan 05904",9951063454000026
2241,Sakura Pertiwi,M,1961-08-09,3103010908619827,+628237807722,563327884,5293050699875854,sakura.pertiwi971@outlook.com,"Jalan Dr. Djunjunan No. 9, Padang Sidempuan, ST 99608",9933540544564734
2242,drg. Yunita Hidayat,F,1980-02-12,3101015202806090,088264006964,26442370,4415510517757864,drg..yunita.hidayat@yahoo.co.id,"Jl. Monginsidi No. 7, Tasikmalaya, Sulawesi Utara 98882",9962427896891369
2243,Jaga Tampubolon,F,1969-01-12,3501015201696270,081590911963,72537863070,4316889780332311,jaga_tampubolon314@ymail.com,"Jalan Cihampelas No. 82, Balikpapan, BT 15475",9945933420989063
2244,Anita Latupono,M,1987-02-04,5103010402870601,+628773071460,9724411139730,6011310519681467,anitalatupono@gmail.com,"Gang Jakarta No. 1, Madiun, Papua Barat 81408",9947019968866267
2245,R.M. Warta Sihombing,M,1963-10-26,3101012610636585,+628564243822,395153841024,4975260665431138,r.m.wartasihombing@ymail.com,"Jl. Cihampelas No. 650, Surakarta, JI 15963",9972101958348016
2246,R. Raden Prasetyo,F,1980-07-19,3204015907801024,082322852204,10623050478,5177345734652670,r.radenprasetyo669@ymail.com,"Jalan Monginsidi No. 1, Metro, Bali 47904",9987741479083603
2247,Intan Rahimah,M,1978-07-20,3303012007781480,085273766062,87245744153,5466086048994011,intanrahimah@hotmail.com,"Jalan Rumah Sakit No. 939, Bukittinggi, SB 19268",9991461700311130
2248,Leo Mardhiyah,F,1987-06-04,7102014406877533,085589456189,449316755,5503109388829569,leo.mardhiyah467@yahoo.co.id,"Jalan PHH. Mustofa No. 16, Tebingtinggi, PB 17729",9978294192762929
2249,Hasan Halimah,M,1970-03-29,3273012903709598,08952314211,6340444407,5111125966795617,hasan.halimah@hotmail.com,"Gang M.H Thamrin No. 404, Pasuruan, Maluku Utara 24003",9916147128728409
2250,Ghani Haryanto,M,1958-05-20,3105012005586593,08569597577,861276514924100,6011969004181361,ghani_haryanto@gmail.com,"Gang Kutai No. 9, Cirebon, JT 94764",9964290145979177
2251,Lurhur Saputra,F,1990-01-21,3272016101900116,08151174518,57731011060,4308597370612456,lurhur_saputra@ymail.com,"Gg. Ciumbuleuit No. 9, Bau-Bau, AC 63349",9941267637477162
2252,Ilyas Laksita,M,2000-04-21,3102012104002183,089550980170,7949045788471,5235120045158285,ilyas_laksita227@hotmail.com,"Gang Tebet Barat Dalam No. 682, Singkawang, PA 43448",9964687813867931
2253,Dimas Nurdiyanti,F,1997-10-03,3202014310974337,08572789117,661851205404,5434576825413216,dimas_nurdiyanti699@gmail.com,"Gg. H.J Maemunah No. 76, Bengkulu, Papua 39855",9977216007328031
2254,Candrakanta Putra,F,1998-09-26,7301016609981246,088539395784,1547674453138,6011678236278427,candrakantaputra208@hotmail.com,"Jl. Kendalsari No. 31, Lubuklinggau, JI 23243",9954075125300817
2255,Bakti Putra,M,1968-10-08,5102010810681176,+6289773228361,520028734,5503627562952240,bakti.putra@yahoo.co.id,"Gang Bangka Raya No. 807, Jayapura, PA 06455",9974606742157594
2256,Tugiman Samosir,F,1994-02-11,3303015102942502,08216075981,21601240360,5160827815758496,tugimansamosir487@hotmail.com,"Gg. Tebet Barat Dalam No. 2, Denpasar, Papua 87293",9999029563633321
2257,"Mila Damanik, S.Farm",M,2002-01-17,7101011701021136,+628131993896,3313358626850,5185044860101631,"mila.damanik,.s.farm@gmail.com","Jalan Sukabumi No. 805, Prabumulih, Jawa Barat 62316",9953838937121468
2258,Zizi Damanik,M,2008-11-13,3273011311089610,+628849607331,71420621402499,5588934217115226,zizi.damanik@ymail.com,"Jalan HOS. Cokroaminoto No. 7, Jambi, Maluku 47756",9951303682859217
2259,Dr. Mursinin Wulandari,M,2001-03-05,3402010503013005,089865592532,354759576249,5198961875288280,dr..mursinin.wulandari@yahoo.co.id,"Jalan Moch. Toha No. 99, Balikpapan, SU 53828",9970086205355034
2260,H. Bahuraksa Nugroho,M,2005-09-14,3203011409055153,+6288422431672,98846108622,5359194066942502,h._bahuraksa_nugroho343@yahoo.co.id,"Gang Cihampelas No. 5, Tual, Sumatera Barat 44512",9973104147676911
2261,Eva Narpati,F,1989-01-11,3402015101899635,08578419621,2553884697538,5273659276611312,evanarpati491@gmail.com,"Gg. Tubagus Ismail No. 42, Bitung, Kalimantan Tengah 71860",9956354885610976
2262,Qori Rahayu,F,2004-08-31,3402017108040040,+6281808728401,86454056020187,5128565809053804,qori_rahayu@hotmail.com,"Jalan BKR No. 83, Singkawang, Jawa Tengah 62986",9956666622494157
2263,"Fitria Laksita, M.TI.",M,1956-01-03,3104010301562486,08193070308,5234898376389,5260897365477468,"fitrialaksita,m.ti.@gmail.com","Jl. Pacuan Kuda No. 30, Metro, NB 25096",9914619844365006
2264,Cahyono Prabowo,F,1988-05-04,3104014405889551,+628216358751,12530095,6011840344991954,cahyonoprabowo820@gmail.com,"Gg. Astana Anyar No. 1, Ambon, SG 49236",9974873124053525
2265,"dr. Kajen Dabukke, M.TI.",F,1956-08-06,3401014608560327,085544925305,455126400,5493875598680665,"dr._kajen_dabukke,_m.ti.789@yahoo.co.id","Gang Laswi No. 21, Cirebon, SN 76383",9969597095625331
2266,Nasrullah Rahmawati,F,1997-02-07,3104014702978462,088102787362,948177455,6011848911661737,nasrullahrahmawati283@hotmail.com,"Jalan Monginsidi No. 30, Salatiga, Sumatera Barat 68421",9936114166429565
2267,KH. Yosef Firmansyah,M,1985-03-14,3271011403854728,08555097071,30234925,4961830386289812,kh.yoseffirmansyah@yahoo.co.id,"Gang Jend. A. Yani No. 1, Bima, Jambi 65974",9982118784595213
2268,Asmianto Mustofa,M,1976-02-22,3601012202769938,08563241910,3591633453,5542105589119830,asmianto.mustofa@gmail.com,"Jl. Rajiman No. 1, Tomohon, Bali 23275",9930978152944476
2269,R. Teddy Hutapea,F,1983-08-11,3172015108833317,081718440438,654055586445264,5350723134191621,r.teddyhutapea528@hotmail.com,"Gg. Lembong No. 416, Blitar, SG 61891",9940973320044666
2270,Genta Kuswoyo,F,1955-09-26,5103016609555505,08574808102,4332961930,4207906473958003,gentakuswoyo@outlook.com,"Gg. Rungkut Industri No. 2, Batam, Kalimantan Timur 22380",9952946513064586
2271,"Ikin Firmansyah, S.E.",M,1959-04-09,3272010904597641,081323089466,888358434,5517650360291935,"ikin.firmansyah,.s.e.@yahoo.co.id","Jalan Ciumbuleuit No. 69, Bau-Bau, Kalimantan Utara 07727",9919094445608529
2272,"Paiman Suryono, S.I.Kom",M,1963-09-04,3174010409639591,088246524882,4430406325,5529569103524158,"paiman_suryono,_s.i.kom302@ymail.com","Jalan Sentot Alibasa No. 335, Binjai, Riau 62510",9956967935551644
2273,"Ir. Humaira Waluyo, S.IP",M,1972-01-28,7102012801725216,+628112083892,734701654,4838429363176191,"ir._humaira_waluyo,_s.ip@gmail.com","Gg. Otto Iskandardinata No. 513, Surabaya, JB 96730",9923241685909304
2274,R. Ida Adriansyah,M,2001-12-02,3173010212014828,08825679858,179618404211,5333401663313930,r..ida.adriansyah790@yahoo.co.id,"Jl. Sadang Serang No. 6, Makassar, KU 90363",9920691900740642
2275,Tgk. Jaya Setiawan,F,1990-11-26,7102016611904798,+628175874485,5175916489,6011704640014917,tgk..jaya.setiawan256@gmail.com,"Gg. S. Parman No. 008, Bima, Riau 67501",9999492378901370
2276,Padma Permadi,F,1993-09-25,5101016509932717,08381631577,674355136,5293016945296720,padma_permadi@hotmail.com,"Gang Abdul Muis No. 394, Mataram, Sumatera Selatan 64201",9979014349724120
2277,"Ir. Vinsen Rahimah, S.Ked",M,1982-04-27,3272012704825072,081591026974,9906690463,6011643044979697,"ir._vinsen_rahimah,_s.ked952@gmail.com","Jl. Dipenogoro No. 51, Padang, Bali 75075",9972080814298364
2278,"Ratna Marpaung, S.Sos",F,1961-09-09,3173014909616681,+628810128002,910098253,5143659470281627,"ratnamarpaung,s.sos240@hotmail.com","Jalan Pelajar Pejuang No. 16, Surabaya, JT 39656",9989962991341149
2279,"Siska Puspita, M.Kom.",F,1984-04-05,3602014504847572,08994685749,3882508336780,5592273558797728,"siskapuspita,m.kom.528@yahoo.co.id","Jl. Pasir Koja No. 7, Bandar Lampung, Kalimantan Timur 53476",9967936268418380
2280,Dono Siregar,M,1995-10-29,5102012910954961,089539840553,9393134036073,5577150613806499,dono.siregar@ymail.com,"Gg. PHH. Mustofa No. 31, Mataram, Papua 08002",9998508642201734
2281,Irsad Padmasari,M,1989-02-17,5103011702893235,08550404794,712365289,5193357574458259,irsadpadmasari662@hotmail.com,"Jalan Raya Setiabudhi No. 42, Tanjungbalai, JB 36109",9941422717311550
2282,R.M. Elon Sinaga,F,1956-07-20,3701016007562985,081239345303,2946878713950,5185433665819324,r.m.elonsinaga@ymail.com,"Gang Otto Iskandardinata No. 70, Dumai, Sulawesi Barat 74170",9970869950049047
2283,Caturangga Natsir,F,1997-07-26,3103016607971626,+628965685788,858508086105,5572652846159651,caturangga_natsir@gmail.com,"Gang Kiaracondong No. 1, Kota Administrasi Jakarta Pusat, JK 62280",9921559273467640
2284,Ifa Hidayat,M,2004-03-20,3602012003045984,089573822655,41299315230,5505166523431940,ifa_hidayat348@hotmail.com,"Jalan Dipenogoro No. 37, Malang, KR 81739",9997466582630383
2285,"Drs. Paiman Waskita, M.Ak",M,1966-03-27,3601012703664771,088262431435,51146259541,5180949305534007,"drs.paimanwaskita,m.ak313@outlook.com","Gg. Suryakencana No. 5, Bima, Jawa Barat 64646",9984012102743746
2286,Keisha Rajata,M,2000-05-24,3203012405001743,082357533951,560678083124653,5507229955215723,keisharajata@hotmail.com,"Jalan Rumah Sakit No. 845, Tidore Kepulauan, YO 39992",9987475016594518
2287,Tasnim Prastuti,F,1974-06-12,3303015206745982,083284138928,669990856920283,5228767566731582,tasnimprastuti@outlook.com,"Jl. Ir. H. Djuanda No. 5, Tual, Gorontalo 38255",9996438212654261
2288,Cengkir Wulandari,F,1962-10-28,7301016810625255,08237651520,60836860678,5249641135892703,cengkir.wulandari661@ymail.com,"Jl. Ahmad Yani No. 0, Denpasar, SU 90530",9922176877721187
2289,Gawati Budiman,M,2007-08-20,3174012008072491,+6281907624864,695177434,4219702063483230,gawati_budiman885@yahoo.co.id,"Gg. Asia Afrika No. 677, Semarang, Jawa Tengah 91050",9961471258659045
2290,Labuh Haryanti,M,2000-10-26,3273012610003437,088574171448,81384568,5258616248438896,labuh.haryanti@gmail.com,"Gang Rajawali Timur No. 40, Semarang, Jambi 38767",9950163317333562
2291,"Gaduh Prasasta, S.IP",M,1966-05-27,7101012705665220,08832386739,10860780499033,5163125177698362,"gaduh_prasasta,_s.ip@yahoo.co.id","Gang W.R. Supratman No. 5, Solok, JI 26327",9912665355971411
2292,Ghaliyati Lestari,F,1967-01-03,3174014301678527,+6287724012827,5212588706570,5144520981481859,ghaliyati_lestari@hotmail.com,"Jl. Raya Ujungberung No. 65, Kota Administrasi Jakarta Selatan, DI Yogyakarta 43076",9911604969056783
2293,"R.A. Eka Permata, M.TI.",M,1983-03-16,7101011603835510,082385052935,173720882,5157465448063444,"r.a.ekapermata,m.ti.@yahoo.co.id","Gg. BKR No. 19, Parepare, AC 42363",9950936356656712
2294,"Salimah Pratama, M.M.",M,1979-01-18,5103011801790373,081672601880,559097078,5148149441116494,"salimah_pratama,_m.m.257@ymail.com","Jl. Ciumbuleuit No. 4, Kotamobagu, DI Yogyakarta 57168",9976000139721026
2295,Atmaja Kurniawan,M,1962-12-05,3601010512624971,083345900080,1153484298148,5478390909071702,atmaja.kurniawan@yahoo.co.id,"Jalan Astana Anyar No. 34, Prabumulih, SU 54145",9915332266196827
2296,"dr. Tedi Samosir, M.M.",M,2005-07-11,3274011107053986,085380911914,87356719495,5268210690884030,"dr.tedisamosir,m.m.507@yahoo.co.id","Gg. Monginsidi No. 5, Padang, Riau 70088",9961070070612428
2297,Genta Pudjiastuti,F,2003-03-02,3501014203032497,085546795383,6740579376,6011028855298007,genta.pudjiastuti911@outlook.com,"Gg. M.H Thamrin No. 5, Pekalongan, Gorontalo 56088",9950742338435820
2298,"Prima Saptono, S.Pt",M,2007-06-26,3101012606072095,+628784849511,7728784185678,5463216239265722,"prima_saptono,_s.pt983@hotmail.com","Gang Surapati No. 2, Palangkaraya, DI Yogyakarta 34608",9936696144149690
2299,"KH. Ibrahim Pangestu, S.Pt",M,1979-12-01,3701010112797293,081921495047,744150795853266,5152871694442499,"kh.ibrahimpangestu,s.pt495@yahoo.co.id","Jl. Kebonjati No. 22, Pematangsiantar, AC 50308",9978188324111880
2300,Enteng Purnawati,F,1997-09-19,3501015909971048,08518451302,40372095,5325057521497423,enteng.purnawati49@outlook.com,"Gang Rajiman No. 49, Tebingtinggi, Sulawesi Utara 86813",9964933830247799
2301,"Nabila Yulianti, S.E.I",F,2002-08-12,3602015208023836,+6289707606942,3258852384,4649798474018076,"nabila_yulianti,_s.e.i@yahoo.co.id","Jl. Siliwangi No. 39, Mataram, Sumatera Selatan 02136",9919684075473864
2302,Anastasia Yulianti,M,1981-06-29,3274012906815351,+628334949236,87477313341170,5172935597328681,anastasia_yulianti67@outlook.com,"Jalan Waringin No. 7, Balikpapan, Jawa Tengah 49072",9935890308493425
2303,"Silvia Ramadan, M.TI.",F,1977-07-19,6101015907773175,08520615598,9377522356,5251519275410670,"silvia_ramadan,_m.ti.527@ymail.com","Jalan Pacuan Kuda No. 1, Pariaman, DI Yogyakarta 88379",9948651394037743
2304,Hj. Puput Sitompul,F,1989-06-07,3101014706895371,08844191116,38125954,5150434426204719,hj.puputsitompul866@ymail.com,"Jl. Cihampelas No. 8, Kota Administrasi Jakarta Utara, Sulawesi Selatan 39536",9981485576510838
2305,"Eka Prasasta, S.E.",M,1987-01-28,3202012801879557,085995343306,14523692382205,4258028946830534,"eka_prasasta,_s.e.846@gmail.com","Gg. Monginsidi No. 11, Palangkaraya, Jawa Timur 06780",9983961864115677
2306,Tgk. Kiandra Lestari,F,1958-09-11,3602015109588271,085248646659,3385712122701,4923573739325016,tgk.kiandralestari@outlook.com,"Jalan Jakarta No. 0, Kupang, Sulawesi Tengah 20836",9970359643882824
2307,drg. Gaiman Mardhiyah,F,1962-02-17,3171015702623685,08525371809,63377531,5184794331521667,drg._gaiman_mardhiyah704@hotmail.com,"Jl. Cihampelas No. 8, Tanjungpinang, YO 32776",9957609027271962
2308,Vanya Nainggolan,M,1956-07-30,5101013007564214,08167878300,625758364928966,6011810630072188,vanya.nainggolan778@hotmail.com,"Gg. Stasiun Wonokromo No. 9, Pagaralam, PA 41698",9957239606519416
2309,Yusuf Agustina,M,1968-10-06,7102010610682643,08520886429,31474935494,4097587769879608,yusufagustina@ymail.com,"Gg. Soekarno Hatta No. 18, Manado, KI 77778",9997267677481862
2310,Malik Suryatmi,M,1974-10-08,3402010810744398,081562931770,4096694162,4315915731430592,malik_suryatmi118@gmail.com,"Gg. Ciumbuleuit No. 8, Palembang, LA 89239",9961070976722953
2311,Ani Suryono,M,2003-02-04,3402010402030442,+6285818386040,922283280,4655642458197237,anisuryono@yahoo.co.id,"Gang Abdul Muis No. 567, Bukittinggi, Jambi 82959",9933464654749833
2312,Vino Widodo,M,1985-03-15,3103011503857168,085173366053,552490541323,5315357953945594,vino.widodo@hotmail.com,"Gg. Tubagus Ismail No. 294, Jayapura, Sumatera Selatan 43741",9998002573482931
2313,Rahmi Pudjiastuti,M,1988-12-20,3302012012885095,08996531933,3035461280543,5413225560010144,rahmipudjiastuti350@outlook.com,"Gang Gedebage Selatan No. 861, Ambon, Sumatera Barat 93132",9970233643378173
2314,Caturangga Wastuti,F,1988-10-28,3274016810887564,08176232986,989186359,6011124704312404,caturangga.wastuti@hotmail.com,"Jalan Setiabudhi No. 165, Mataram, PA 74863",9997299744163164
2315,R. Adikara Widiastuti,M,1989-06-24,3204012406899631,+628144171019,5022480642048,5463320026839705,r..adikara.widiastuti@hotmail.com,"Gang Cikutra Barat No. 57, Pematangsiantar, LA 09600",9956839046974701
2316,Yunita Latupono,M,1995-07-08,7102010807951867,08113611506,7613961107647,5140361840614857,yunita_latupono@gmail.com,"Jalan Ciwastra No. 66, Tanjungbalai, JI 45697",9924132647019722
2317,Kajen Hutasoit,M,1993-02-20,6101012002934739,083803207726,668493314,5368463883486302,kajen.hutasoit537@hotmail.com,"Gg. Wonoayu No. 57, Mataram, BB 06834",9910261482854575
2318,Hamzah Damanik,M,1997-01-19,3402011901972527,+6288531295431,45294723,5400672825244233,hamzah.damanik@gmail.com,"Jl. Medokan Ayu No. 99, Semarang, RI 08187",9936354811336531
2319,Dr. Argono Suwarno,F,1996-02-18,5102015802963442,+628181769797,622059798845,5242730581630819,dr.argonosuwarno@yahoo.co.id,"Jl. Veteran No. 487, Magelang, Gorontalo 61937",9983666833385163
2320,"R. Endah Yolanda, M.Ak",M,1988-04-14,3401011404889377,087726768798,15912797288246,5158593210985561,"r._endah_yolanda,_m.ak837@outlook.com","Gang Lembong No. 213, Tasikmalaya, Maluku Utara 79990",9911565712642133
2321,Fitria Siregar,M,2004-11-16,5103011611048728,08536889851,757816917,5131404153548131,fitria_siregar@outlook.com,"Jalan Pacuan Kuda No. 636, Palopo, SU 71510",9982352858387052
2322,Heru Laksita,M,1970-08-04,3174010408700281,08780935744,569507141,6011580465721182,heru_laksita@ymail.com,"Gang Rungkut Industri No. 93, Tebingtinggi, JB 96737",9946573941828483
2323,Nadine Sihotang,M,1959-07-05,3303010507597655,08215651169,17784031059532,5208580426726967,nadine_sihotang@hotmail.com,"Jl. Astana Anyar No. 4, Kota Administrasi Jakarta Selatan, BA 89443",9993325599861693
2324,"Paris Mandala, S.Sos",F,1985-06-10,5101015006854410,08335976924,9403526212040,5384437100315399,"paris.mandala,.s.sos@hotmail.com","Jalan Moch. Toha No. 6, Pasuruan, KR 89969",9916105502642689
2325,KH. Jatmiko Maryati,F,2002-04-12,3104015204027354,08381586904,429311371,5434830863701265,kh._jatmiko_maryati745@gmail.com,"Gg. Gedebage Selatan No. 3, Sawahlunto, BT 90444",9994672877677389
2326,Jagapati Habibi,F,1980-05-26,3271016605804532,08534883144,1401807949,5400659534795767,jagapati_habibi@ymail.com,"Gang Pasteur No. 27, Batam, BE 47287",9917195948323166
2327,Jaga Simanjuntak,M,1970-03-08,3105010803701545,08571070324,222463948418498,5393502850146894,jaga_simanjuntak@hotmail.com,"Gg. Sukabumi No. 378, Sabang, Bali 56899",9982536832970215
2328,"Unggul Budiyanto, M.Pd",F,1992-06-06,3501014606927062,+628957027759,172483516,5301037756586959,"unggulbudiyanto,m.pd946@outlook.com","Gang Abdul Muis No. 7, Bandar Lampung, GO 99392",9939441223284079
2329,Mila Suryatmi,F,2008-05-29,3103016905082843,085166458071,74570024,5329566805119479,mila.suryatmi326@ymail.com,"Jalan Dipatiukur No. 71, Denpasar, SR 78616",9926739142434448
2330,"Sutan Prakosa Purwanti, S.Sos",M,2003-12-03,3602010312038409,08781400023,83605171364459,5523649979851240,"sutan_prakosa_purwanti,_s.sos@hotmail.com","Jl. Kiaracondong No. 624, Langsa, Bali 66549",9994771258233381
2331,Prayogo Sihotang,F,1981-06-25,3601016506819767,08161831425,61837339184,5586061504854873,prayogo_sihotang@ymail.com,"Gang Pacuan Kuda No. 95, Bima, Jawa Barat 76208",9914268955953949
2332,"Puti Tira Nugroho, M.TI.",M,1990-06-05,3174010506908279,085109646642,282754307141,5347157499647237,"puti_tira_nugroho,_m.ti.946@gmail.com","Jl. Astana Anyar No. 9, Banda Aceh, Nusa Tenggara Timur 65045",9920633143475125
2333,Raina Andriani,F,1976-10-11,3502015110761179,081802794049,21172478914653,5546192400120299,rainaandriani600@hotmail.com,"Jl. Lembong No. 152, Balikpapan, Kepulauan Riau 57584",9953365058157040
2334,Jail Anggraini,M,1992-10-01,5101010110922878,083831293404,274560267,6011140620963173,jailanggraini980@hotmail.com,"Gg. Cihampelas No. 9, Kendari, KI 56942",9994613226811041
2335,T. Edi Sinaga,F,1956-04-14,3273015404564136,+6285860098678,11330349,4257510819390159,t._edi_sinaga@hotmail.com,"Jalan Veteran No. 2, Banjarbaru, SR 10318",9966048493302747
2336,"Martana Laksita, S.H.",M,1971-10-14,3601011410719249,087719753989,869094158631,5459035790622480,"martana.laksita,.s.h.@ymail.com","Jalan Lembong No. 65, Kotamobagu, Sulawesi Selatan 20384",9977669437465208
2337,Mutia Wulandari,M,1995-01-13,5103011301956843,08771402007,20652677676,5191710434106285,mutia_wulandari714@outlook.com,"Gang Tebet Barat Dalam No. 198, Tarakan, Sumatera Selatan 43535",9995047348051565
2338,"Eluh Najmudin, S.Psi",M,2002-07-17,3104011707021405,089911478824,664264396,5445915116131486,"eluhnajmudin,s.psi@ymail.com","Jalan Yos Sudarso No. 8, Tual, KU 75134",9956958293708603
2339,Samiah Saputra,M,1997-01-15,3202011501976250,08160137189,8665268530,5344014366446909,samiah.saputra281@outlook.com,"Gg. Jayawijaya No. 405, Yogyakarta, Kepulauan Riau 51206",9998288546375394
2340,"Lutfan Yuliarti, S.Farm",F,1988-07-09,3173014907882064,08988933194,4524880719,5563142918516868,"lutfan.yuliarti,.s.farm@hotmail.com","Gang Lembong No. 7, Magelang, Kalimantan Utara 31584",9990076352281046
2341,Prakosa Riyanti,M,1975-08-28,7101012808751900,083132483191,396894572998,6011726071870976,prakosa_riyanti139@gmail.com,"Jl. Raya Ujungberung No. 00, Tegal, KT 95078",9995972323946152
2342,Tasnim Siregar,M,1982-01-09,5101010901821861,085838849583,458497277913,5250948326167642,tasnim_siregar419@ymail.com,"Jl. Pasteur No. 3, Tidore Kepulauan, Jawa Timur 20555",9953017795627462
2343,"Kezia Maulana, M.TI.",F,1993-05-20,7301016005936135,+6289778634058,80468322,5335947145534018,"kezia.maulana,.m.ti.589@outlook.com","Gang Sentot Alibasa No. 7, Kediri, KU 31095",9972441347294864
2344,Dr. Kacung Thamrin,M,1959-07-03,5101010307593140,08997434875,12980965,5290421685163576,dr._kacung_thamrin@ymail.com,"Jl. Tebet Barat Dalam No. 5, Denpasar, SS 97830",9975139965683934
2345,Kanda Suartini,M,1992-01-18,6101011801928849,085816456939,2611995882,5227810830007533,kanda_suartini@hotmail.com,"Gang KH Amin Jasuta No. 0, Tomohon, LA 62567",9932927253582778
2346,Vino Manullang,F,1955-05-27,3502016705559739,08136264433,8885574926,6011277730236032,vino.manullang434@gmail.com,"Gang M.T Haryono No. 50, Surakarta, JB 75204",9958581971392334
2347,Cut Malika Suwarno,M,1976-10-31,5103013110763600,08535177188,594423181140731,6011919756832672,cut.malika.suwarno275@outlook.com,"Gang Jayawijaya No. 77, Singkawang, Jawa Timur 24440",9939851827231255
2348,Makara Januar,F,1992-01-17,7101015701926474,087872230308,98705676802,6011034723312270,makarajanuar@gmail.com,"Jl. Cikutra Timur No. 036, Denpasar, YO 94261",9989098523747636
2349,"dr. Heryanto Wijayanti, S.Farm",F,2008-01-25,3174016501083276,085948077383,4653596856838,6011905052686679,"dr._heryanto_wijayanti,_s.farm377@hotmail.com","Jl. Rajiman No. 9, Malang, KB 56520",9966186863636572
2350,Xanana Nababan,M,1984-07-28,3171012807849289,08563740063,584031338377,5228428517756568,xanana_nababan551@outlook.com,"Gg. Ciwastra No. 8, Cirebon, DKI Jakarta 29007",9986785962144792
2351,"H. Harjo Waluyo, S.T.",M,1971-02-25,3501012502715394,081736805245,2706495276165,5232266426519763,"h..harjo.waluyo,.s.t.@outlook.com","Jalan PHH. Mustofa No. 831, Pasuruan, Jawa Barat 24644",9910216095399189
2352,Harjasa Hardiansyah,F,1980-10-26,5102016610800039,+628787876634,42383562737,4191820604540962,harjasahardiansyah@yahoo.co.id,"Gang H.J Maemunah No. 778, Batu, BB 81007",9918687989384338
2353,Cut Olivia Wijayanti,M,1963-11-26,3272012611633404,08196551287,58195714639,5309035529709653,cut.olivia.wijayanti86@outlook.com,"Jl. Suryakencana No. 705, Kota Administrasi Jakarta Timur, SG 58575",9978402295380007
2354,Timbul Prasetyo,M,1979-07-04,3105010407798643,+628569769113,46589427838,4645376614180139,timbul_prasetyo@hotmail.com,"Gang KH Amin Jasuta No. 4, Sibolga, DKI Jakarta 99993",9985346339276119
2355,Paris Suryono,F,1995-04-18,3272015804951619,+6289514227541,8568542066712,5294434854209866,paris.suryono832@ymail.com,"Jl. Cihampelas No. 0, Lubuklinggau, KT 43049",9981535591414646
2356,Akarsana Hariyah,M,1999-05-17,7101011705999248,08554281123,4828877787,5113503574339503,akarsanahariyah@ymail.com,"Jl. Suniaraja No. 55, Palopo, Nusa Tenggara Timur 96416",9984468038605128
2357,Ganep Hutapea,F,1966-08-06,3274014608660033,08177419888,73183674633034,6011946702768065,ganep_hutapea36@ymail.com,"Jl. Cikapayang No. 582, Parepare, Kalimantan Barat 33080",9937595371544891
2358,"Hana Puspasari, S.Ked",M,1997-06-25,3204012506973099,081190355641,1906912218,5480326310138807,"hanapuspasari,s.ked699@yahoo.co.id","Jl. Soekarno Hatta No. 0, Langsa, KI 65772",9999422838750373
2359,Ibun Kurniawan,F,1960-03-21,3102016103609937,08141912266,6383735799873,5268939185214791,ibun_kurniawan@ymail.com,"Jl. Kapten Muslihat No. 66, Medan, JB 52673",9992834543493840
2360,Calista Hidayanto,M,1999-12-06,7301010612993375,08138547289,311458561978,4481890290181811,calista_hidayanto37@yahoo.co.id,"Gg. Jayawijaya No. 86, Padangpanjang, Maluku 47359",9947789560623593
2361,Pia Purnawati,M,2000-07-26,3271012607008590,08220705737,97140961984,5122032544081375,pia.purnawati727@outlook.com,"Gang K.H. Wahid Hasyim No. 25, Palembang, PB 73951",9923968291720334
2362,Ami Prasetyo,M,1976-03-01,3302010103761027,085865130679,48434631847,5312406293789547,ami.prasetyo861@outlook.com,"Jalan Dipenogoro No. 09, Tasikmalaya, Bengkulu 15199",9977731244086722
2363,"Salwa Usamah, S.H.",M,2006-04-18,3102011804060920,08828418894,9471368643681,5181173105215627,"salwa_usamah,_s.h.@gmail.com","Gg. Rajiman No. 25, Batu, DKI Jakarta 95338",9927677192631249
2364,Hartana Mahendra,M,1996-12-25,3203012512962400,+6281547696503,1773095597714,5169171591204646,hartana_mahendra302@yahoo.co.id,"Jl. Raya Ujungberung No. 6, Banjarbaru, Kalimantan Selatan 98051",9947063290688069
2365,Eluh Pangestu,M,1989-09-17,3105011709899936,088166993464,8520724863113,5233813201607625,eluh_pangestu@outlook.com,"Jalan Raya Ujungberung No. 80, Palembang, KU 72441",9913975987778438
2366,Kayla Megantara,M,1993-03-21,3601012103938861,+628596972257,310726427,5151609647716530,kayla_megantara@hotmail.com,"Jalan Asia Afrika No. 6, Payakumbuh, Maluku 93268",9993813869877217
2367,Putri Laksmiwati,F,1967-12-20,7101016012670254,087718187817,86329237,5123514235443243,putri.laksmiwati535@yahoo.co.id,"Jalan Veteran No. 2, Sabang, Maluku 48262",9982662845596407
2368,Darmana Jailani,M,1978-11-13,3273011311787119,08856882708,1213608060831,5574274489988161,darmanajailani@hotmail.com,"Jl. Otto Iskandardinata No. 7, Padang, Kalimantan Timur 04197",9951221861206635
2369,"Hafshah Rajata, M.M.",M,2007-11-06,3601010611072981,08324118556,20828834690906,5455456335252611,"hafshah_rajata,_m.m.@outlook.com","Jl. Rajawali Barat No. 96, Tual, JA 92175",9928843851691692
2370,Dirja Wahyudin,F,1959-02-09,3173014902597020,08333602651,45373234290004,5366945926808730,dirja.wahyudin@ymail.com,"Gang H.J Maemunah No. 05, Sorong, Bali 74580",9955911600006870
2371,Ira Nasyidah,M,1981-05-21,3105012105813600,+628331454615,6519675776164,5580421000621827,ira.nasyidah794@ymail.com,"Jl. R.E Martadinata No. 3, Cirebon, SG 07833",9938713685069473
2372,Puput Nugroho,F,1974-02-13,3201015302748926,08971489044,3666457026914,5404054127334501,puputnugroho790@outlook.com,"Jalan Peta No. 8, Meulaboh, Aceh 53417",9936502960382061
2373,"dr. Ira Wasita, S.IP",F,1978-02-07,3105014702788685,+6281962362288,17135796699435,5395139475943490,"dr._ira_wasita,_s.ip463@ymail.com","Jl. BKR No. 1, Tangerang, SG 91298",9974245096849056
2374,Wage Sihotang,M,1999-06-17,3402011706993005,+628813006277,213569471267365,4733140749006839,wagesihotang167@yahoo.co.id,"Jl. HOS. Cokroaminoto No. 71, Palembang, SB 56853",9933600544939670
2375,Cut Zahra Rahayu,M,1999-11-26,3172012611999543,+6281112088583,7335368530241,5586572364030675,cut_zahra_rahayu@ymail.com,"Gang Rajiman No. 4, Pontianak, Aceh 08922",9973645825943463
2376,Setya Waskita,F,1985-10-14,3302015410855203,08594766390,62952635904342,4757766130306010,setyawaskita326@outlook.com,"Gang Stasiun Wonokromo No. 4, Bukittinggi, KU 64526",9937236500825070
2377,drg. Cager Novitasari,M,1989-10-08,7102010810899023,08182478930,1554381285,5582943800241264,drg.cagernovitasari@yahoo.co.id,"Gg. Raya Setiabudhi No. 26, Balikpapan, Aceh 98018",9953391743546015
2378,Dt. Adiarja Prayoga,M,1996-09-15,3302011509969159,083180132644,809748653128,5555279936625486,dt.adiarjaprayoga@gmail.com,"Jalan Erlangga No. 2, Pontianak, Sulawesi Utara 20307",9942006331799377
2379,"Drs. Bella Anggraini, M.Farm",M,1959-01-07,5101010701594122,088204187786,88180659,5333814359733518,"drs..bella.anggraini,.m.farm351@yahoo.co.id","Gg. Sukabumi No. 6, Binjai, Papua 15198",9922430725986780
2380,Salman Wastuti,F,1958-06-04,5102014406587297,081585309226,68238144932895,5279180533785124,salman.wastuti177@ymail.com,"Jl. Kutisari Selatan No. 28, Jambi, Nusa Tenggara Barat 49263",9948239945235528
2381,"Ir. Reza Namaga, M.Kom.",F,1985-06-03,3174014306850217,083214104886,67146847289630,5412196739712632,"ir._reza_namaga,_m.kom.917@yahoo.co.id","Jalan Cikapayang No. 2, Kendari, PA 88572",9938366026347668
2382,"Darman Saptono, S.Sos",M,2003-05-24,3273012405034792,081207085176,2610277988533,5596193810782835,"darman_saptono,_s.sos466@gmail.com","Jalan Kapten Muslihat No. 0, Madiun, Sumatera Barat 30296",9929571571720084
2383,"Restu Rahimah, S.Gz",M,1959-11-15,5103011511599402,083209321418,497901740397,5123421543800720,"resturahimah,s.gz@yahoo.co.id","Gang Ahmad Yani No. 20, Pangkalpinang, SS 45481",9959213544945000
2384,Drs. Yusuf Lazuardi,F,1998-12-06,7101014612989643,085168564922,52172540,4486127139053622,drs._yusuf_lazuardi73@outlook.com,"Gang M.T Haryono No. 87, Semarang, BB 09262",9921595478794224
2385,"Dr. Hasta Situmorang, M.Pd",M,1985-01-20,3302012001853375,08839695946,3405807365,5311874074991158,"dr._hasta_situmorang,_m.pd@gmail.com","Jl. Cikutra Barat No. 0, Palu, Bali 97435",9991215060337034
2386,"Cakrajiya Wahyuni, M.Ak",F,1979-04-26,3104016604796554,08195070192,1508661091650,5293980504421850,"cakrajiya.wahyuni,.m.ak@gmail.com","Gang KH Amin Jasuta No. 80, Pagaralam, Aceh 15812",9964424285577983
2387,Zamira Mangunsong,M,1997-05-09,3602010905975491,+628576564369,1754255234,5593241568807287,zamira_mangunsong@gmail.com,"Gang Ronggowarsito No. 0, Bogor, NT 90672",9940835665901690
2388,Victoria Anggraini,F,1971-11-10,3172015011711937,08855105119,24504115822,5425857702980717,victoriaanggraini786@outlook.com,"Gang Jamika No. 87, Kotamobagu, Sulawesi Tenggara 30835",9958382927383209
2389,"Kawaca Suartini, S.Ked",M,1978-12-11,6101011112785913,08335581366,980097245,6011955212215561,"kawacasuartini,s.ked@hotmail.com","Gg. Pacuan Kuda No. 74, Pekalongan, Aceh 20223",9946780636018636
2390,"Drs. Jati Situmorang, M.M.",M,1956-01-16,3203011601565303,+6289677562691,3710697675,5558311081234898,"drs..jati.situmorang,.m.m.@yahoo.co.id","Jalan S. Parman No. 65, Mataram, Nusa Tenggara Timur 25868",9951001431747184
2391,Puput Tarihoran,F,1972-09-11,3272015109721914,088459817608,89466130,5103562213506470,puput.tarihoran@ymail.com,"Gang S. Parman No. 82, Lhokseumawe, Sumatera Selatan 13000",9985013210571413
2392,Hana Waskita,F,1964-09-13,3502015309640198,08221330571,2959337251338,5339975468238573,hana.waskita@hotmail.com,"Jl. Peta No. 98, Bogor, BB 47041",9940259966709071
2393,Kasiyah Firgantoro,M,1992-06-10,3203011006920614,08773990265,75093730016388,4772201032831112,kasiyah.firgantoro@ymail.com,"Jl. Ronggowarsito No. 695, Batam, SU 96138",9975025180614574
2394,"dr. Safina Susanti, S.I.Kom",F,1990-01-14,5102015401902514,083246947130,1610283496,5506164831230682,"dr..safina.susanti,.s.i.kom178@ymail.com","Jl. Joyoboyo No. 1, Kota Administrasi Jakarta Barat, JT 19977",9976717559933248
2395,Karma Ardianto,M,1994-01-10,3272011001941000,085327061226,24245864145823,4384287333077378,karma_ardianto219@outlook.com,"Gang PHH. Mustofa No. 604, Semarang, Sumatera Utara 92714",9975538071687651
2396,Queen Saputra,F,1967-04-10,3501015004674870,+628113055412,383594610601,5203367691235791,queen.saputra@gmail.com,"Gg. Ronggowarsito No. 88, Tasikmalaya, SS 16187",9936421072404459
2397,Ina Sihotang,M,1998-09-10,3273011009986512,089790620709,89514316585577,5244816071721565,ina_sihotang198@yahoo.co.id,"Jl. Wonoayu No. 52, Tanjungbalai, Sulawesi Tengah 05312",9993719459130479
2398,Hairyanto Simanjuntak,F,2008-10-28,3203016810083265,082106487102,59396411,5374494013616079,hairyanto_simanjuntak@gmail.com,"Jl. Medokan Ayu No. 4, Solok, PA 69559",9913288675907166
2399,Manah Narpati,M,2002-03-30,3101013003028827,085602562028,7204389500541,5116587120501224,manahnarpati@outlook.com,"Jl. Yos Sudarso No. 3, Gorontalo, GO 59412",9931329782707228
2400,"H. Elon Simbolon, M.Farm",M,1994-12-27,3174012712945073,083312963115,271626782145674,5575026158618612,"h.elonsimbolon,m.farm@hotmail.com","Gg. M.T Haryono No. 245, Payakumbuh, DI Yogyakarta 62743",9973174143999966
2401,"T. Lembah Mahendra, M.TI.",M,1973-03-10,5103011003736582,08237988674,8378626591179,5463911792388837,"t._lembah_mahendra,_m.ti.@hotmail.com","Gg. Cikutra Barat No. 317, Subulussalam, BT 81060",9964337798789005
2402,"Dr. Kayla Pradipta, S.Pd",M,1997-05-24,3601012405973462,+628848692732,477424435648078,5440627930579648,"dr..kayla.pradipta,.s.pd563@yahoo.co.id","Gg. Veteran No. 263, Tebingtinggi, PA 41629",9950085821932139
2403,"Wardaya Lailasari, S.Gz",F,1998-08-31,3102017108982683,+6281944287223,14005129486,5435049536403529,"wardaya_lailasari,_s.gz@yahoo.co.id","Jl. Siliwangi No. 1, Tangerang, Kalimantan Timur 17236",9938123471551651
2404,Aurora Saptono,F,2005-01-20,3271016001053684,08336398384,5812008954,4352622898108506,aurora.saptono@ymail.com,"Gg. Cikapayang No. 2, Magelang, LA 22405",9978710596676626
2405,Wani Prakasa,F,2005-04-20,3303016004057674,08190503197,270878223,5455476847675068,wani.prakasa287@outlook.com,"Jl. Merdeka No. 0, Kota Administrasi Jakarta Timur, Papua 75234",9992214298817818
2406,Ani Wahyudin,F,1957-12-28,3204016812574890,+6281640766444,29208412220387,5567384291846128,ani.wahyudin@ymail.com,"Gg. Siliwangi No. 63, Semarang, YO 84399",9952112735628234
2407,Paris Wibisono,F,1997-03-21,3273016103974677,081353402926,416785043744319,5354239728018700,paris_wibisono@ymail.com,"Gang Rajiman No. 3, Pontianak, Aceh 92660",9959784060157555
2408,Ajeng Sihombing,M,1986-06-04,3272010406861912,083107914813,9108604415,5438509818149698,ajeng_sihombing278@yahoo.co.id,"Jalan Dr. Djunjunan No. 50, Padang Sidempuan, RI 58990",9923445204168026
2409,Patricia Widodo,F,1990-01-26,5102016601904298,+628573434118,2486402294830,5522048728743947,patricia.widodo707@ymail.com,"Jl. Jend. A. Yani No. 20, Kendari, BA 63191",9964911001902808
2410,"drg. Zulaikha Pratiwi, M.Kom.",M,2002-01-19,3175011901023910,085218071780,69854173234251,5186175565173941,"drg..zulaikha.pratiwi,.m.kom.@gmail.com","Jalan Sadang Serang No. 1, Langsa, Jawa Tengah 28612",9998706729234804
2411,Candrakanta Puspasari,F,1999-04-06,3273014604999351,08194852058,185412447884300,5550735353244493,candrakanta.puspasari598@outlook.com,"Jalan Gegerkalong Hilir No. 4, Langsa, JB 49224",9974667578037412
2412,Daru Mustofa,F,1968-02-29,3175016902682188,088500342225,777516663031,5321162442169616,darumustofa900@outlook.com,"Jl. Kebonjati No. 789, Probolinggo, Jawa Timur 35097",9910356654897725
2413,"Gina Sitorus, S.H.",M,1985-11-02,3301010211850934,08849366666,18955883710355,5445377973417404,"gina_sitorus,_s.h.@hotmail.com","Jalan KH Amin Jasuta No. 62, Ternate, Sumatera Utara 67640",9993713039487198
2414,KH. Usman Riyanti,M,2003-10-16,3175011610032287,+628525887043,90468990,4988656733459840,kh..usman.riyanti764@gmail.com,"Jalan Sukabumi No. 408, Ambon, SG 90633",9956142821098580
2415,Jayeng Nainggolan,M,1975-07-22,3204012207757316,08968950200,3956426245861,5147615400128803,jayeng.nainggolan@hotmail.com,"Gang Jamika No. 17, Pagaralam, Kalimantan Barat 45989",9985222579478463
2416,Zelaya Hasanah,M,1980-08-17,3204011708805867,+628556772243,79542231,4125128337079000,zelaya.hasanah@yahoo.co.id,"Jalan S. Parman No. 146, Serang, Jawa Timur 22833",9998803938018028
2417,"R. Daliman Mardhiyah, S.Psi",M,1983-05-27,5101012705839275,+628566632418,578415235,5482803124387014,"r._daliman_mardhiyah,_s.psi@gmail.com","Gg. Kutisari Selatan No. 627, Yogyakarta, Lampung 14412",9914394976386560
2418,Cengkal Rahayu,M,1972-01-13,5101011301728788,08179293372,559355062942047,5333011205144982,cengkal_rahayu135@outlook.com,"Gang Cempaka No. 0, Samarinda, Kalimantan Timur 04629",9989132839468944
2419,Margana Haryanti,F,1992-07-22,3701016207921172,+628122739786,778850518,4970131508062722,marganaharyanti486@gmail.com,"Jalan Sadang Serang No. 3, Tasikmalaya, SU 89591",9977749503078817
2420,"Drs. Ajimin Siregar, S.H.",M,1994-09-15,3103011509942756,085523223097,22682133,5223743622398275,"drs..ajimin.siregar,.s.h.19@outlook.com","Gang Siliwangi No. 5, Pekanbaru, Kalimantan Barat 72323",9996522732657732
2421,Agnes Purwanti,F,1955-12-20,3104016012559375,08994227934,1752277588,6011871436539343,agnes_purwanti617@gmail.com,"Gang S. Parman No. 67, Pangkalpinang, NT 91483",9927601638679575
2422,"Harjasa Tarihoran, S.Gz",F,1995-03-03,3174014303954398,081956594836,308945612107579,4882661701363537,"harjasa.tarihoran,.s.gz2@outlook.com","Gg. Kapten Muslihat No. 252, Subulussalam, BB 10556",9932261488661570
2423,Belinda Megantara,F,1964-10-26,7101016610642823,+628857535948,268213385166318,5298341345708178,belinda_megantara@hotmail.com,"Gang H.J Maemunah No. 0, Banjarbaru, MU 47033",9940967612197986
2424,Ella Suwarno,F,1978-02-14,3204015402787781,+6281853095276,90056347438,6011288259978549,ella_suwarno814@hotmail.com,"Jl. Bangka Raya No. 43, Padang Sidempuan, YO 34037",9987096014962956
2425,Tirtayasa Santoso,F,1959-01-21,3172016101594585,08826067924,33182059046,5440894094347472,tirtayasasantoso789@ymail.com,"Jl. Rumah Sakit No. 6, Sungai Penuh, Bali 31225",9982574143013561
2426,"drg. Ika Rahmawati, M.M.",M,1964-01-14,3601011401648359,08964583140,247270393954983,5233622967750636,"drg.ikarahmawati,m.m.752@ymail.com","Jalan Bangka Raya No. 64, Cilegon, SS 30707",9934476494174301
2427,"Azalea Hidayat, S.Gz",F,1983-07-09,3402014907834311,081318458623,77743414671,5301645273529012,"azalea.hidayat,.s.gz213@yahoo.co.id","Gang Ahmad Dahlan No. 569, Blitar, Gorontalo 87490",9964166945582722
2428,Restu Hidayat,F,1956-08-03,3501014308564732,083145004017,85200349941152,5492644084108671,restu.hidayat@yahoo.co.id,"Jalan Kebonjati No. 1, Salatiga, Kalimantan Barat 49930",9956875348878955
2429,Icha Hakim,F,1993-09-17,3602015709935920,088587476851,9632731129,5429883804169938,icha_hakim974@ymail.com,"Jl. Cikutra Barat No. 04, Batu, BA 50315",9910637553085244
2430,drg. Kunthara Simanjuntak,F,1994-07-09,3274014907942690,083175849319,462714172228,5104867828853786,drg..kunthara.simanjuntak@hotmail.com,"Jalan Bangka Raya No. 51, Binjai, Kepulauan Bangka Belitung 51560",9966370132673794
2431,Emas Mustofa,M,1985-10-26,3201012610854836,08111646671,398624829229,6011432271152351,emasmustofa@hotmail.com,"Jl. Cikutra Timur No. 38, Binjai, GO 11162",9925940996160033
2432,Zulfa Kuswoyo,M,2001-12-03,3103010312010608,+6283205827991,286905638040,4455252654606795,zulfa.kuswoyo@yahoo.co.id,"Jalan Pasirkoja No. 061, Madiun, AC 72553",9984098381701952
2433,"Ani Mandasari, S.Kom",M,1961-10-09,3602010910616731,08589567550,747891339007462,5469110506835872,"ani_mandasari,_s.kom394@yahoo.co.id","Jl. Abdul Muis No. 25, Probolinggo, MA 24088",9924933121265735
2434,"Dt. Okta Suryatmi, S.Farm",F,1978-10-22,3271016210789974,088540537670,610612520,5305799341214888,"dt._okta_suryatmi,_s.farm90@hotmail.com","Jl. Tubagus Ismail No. 109, Batu, Gorontalo 00998",9978748773047525
2435,"Ir. Mila Kusumo, M.Farm",F,1961-05-19,3502015905610744,083107377118,5205125322,4619417371442145,"ir..mila.kusumo,.m.farm@ymail.com","Gang Ciumbuleuit No. 94, Manado, Kepulauan Bangka Belitung 45026",9919011570338809
2436,"Cawuk Kuswandari, S.H.",M,1978-03-27,3176012703788214,+6285886355775,395412521116973,6011665408004384,"cawuk_kuswandari,_s.h.785@yahoo.co.id","Gang M.H Thamrin No. 105, Yogyakarta, JI 72430",9950237497907176
2437,Nadine Mandasari,M,1994-12-14,7301011412947041,081239009058,469565656,5363308025437319,nadine_mandasari460@ymail.com,"Gang S. Parman No. 070, Kota Administrasi Jakarta Pusat, Bengkulu 51331",9974997892735621
2438,Ratih Nugroho,F,2008-11-08,3175014811085078,083860625104,9017454696,5326489730123197,ratihnugroho810@outlook.com,"Gg. Sukajadi No. 620, Palopo, Jawa Tengah 12660",9932722043758643
2439,dr. Wasis Rahmawati,F,2002-10-26,5102016610029747,087836064962,758860812511339,5497727094168408,dr._wasis_rahmawati@hotmail.com,"Jl. M.H Thamrin No. 03, Tidore Kepulauan, KB 67360",9943463911628355
2440,Ghaliyati Putra,F,1997-01-13,3601015301971291,+6281328360065,90314137592612,5340407982063310,ghaliyati_putra@outlook.com,"Gg. Suniaraja No. 6, Pagaralam, Aceh 50800",9995987318407390
2441,Mustika Sudiati,M,1973-07-23,3601012307734453,08157121138,370839715,6011348713408393,mustika_sudiati933@outlook.com,"Gg. Medokan Ayu No. 2, Banjarbaru, Sumatera Selatan 55644",9922067274735510
2442,Ir. Ulva Suwarno,M,1998-05-30,3204013005986129,08312576500,549142234719057,6011417932154408,ir.ulvasuwarno569@hotmail.com,"Jalan Veteran No. 605, Tanjungpinang, Kalimantan Barat 76191",9925856075592581
2443,R. Opung Saragih,M,1996-05-18,3601011805961873,08825269814,206956251465892,5569631777181304,r.opungsaragih@yahoo.co.id,"Gang Kendalsari No. 321, Palembang, Kepulauan Riau 17675",9934838181931425
2444,"Salwa Gunarto, S.T.",F,1975-04-07,6101014704753914,08173196600,599453110290366,5440741983877317,"salwagunarto,s.t.494@ymail.com","Jalan Dr. Djunjunan No. 75, Cirebon, Maluku Utara 83860",9919680153173621
2445,Cut Gabriella Anggraini,M,2004-03-14,3273011403043542,081685821062,7240892602,6011624987249587,cut.gabriella.anggraini441@yahoo.co.id,"Gang Siliwangi No. 75, Yogyakarta, MU 53474",9929872861573473
2446,Jamal Adriansyah,M,1966-02-12,3105011202663413,082241393850,803549157514044,5253760067733067,jamal_adriansyah375@outlook.com,"Gg. R.E Martadinata No. 037, Ambon, Jambi 32082",9923040302046857
2447,Cinta Waskita,M,2000-12-14,3501011412001570,085516403248,67000711691,5341878614873148,cintawaskita844@gmail.com,"Gang Rajiman No. 8, Binjai, Riau 19076",9916971238045439
2448,Rahayu Hardiansyah,F,1969-04-16,3701015604695975,+6288131430171,68385277282897,6011585512244941,rahayuhardiansyah705@gmail.com,"Gang Ciumbuleuit No. 22, Pangkalpinang, ST 61054",9993106330231988
2449,"Dt. Cawisadi Wibowo, S.Ked",M,1997-05-12,3203011205976623,089748469093,46620570427877,6011112781613162,"dt.cawisadiwibowo,s.ked@yahoo.co.id","Gang Rumah Sakit No. 2, Tarakan, Sumatera Utara 68864",9916595196752702
2450,Ir. Gasti Nababan,M,2002-05-20,3701012005028381,083266572007,1813324125,5296013348536812,ir.gastinababan@ymail.com,"Jalan Rungkut Industri No. 802, Probolinggo, LA 61444",9979039608679642
2451,"Zulfa Prasetyo, M.M.",F,1967-04-20,3602016004677752,081971947125,47009111,5353775462840613,"zulfa_prasetyo,_m.m.@yahoo.co.id","Jl. Monginsidi No. 75, Ternate, Sulawesi Tenggara 76318",9980784239618810
2452,"Dodo Najmudin, M.Farm",M,1993-11-03,3601010311938038,089772985407,289162152938,5523141046871568,"dodo.najmudin,.m.farm@gmail.com","Gg. Kutai No. 785, Dumai, Lampung 15121",9970414836339456
2453,Nurul Waskita,F,1996-01-04,3271014401965260,083265046765,66057236,5547483092907672,nurul.waskita717@outlook.com,"Jl. Asia Afrika No. 65, Pekalongan, Jawa Timur 25658",9938098355226467
2454,R.A. Puti Sitompul,F,1962-04-10,3273015004621884,08822248845,3771131517678,5423551353275922,r.a..puti.sitompul@ymail.com,"Gang Medokan Ayu No. 03, Depok, SU 46690",9950040230151670
2455,Ida Sudiati,M,1983-06-19,3274011906838255,082187851453,3838664709863,5379433959564229,ida.sudiati77@hotmail.com,"Gg. Rumah Sakit No. 283, Malang, KS 70791",9985011781924632
2456,"T. Nrima Novitasari, M.Kom.",M,1988-07-31,5101013107882935,+6285380397278,33649569175784,5501366220633606,"t._nrima_novitasari,_m.kom.924@gmail.com","Gg. Cikutra Barat No. 3, Kota Administrasi Jakarta Utara, MU 29829",9957942461020159
2457,"Hafshah Situmorang, S.T.",F,2008-10-07,3401014710084340,+6281433798053,795787230,5344598305122065,"hafshah.situmorang,.s.t.941@gmail.com","Gg. Stasiun Wonokromo No. 1, Sungai Penuh, Sumatera Barat 25074",9922315977302198
2458,"R. Aurora Pangestu, M.Ak",F,1967-03-22,3103016203671280,08836977525,741574808663,4648959353610384,"r._aurora_pangestu,_m.ak310@gmail.com","Gg. Monginsidi No. 77, Magelang, AC 53576",9946251200714688
2459,"Darmaji Wijaya, M.M.",F,1993-09-17,3401015709936547,+628120053316,89658914,5476519017499389,"darmaji.wijaya,.m.m.474@ymail.com","Jalan Pasteur No. 474, Manado, DKI Jakarta 32956",9976599242300599
2460,Maras Saefullah,M,1977-08-30,6101013008774247,08997977004,3769595341074,5230320814018416,marassaefullah412@yahoo.co.id,"Gg. Rajawali Barat No. 5, Palembang, Sumatera Utara 75773",9938051046536881
2461,Betania Rajata,F,1958-06-17,3602015706580442,08319624897,929487126342,6011672437140824,betaniarajata725@outlook.com,"Gg. Otto Iskandardinata No. 19, Lhokseumawe, BA 09256",9992060338443998
2462,"Sutan Utama Wastuti, S.Psi",M,1991-10-01,3273010110915297,081701401525,40064641,5331358099456726,"sutanutamawastuti,s.psi@gmail.com","Jalan Medokan Ayu No. 7, Pariaman, PB 40234",9923901479624541
2463,Vanesa Maheswara,M,2005-11-29,3204012911051184,+6281717490646,240190848,5239313895571799,vanesamaheswara@outlook.com,"Jl. Cihampelas No. 02, Padangpanjang, NT 52936",9955983372728591
2464,Elma Hasanah,M,1981-01-22,3176012201814002,081433791802,32665282,6011648131224306,elmahasanah270@ymail.com,"Gang Antapani Lama No. 498, Sibolga, ST 95536",9970843850277912
2465,"Wakiman Narpati, S.E.",F,1990-09-03,3204014309901393,+628552071084,68928488159061,5429221426484760,"wakiman_narpati,_s.e.69@yahoo.co.id","Jalan Rumah Sakit No. 47, Manado, Sumatera Selatan 90187",9923740765219871
2466,"Rachel Marbun, M.M.",M,1976-01-03,6101010301768628,+628814618845,55243680170,5438797004085326,"rachel.marbun,.m.m.758@hotmail.com","Gg. Ir. H. Djuanda No. 7, Manado, Sumatera Utara 44302",9960317528649401
2467,Hj. Nadia Permadi,M,1999-08-27,3204012708996623,083260768231,676110225144,5348413269717932,hj..nadia.permadi940@ymail.com,"Jalan Pelajar Pejuang No. 294, Langsa, SN 98908",9948471764715356
2468,Farah Rajasa,M,1993-09-01,5103010109931098,087701639436,2122747319874,4621527381855691,farah_rajasa778@hotmail.com,"Gg. Cempaka No. 11, Palopo, Sulawesi Tenggara 78156",9960704228103362
2469,Endah Haryanto,M,1961-10-31,3502013110611528,08182079827,82207053,5220263496070854,endah.haryanto603@gmail.com,"Gang Ciwastra No. 873, Kupang, BA 19166",9922228489372043
2470,"H. Banawa Anggraini, S.E.",M,1977-08-23,3274012308772003,087738316153,93022377,5464439120923718,"h._banawa_anggraini,_s.e.@yahoo.co.id","Gang Suniaraja No. 182, Lhokseumawe, SG 24768",9949699948248637
2471,Mahfud Hasanah,M,1978-02-01,5102010102781167,+628589640760,14385286,5414132704391799,mahfudhasanah@gmail.com,"Jalan KH Amin Jasuta No. 89, Palu, Jawa Tengah 78523",9936499496784168
2472,Lembah Mardhiyah,M,2006-11-14,3105011411061695,08529387881,6656359729,5112368929756983,lembahmardhiyah409@outlook.com,"Gg. Cikutra Timur No. 734, Kota Administrasi Jakarta Timur, Jawa Barat 71155",9920182291407618
2473,Sidiq Najmudin,F,1983-03-06,3202014603839916,089769237601,443378048907,5529312286835128,sidiq.najmudin661@yahoo.co.id,"Jalan Cempaka No. 907, Palangkaraya, Sulawesi Tenggara 69313",9969349444769431
2474,"drg. Zelaya Salahudin, S.Psi",M,1960-06-16,3301011606604947,08552169090,79068287007,5325996214926144,"drg..zelaya.salahudin,.s.psi@ymail.com","Gg. PHH. Mustofa No. 550, Mataram, Kalimantan Utara 21012",9967979960557119
2475,Tami Waskita,F,1973-06-04,3303014406736267,+628846333193,5660937328,5101550675201868,tami.waskita@gmail.com,"Gg. Indragiri No. 9, Samarinda, ST 03170",9953307464490075
2476,Ir. Olga Mahendra,F,1974-09-03,3302014309744202,+6281990652272,91412145566,5245772008050807,ir._olga_mahendra365@hotmail.com,"Jl. Cikutra Timur No. 35, Medan, PB 67988",9980601329314290
2477,Ibrani Mardhiyah,F,1992-04-12,3103015204923494,082389983224,838666160107,5445098549915791,ibranimardhiyah367@gmail.com,"Gang Otto Iskandardinata No. 49, Bandar Lampung, RI 26739",9990088213062772
2478,Harja Damanik,F,1962-10-01,5102014110623028,085189402667,5388538053343,5165882768815088,harjadamanik@gmail.com,"Jalan Kendalsari No. 2, Bekasi, KB 74350",9997302081830557
2479,"Jayadi Namaga, S.E.",M,1978-06-24,5103012406787321,089582807273,84280588691503,4913712837900023,"jayadi_namaga,_s.e.@outlook.com","Jalan Gedebage Selatan No. 203, Tebingtinggi, Sumatera Selatan 99015",9941455609483953
2480,"Ir. Wasis Wastuti, S.I.Kom",F,2003-03-17,3274015703035606,088441437259,292289285027,5294060678370391,"ir..wasis.wastuti,.s.i.kom809@ymail.com","Gang Ciwastra No. 80, Pekanbaru, BT 04005",9974488671077824
2481,"Humaira Andriani, M.TI.",M,1992-01-18,3103011801922399,085539220307,1570266079029,5407812160490189,"humairaandriani,m.ti.@outlook.com","Jl. Pelajar Pejuang No. 360, Payakumbuh, Kepulauan Bangka Belitung 21115",9957347052679315
2482,Raina Usamah,M,1969-07-30,3173013007693776,082268343471,451395927,5546816202688379,raina.usamah359@gmail.com,"Jalan Kutisari Selatan No. 90, Kendari, Papua Barat 17659",9913007627946636
2483,"dr. Queen Sihombing, M.Pd",F,1962-03-03,3102014303624882,08811235173,8244937631310,5455604991765499,"dr._queen_sihombing,_m.pd71@outlook.com","Jl. Ciumbuleuit No. 80, Tomohon, DKI Jakarta 36096",9961983877398136
2484,Tgk. Karimah Usamah,M,1970-12-24,3274012412701662,+6289686470260,90474369468054,6011635415305382,tgk._karimah_usamah248@outlook.com,"Jalan Gegerkalong Hilir No. 096, Binjai, Papua 53053",9962717137901210
2485,"Tgk. Ian Natsir, S.Pd",M,1964-11-17,3102011711649253,082269685126,18694383740,5525528400353241,"tgk._ian_natsir,_s.pd328@outlook.com","Jalan Pasirkoja No. 48, Madiun, Nusa Tenggara Timur 69324",9985018049140170
2486,Vanesa Uyainah,M,1956-12-01,3105010112565259,082360773866,478868671971320,5423267722767232,vanesa.uyainah@ymail.com,"Jl. KH Amin Jasuta No. 3, Dumai, GO 38916",9999369030391024
2487,Najwa Farida,M,1999-03-09,5101010903995527,08968819557,869619016921,4983092450049681,najwa_farida@ymail.com,"Jl. S. Parman No. 86, Kota Administrasi Jakarta Selatan, Kalimantan Selatan 29008",9942253373557858
2488,Drs. Cakrabirawa Simbolon,F,1991-10-07,3273014710916451,08532700261,4432950646001,6011551660728989,drs.cakrabirawasimbolon397@ymail.com,"Jl. Kebonjati No. 03, Parepare, KT 20588",9942155649426715
2489,"Malik Samosir, M.TI.",M,1977-04-29,6101012904773671,089641650765,95751714522,5214910905390401,"malik.samosir,.m.ti.921@hotmail.com","Gg. Pasir Koja No. 7, Depok, BB 95140",9924840230598840
2490,"Belinda Puspasari, S.IP",M,1972-06-17,5101011706726931,085708370065,4379206380,5369697290064388,"belindapuspasari,s.ip913@yahoo.co.id","Gg. BKR No. 048, Langsa, Gorontalo 34810",9931056160431059
2491,Tgk. Shania Simbolon,M,2002-06-12,3602011206023804,+6285238888705,93735486691425,6011542555992857,tgk.shaniasimbolon@ymail.com,"Jalan Joyoboyo No. 25, Palangkaraya, DKI Jakarta 41298",9979831416083909
2492,Viktor Hakim,F,1979-04-08,3302014804797850,08324083415,9393660553782,6011915950716275,viktorhakim799@hotmail.com,"Gg. Ir. H. Djuanda No. 4, Payakumbuh, Sulawesi Selatan 11483",9947986781671706
2493,"H. Aris Rahimah, S.Sos",M,1963-09-20,3173012009636093,089984295249,369619123805083,5150425853868357,"h..aris.rahimah,.s.sos@yahoo.co.id","Jalan Gegerkalong Hilir No. 669, Pematangsiantar, JK 01123",9937537456310907
2494,"Ayu Maheswara, S.Farm",F,1967-01-19,3402015901676578,085868531935,52927782368131,5234204249397687,"ayu_maheswara,_s.farm931@ymail.com","Gang Medokan Ayu No. 73, Jayapura, KS 84143",9915957233039838
2495,Ella Natsir,M,1971-10-21,3501012110710690,08552969893,556625282,5551646530193849,ellanatsir@hotmail.com,"Jalan Raya Setiabudhi No. 890, Tegal, Papua 94281",9922564307180832
2496,Hasta Mangunsong,F,1978-10-03,3102014310785122,+6289528852530,773804767,6011783901838449,hasta.mangunsong@gmail.com,"Jalan Ciwastra No. 872, Kotamobagu, JA 59157",9938076419624108
2497,Drs. Ulva Hutasoit,F,2004-02-03,3174014302043069,081659061887,4530336798,5128916612681185,drs..ulva.hutasoit670@ymail.com,"Jalan M.H Thamrin No. 95, Cimahi, SN 35221",9987387373765280
2498,Kusuma Samosir,M,1981-05-05,3102010505815401,087744456935,5103267887966,4130144441048687,kusumasamosir@outlook.com,"Jalan Ahmad Yani No. 0, Banda Aceh, Jawa Tengah 72651",9974330973402124
2499,Najib Saptono,F,1990-07-07,3502014707901140,081789065937,11310571699,5239185686748474,najib_saptono532@yahoo.co.id,"Gang Rajiman No. 1, Bima, Lampung 62530",9983744990195173
2500,Estiono Haryanto,F,1967-01-08,3303014801674642,081257022458,813059761801551,5134123150337779,estionoharyanto701@outlook.com,"Jl. Gardujati No. 146, Lhokseumawe, Kalimantan Barat 43778",9976616811629812
2501,"Alambana Wahyudin, S.Psi",M,1991-10-26,7101012610919941,08950032066,871228044,5141660729989551,"alambana.wahyudin,.s.psi781@hotmail.com","Gang Astana Anyar No. 2, Banjarbaru, Maluku 69799",9958874531660627
2502,drg. Mursinin Nashiruddin,F,1994-12-16,7101015612943702,08192778934,433362489000,6011190938761476,drg..mursinin.nashiruddin@yahoo.co.id,"Gang Ciumbuleuit No. 350, Tanjungbalai, SN 99672",9927668209911858
2503,"Latika Nainggolan, S.Kom",M,1993-01-16,3502011601933277,085734103455,1145307300229,4077376555044626,"latika.nainggolan,.s.kom@yahoo.co.id","Gg. Gardujati No. 947, Banjarbaru, NT 20112",9994758601954064
2504,"drg. Rahman Anggriawan, S.Pd",F,2002-12-20,5102016012025681,+628582999120,31326401,5516628927930813,"drg.rahmananggriawan,s.pd367@hotmail.com","Jalan Moch. Toha No. 2, Tual, DKI Jakarta 33161",9975914997891509
2505,Ulya Oktaviani,F,1978-07-04,3273014407784073,+6282185001769,17278090,6011852594630894,ulya_oktaviani313@ymail.com,"Gang Indragiri No. 07, Binjai, SU 11157",9935930337032895
2506,Dian Permadi,F,1984-08-25,3104016508844541,+628524999255,6289216722340,5187957363759954,dian.permadi137@outlook.com,"Jalan Raya Ujungberung No. 5, Balikpapan, Kalimantan Barat 42362",9987620299982858
2507,Jessica Melani,F,1994-04-21,5103016104946241,08226173696,45687429,4293043113012156,jessica_melani@gmail.com,"Gg. Cikutra Timur No. 78, Malang, BA 57117",9976624032964029
2508,"Gaiman Setiawan, S.Gz",M,1983-10-04,3176010410835330,089641874294,74068580,5569843495979580,"gaiman.setiawan,.s.gz@yahoo.co.id","Gang Monginsidi No. 4, Kota Administrasi Jakarta Utara, Maluku 79366",9951931011281974
2509,Edison Saragih,F,1978-04-24,3271016404781517,081827720807,935538106661,5181641320963586,edisonsaragih782@ymail.com,"Jl. Jayawijaya No. 1, Batam, SU 77347",9930070697734304
2510,drg. Maida Maryati,F,1980-04-01,3272014104806968,08119989890,2525741922,6011915346191984,drg._maida_maryati540@hotmail.com,"Gg. Moch. Toha No. 3, Subulussalam, SU 56754",9928629671840261
2511,Prima Sitorus,F,1961-09-27,3104016709615483,08953261002,41442510,5511090053709862,primasitorus@outlook.com,"Gang Kutisari Selatan No. 07, Parepare, ST 45530",9935188276672391
2512,Jayeng Napitupulu,M,2008-09-22,3176012209082147,08837461220,419717576283796,5356637637335472,jayeng.napitupulu782@gmail.com,"Jl. Waringin No. 592, Subulussalam, Kalimantan Barat 67240",9984062700465219
2513,Winda Yuliarti,M,1975-01-06,3402010601751631,081168861555,2359207667988,5496842758466230,winda_yuliarti273@yahoo.co.id,"Gg. Waringin No. 85, Madiun, Jawa Tengah 42437",9928768977151504
2514,H. Cahya Mangunsong,F,1971-11-01,7102014111717718,08338705708,23434296,5343121885182169,h._cahya_mangunsong@gmail.com,"Jl. Pelajar Pejuang No. 064, Banjar, Sulawesi Tenggara 65201",9911588393256510
2515,drg. Hari Hardiansyah,M,1994-04-26,3171012604949636,088486972809,8810103530484,5369739716479906,drg.harihardiansyah505@yahoo.co.id,"Gg. Jend. A. Yani No. 00, Cilegon, JA 69320",9944450537474640
2516,Indra Situmorang,F,1975-06-08,3173014806752714,08529302392,596733106,4096215948058694,indra.situmorang669@outlook.com,"Jalan Tebet Barat Dalam No. 5, Kota Administrasi Jakarta Timur, Nusa Tenggara Timur 36494",9990656224629065
2517,"Aisyah Firmansyah, S.E.",M,1959-02-09,6101010902596726,+628786048691,75828211,5159161365705946,"aisyahfirmansyah,s.e.@ymail.com","Gang BKR No. 06, Kota Administrasi Jakarta Barat, Kalimantan Barat 51751",9996140578670520
2518,Rika Nugroho,F,1987-09-26,5101016609879019,085501693933,25907266716256,5166578165745800,rika.nugroho@hotmail.com,"Gang Setiabudhi No. 143, Cirebon, KB 70431",9999274485912589
2519,Wardi Hasanah,M,1997-11-15,3273011511970525,08233702669,672652136,5224394356840069,wardihasanah813@ymail.com,"Jl. Stasiun Wonokromo No. 49, Pekalongan, KS 74286",9920760526476135
2520,Vicky Wijaya,F,1956-12-28,6101016812564103,+6285781491882,85800662277121,4207432105690178,vicky.wijaya409@hotmail.com,"Jl. Gedebage Selatan No. 130, Cirebon, JT 83522",9950889257517933
2521,Juli Gunawan,M,1966-07-28,3273012807662929,+628787384175,3783116952,5159392209032406,juligunawan29@yahoo.co.id,"Gg. Suryakencana No. 244, Purwokerto, BB 04126",9928692159676847
2522,"Uli Utama, S.Psi",M,1960-11-14,7101011411607395,088542702094,563990433168207,5385275320613410,"uliutama,s.psi169@gmail.com","Jalan Kiaracondong No. 9, Banjarmasin, JB 46169",9940993305533953
2523,"Dt. Galang Kusmawati, S.Sos",F,1999-12-29,3202016912995551,08131453115,886643913261,5255092540834519,"dt..galang.kusmawati,.s.sos@ymail.com","Gg. Kapten Muslihat No. 5, Kupang, DKI Jakarta 43770",9955174404827316
2524,"Heryanto Haryanti, S.Gz",F,1964-03-24,3173016403649941,+628786362742,4963502998355,5308747652868385,"heryanto_haryanti,_s.gz@hotmail.com","Gg. Tubagus Ismail No. 372, Mojokerto, KR 60485",9922775046083924
2525,Lanang Rahayu,M,2002-04-26,3301012604023711,08178335068,546871749095,6011529807179658,lanang.rahayu@outlook.com,"Gang Moch. Toha No. 267, Tual, Jambi 78512",9910458014825733
2526,"Ella Zulaika, M.M.",M,1973-12-25,3273012512738096,089949646588,314758570409,6011926436902588,"ella_zulaika,_m.m.797@yahoo.co.id","Gang HOS. Cokroaminoto No. 292, Kota Administrasi Jakarta Barat, Kepulauan Bangka Belitung 87576",9918806191649079
2527,Kasiyah Wastuti,F,1959-11-21,3175016111592359,087701795598,53702410528,5159633003741725,kasiyah_wastuti@hotmail.com,"Gg. Siliwangi No. 8, Palangkaraya, SN 79833",9974744403090592
2528,Alika Mulyani,M,2009-01-20,3502012001090200,+628161581287,420024263632618,5276069371218351,alikamulyani@ymail.com,"Jalan Suniaraja No. 1, Subulussalam, Kalimantan Barat 68668",9926081554559819
2529,Jaya Rahmawati,M,1956-06-26,3701012606563611,08526381518,737702700210,4580998262665682,jaya.rahmawati885@yahoo.co.id,"Jalan Cikapayang No. 022, Mataram, AC 60470",9960382306164438
2530,Dt. Daryani Prasetya,M,1988-08-17,3104011708888735,088436717653,483521418047188,5103101127470542,dt..daryani.prasetya687@outlook.com,"Jalan Gardujati No. 747, Payakumbuh, KI 26894",9915533883005664
2531,Hana Manullang,F,2002-05-30,3103017005021381,083246479761,538662502845181,5453812438311411,hana.manullang44@outlook.com,"Jl. Pacuan Kuda No. 98, Bontang, MA 72819",9932404826711511
2532,Drs. Ciaobella Usamah,F,1999-12-24,3272016412999900,+6289953048272,1396801168218,5340649220735561,drs..ciaobella.usamah@yahoo.co.id,"Jl. Kutisari Selatan No. 8, Kota Administrasi Jakarta Selatan, BA 36272",9945457470847874
2533,"T. Gambira Mahendra, S.E.",F,2008-12-15,3402015512081570,08559894847,81730215,5301399476598453,"t._gambira_mahendra,_s.e.@gmail.com","Jalan Sukajadi No. 32, Cirebon, KB 15532",9998118567770729
2534,"R. Hartaka Safitri, M.Farm",M,1972-06-30,3302013006722600,081281069613,443571102347704,5329023881393722,"r.hartakasafitri,m.farm@ymail.com","Gang Siliwangi No. 165, Pagaralam, Aceh 24951",9965347055981211
2535,drg. Maria Ardianto,M,1967-05-07,3102010705672442,08518144093,58272148463462,5371425463307276,drg.mariaardianto@yahoo.co.id,"Jalan H.J Maemunah No. 6, Tidore Kepulauan, MA 11813",9971002889844004
2536,Maryanto Adriansyah,F,2004-06-28,3501016806041559,081995614266,63392033,5500989893961576,maryanto_adriansyah@hotmail.com,"Jl. Indragiri No. 1, Padang, NB 06369",9987640668648766
2537,"Drs. Jasmin Haryanto, S.Sos",M,1992-09-29,3175012909928354,+6285929820107,216488789833732,4253539654027861,"drs._jasmin_haryanto,_s.sos698@gmail.com","Gang Wonoayu No. 9, Serang, PB 97602",9948858690557486
2538,Ika Samosir,M,1962-08-29,3601012908628778,+628831346984,6389317500956,5514880193943496,ika.samosir544@gmail.com,"Jalan Cihampelas No. 0, Dumai, BB 49162",9952083172696126
2539,Jamal Hastuti,M,1978-06-03,3175010306785597,085675359464,3621338796020,5215583019164630,jamal.hastuti@yahoo.co.id,"Jalan K.H. Wahid Hasyim No. 124, Sukabumi, GO 38190",9944993391305173
2540,Maimunah Putra,M,2004-09-19,3272011909040020,+6282192951249,2890009132,5231129047270033,maimunahputra@ymail.com,"Jalan BKR No. 2, Probolinggo, Kalimantan Utara 08332",9920322342472067
2541,Emin Sihotang,M,1980-10-21,3102012110805958,081230346585,34360411,6011037408600454,emin.sihotang142@outlook.com,"Jl. Raya Setiabudhi No. 6, Tangerang, Lampung 17191",9993735831658671
2542,Ghaliyati Napitupulu,F,2003-06-24,7301016406034461,08597610925,552879148813,5215791929126840,ghaliyati_napitupulu@outlook.com,"Jalan Setiabudhi No. 33, Madiun, MA 76892",9979147388228443
2543,Anggabaya Widodo,M,1992-06-08,3271010806920625,+6281398519218,79271769343,4752303526024869,anggabayawidodo391@yahoo.co.id,"Jalan Jend. Sudirman No. 4, Palu, Jambi 91981",9958815140955600
2544,Hairyanto Sihombing,F,1978-04-13,3104015304785104,08953216824,853328409,5194235033365646,hairyanto.sihombing@outlook.com,"Gang Pacuan Kuda No. 6, Bengkulu, Kalimantan Selatan 86136",9931663671661187
2545,Zizi Winarno,M,1980-05-16,3171011605809741,081507868910,97292429,5490639677392320,ziziwinarno@gmail.com,"Gg. Antapani Lama No. 43, Palopo, Bali 36712",9968390799788847
2546,Novi Ardianto,M,1982-02-10,3201011002821517,089730171991,61745809974164,5592730559319429,novi_ardianto@gmail.com,"Jl. Jend. Sudirman No. 789, Ambon, PB 29672",9923273824130362
2547,Clara Puspasari,M,2001-05-01,3402010105017622,+6288289001678,495623812778401,5388972748561361,clara_puspasari165@yahoo.co.id,"Jl. Kendalsari No. 678, Lubuklinggau, PB 74019",9972257963510481
2548,"Galih Situmorang, S.H.",M,1999-07-12,3204011207994618,088462198211,2785901260,5153248405991471,"galih.situmorang,.s.h.@outlook.com","Gang Abdul Muis No. 61, Binjai, Lampung 84039",9962681768394478
2549,Surya Waluyo,M,2002-05-10,3501011005024535,08843796135,7183294111,5568669890949519,surya_waluyo@hotmail.com,"Gang Cempaka No. 90, Bekasi, BB 50956",9958408672481273
2550,"Opan Hakim, S.Kom",M,1965-10-30,3102013010652621,088128663453,57031941,5344433584246706,"opanhakim,s.kom924@hotmail.com","Jl. Kebonjati No. 329, Pasuruan, SS 43585",9948654756482273
2551,Teddy Sudiati,M,1988-07-24,5103012407883244,+628992569811,848531824670,4788135432181260,teddy_sudiati115@gmail.com,"Jalan Monginsidi No. 86, Bontang, NB 37636",9974136293805216
2552,drg. Bakti Hutagalung,F,1977-02-04,3601014402778024,083269120135,329826961952,5245872813622764,drg._bakti_hutagalung@outlook.com,"Gang Lembong No. 5, Malang, KS 50698",9990911658138033
2553,KH. Maryadi Mahendra,M,1988-06-09,3303010906884211,+628223179462,73690507314,5212047463952465,kh.maryadimahendra666@yahoo.co.id,"Jl. Rungkut Industri No. 7, Pematangsiantar, NB 41793",9930288241231904
2554,"Drs. Eja Prasetya, S.Pt",M,1993-01-20,3501012001930322,+628568073651,42744975014,5421880979014374,"drs..eja.prasetya,.s.pt990@outlook.com","Jalan Ciumbuleuit No. 44, Sawahlunto, RI 62428",9911817928660081
2555,Nilam Rajata,M,2006-09-23,3273012309062180,081433001929,38820055,4856918759462610,nilam.rajata@gmail.com,"Gg. Jamika No. 7, Banda Aceh, Kalimantan Selatan 47663",9935540140475873
2556,Widya Wahyuni,M,1957-11-29,7301012911571343,+628331730027,56253844366,5220410268033070,widya_wahyuni737@gmail.com,"Jalan Otto Iskandardinata No. 0, Mojokerto, NT 94072",9975517838239032
2557,Estiono Wasita,M,1999-11-06,3201010611993366,+628327880143,3288198264,5525826244863986,estionowasita731@outlook.com,"Gg. Gedebage Selatan No. 1, Banjarbaru, Sumatera Selatan 92209",9923656758459224
2558,Clara Pranowo,F,1962-12-18,3501015812625395,08520180356,2524093835,5175617139796727,clara_pranowo@hotmail.com,"Gg. Cihampelas No. 147, Tangerang, Sulawesi Tengah 99055",9931845930187556
2559,Jaya Mayasari,F,1972-08-07,6101014708727390,08839935725,80082512381,5596263365384775,jaya_mayasari@outlook.com,"Gang Sentot Alibasa No. 45, Probolinggo, Lampung 26333",9949892546971980
2560,Prayoga Usada,M,1999-09-03,3401010309992453,088460647532,8382407936528,5498855059206336,prayoga_usada62@outlook.com,"Jalan Joyoboyo No. 348, Banjarbaru, JB 13016",9914054946086703
2561,Salimah Rajasa,F,1998-02-14,3176015402989169,+6287779873216,4088035598,5471421923646663,salimah.rajasa290@ymail.com,"Gg. KH Amin Jasuta No. 9, Kupang, JA 73343",9945225586907082
2562,"Siti Gunarto, M.M.",F,2005-09-19,3201015909052488,088435788471,259705413453,4453356657262560,"siti.gunarto,.m.m.407@ymail.com","Jl. Dipatiukur No. 06, Salatiga, Jawa Timur 18678",9990433281326267
2563,Mitra Dongoran,F,1961-05-04,3101014405615406,08388108578,14598893,5219961764432908,mitra_dongoran418@ymail.com,"Jl. Surapati No. 7, Yogyakarta, Jawa Barat 79535",9945193531567960
2564,Sakura Haryanto,F,1978-01-21,7102016101789705,+6288274985485,914464945992485,5410615343366719,sakuraharyanto@gmail.com,"Gang Cihampelas No. 2, Kota Administrasi Jakarta Barat, Riau 40238",9920301791190081
2565,R. Amelia Prasetyo,M,1993-02-20,7101012002934160,+628824179465,6662952305,5105132708725461,r._amelia_prasetyo@yahoo.co.id,"Jalan Pasirkoja No. 09, Serang, Bali 95728",9986253024069240
2566,R.A. Raisa Siregar,F,2003-07-17,3175015707035487,08835071333,8523579659314,5417077574093608,r.a..raisa.siregar@gmail.com,"Gg. Ronggowarsito No. 338, Palembang, Papua Barat 34802",9922258156649388
2567,drg. Kania Nurdiyanti,F,1992-08-05,3173014508922206,087723640638,70574707670,5110051112776130,drg.kanianurdiyanti416@yahoo.co.id,"Gang Rumah Sakit No. 2, Batu, Aceh 54448",9999576797670837
2568,Rina Megantara,M,2001-01-25,3401012501019064,089658128485,66353067,5473841107342944,rina_megantara786@gmail.com,"Jalan Siliwangi No. 870, Tangerang, Jawa Barat 17759",9923107120203724
2569,Gangsar Ramadan,F,1988-04-10,3175015004883777,+6285530858259,9122816182,5533294194600782,gangsarramadan@ymail.com,"Jl. Jend. Sudirman No. 410, Subulussalam, Sumatera Barat 81029",9924890082343424
2570,dr. Yuliana Hassanah,F,1979-09-21,5101016109797952,08324119050,22692239668,5329363178680885,dr.yulianahassanah@yahoo.co.id,"Jl. Bangka Raya No. 700, Tual, SN 30225",9996199304409620
2571,Maria Fujiati,M,1960-10-18,3174011810605793,08143892412,47476266184070,6011873711617413,maria.fujiati@outlook.com,"Gg. Peta No. 21, Jambi, Maluku 95829",9976948899680932
2572,Kamaria Widodo,M,2006-05-07,3105010705063001,+628199716283,648002914672608,5460160722389702,kamariawidodo964@yahoo.co.id,"Gg. Kutisari Selatan No. 994, Batu, Maluku 53763",9998124313505686
2573,"Dr. Umaya Natsir, S.I.Kom",M,1995-12-31,3175013112955050,+628211871091,86181828310319,5198103574123152,"dr.umayanatsir,s.i.kom509@gmail.com","Gang Rajawali Timur No. 66, Surabaya, MU 70518",9941844979878116
2574,Yance Habibi,M,1977-03-07,3171010703771231,081629131031,94086309,5536458856934403,yance_habibi516@ymail.com,"Gang Sadang Serang No. 159, Lubuklinggau, JB 68704",9985122023754502
2575,Hani Waluyo,M,2002-05-01,3175010105029257,+628141982630,112361660333,5479058861565317,hani.waluyo210@gmail.com,"Jl. Rajawali Barat No. 6, Ambon, PB 82850",9978394480996872
2576,Hamzah Megantara,F,1993-11-16,3303015611930110,085241699307,332127509,6011244873722772,hamzahmegantara@hotmail.com,"Jl. Astana Anyar No. 9, Denpasar, NB 12380",9996961763225619
2577,"Hj. Tantri Suryono, S.T.",M,1964-08-20,3174012008645280,085561308167,1809649271,5372969136095390,"hj..tantri.suryono,.s.t.@yahoo.co.id","Gang Pacuan Kuda No. 14, Kota Administrasi Jakarta Selatan, SU 51295",9976470607445571
2578,"KH. Kurnia Rahimah, S.H.",F,1970-02-07,3601014702707422,08561671988,71339262891837,6011895264925450,"kh.kurniarahimah,s.h.186@yahoo.co.id","Gg. S. Parman No. 4, Palangkaraya, NT 59522",9920240293558785
2579,Sadina Wastuti,F,1984-12-01,3271014112846341,08338723951,618481326733,5241683789265490,sadina_wastuti@outlook.com,"Jl. Joyoboyo No. 0, Purwokerto, JK 49731",9992174728009324
2580,Rachel Anggraini,F,1961-10-29,3175016910613315,+628163133103,46191343169,4733988325501183,rachelanggraini855@yahoo.co.id,"Jalan Ahmad Yani No. 9, Banjarbaru, Maluku Utara 45961",9973812669880521
2581,Sadina Santoso,F,1988-08-10,3501015008883855,+628825307760,7843114906,6011046793236708,sadina_santoso@outlook.com,"Gang Siliwangi No. 3, Tangerang, Lampung 94210",9999870963446000
2582,Agus Wastuti,M,1993-11-18,3172011811935504,085213490728,6146906153399,5313317253397195,agus.wastuti@yahoo.co.id,"Gg. Raya Ujungberung No. 90, Purwokerto, ST 55054",9936698382796340
2583,Luluh Hardiansyah,F,1961-08-29,7102016908614314,08960603008,96499927924,5189818560918949,luluh_hardiansyah@outlook.com,"Gang Rawamangun No. 796, Tangerang Selatan, Riau 69413",9929377041602789
2584,"Puti Ella Namaga, S.T.",F,1996-04-10,3501015004965983,+628539305675,367890442209768,5448190331718035,"putiellanamaga,s.t.@outlook.com","Gang Kutai No. 82, Pangkalpinang, Bengkulu 99226",9961096510115049
2585,"Balapati Wahyudin, S.Sos",F,1987-07-24,3502016407875363,08579916037,20251173537,5371249208555456,"balapatiwahyudin,s.sos@hotmail.com","Jalan Ahmad Dahlan No. 2, Pagaralam, JA 02351",9988894615496530
2586,Virman Oktaviani,M,1990-09-29,3173012909908063,083238709837,2980093738,5503383713279034,virmanoktaviani@yahoo.co.id,"Jalan Rumah Sakit No. 34, Depok, NT 33759",9934030131608368
2587,"Tantri Santoso, M.Farm",F,2002-01-03,3105014301020744,08590089145,4086064277,5159472141270227,"tantrisantoso,m.farm696@outlook.com","Gang Abdul Muis No. 881, Bitung, Kalimantan Timur 79523",9963015119887672
2588,Gilda Marbun,F,1966-02-13,3303015302660438,081567168580,828645518,5414313328291174,gilda.marbun63@yahoo.co.id,"Jalan Otto Iskandardinata No. 12, Pekalongan, SB 33879",9952392935399420
2589,"Drs. Tari Hidayat, S.Kom",M,1990-02-02,3201010202909537,08857146421,524588822707343,6011327222039084,"drs.tarihidayat,s.kom474@outlook.com","Jl. K.H. Wahid Hasyim No. 448, Surabaya, Kalimantan Utara 19788",9949721262960381
2590,Rini Thamrin,F,1960-07-04,3273014407607216,08158035145,34757409616862,5577564346820728,rini_thamrin@hotmail.com,"Gg. Ir. H. Djuanda No. 5, Balikpapan, KB 22417",9945374258372948
2591,Kayun Yolanda,F,1957-07-28,7102016807574241,083186004274,23370880404506,5573632420366719,kayun_yolanda@gmail.com,"Gg. Yos Sudarso No. 4, Kota Administrasi Jakarta Pusat, Banten 05792",9956411151489292
2592,"Ir. Bakijan Mandasari, S.H.",F,1973-02-22,3602016202732937,+6288277738134,371657193284,5238278596831749,"ir.bakijanmandasari,s.h.165@outlook.com","Jalan Moch. Ramdan No. 82, Banjarbaru, DKI Jakarta 29796",9917983386794786
2593,Latika Natsir,M,1985-01-28,3204012801858910,08532250789,2851663425543,5441705287301464,latikanatsir@yahoo.co.id,"Gang Antapani Lama No. 0, Cimahi, Banten 12407",9999727375604530
2594,"Harja Astuti, S.Pd",M,2000-07-23,3101012307000301,08587388022,969229230031910,6011265421467611,"harja_astuti,_s.pd672@outlook.com","Jalan Joyoboyo No. 135, Subulussalam, GO 34496",9957805639985366
2595,"Yuni Prastuti, S.Psi",M,1984-06-19,3201011906849148,08176400887,842075256,5536380310621304,"yuniprastuti,s.psi623@outlook.com","Gg. Monginsidi No. 9, Manado, Kepulauan Riau 97254",9933133397477451
2596,Maryanto Hakim,M,1980-05-21,3601012105803804,085901363527,742649390713297,5233573610508440,maryanto.hakim389@hotmail.com,"Gang Gegerkalong Hilir No. 1, Mataram, SR 94904",9959324294662871
2597,Cinthia Suryono,M,1999-02-17,3173011702999123,08958585129,60015958928866,5509562598349954,cinthia_suryono429@yahoo.co.id,"Gang Siliwangi No. 48, Kupang, MU 52888",9934380299354525
2598,Ifa Wibowo,F,1991-03-12,3274015203918861,082180376650,53483834830,5171258454313745,ifa.wibowo@yahoo.co.id,"Jl. Pasir Koja No. 178, Bukittinggi, YO 91369",9986372155762034
2599,Jasmin Rajata,M,1988-07-21,6101012107881314,081338321321,207527896,5188478158968597,jasmin_rajata@outlook.com,"Gang Ronggowarsito No. 715, Bukittinggi, Jawa Timur 12503",9932426708728194
2600,"Danu Saefullah, S.IP",F,2001-03-18,3173015803018386,08153591292,20784669561,5318232738827971,"danusaefullah,s.ip825@gmail.com","Jalan K.H. Wahid Hasyim No. 720, Langsa, DI Yogyakarta 53700",9989556734298168
2601,Caraka Prakasa,F,2001-06-06,3274014606011256,088106756149,958452112944,5154006217488194,caraka.prakasa829@gmail.com,"Jl. Soekarno Hatta No. 108, Pontianak, KS 55826",9917978936631864
2602,Warta Irawan,F,2006-03-14,3401015403066850,+628311638573,94708145082378,5185263532565899,wartairawan@outlook.com,"Jl. Stasiun Wonokromo No. 5, Pontianak, JA 99428",9939656500302610
2603,"Drs. Gilda Suwarno, S.E.I",M,1961-09-11,3171011109611228,08224680036,654260267,5315181933104345,"drs._gilda_suwarno,_s.e.i283@hotmail.com","Jalan Kiaracondong No. 9, Makassar, Kalimantan Selatan 33497",9922380758358344
2604,"Drs. Ibun Mahendra, S.Ked",M,1993-09-04,3272010409936849,08552886149,5898545749,5489473880254444,"drs..ibun.mahendra,.s.ked554@ymail.com","Jl. PHH. Mustofa No. 430, Singkawang, JK 31633",9922719959154566
2605,"Darsirah Adriansyah, M.TI.",F,1962-06-08,3701014806625724,083267794204,19594444,6011056555197171,"darsirah.adriansyah,.m.ti.@yahoo.co.id","Gang Ronggowarsito No. 3, Pasuruan, JA 12579",9937222033317420
2606,drg. Rahayu Hutagalung,M,1999-01-06,3173010601998060,+628845277870,95402772348902,5321819892407782,drg._rahayu_hutagalung989@yahoo.co.id,"Jalan Ahmad Yani No. 2, Tual, Jawa Timur 49520",9953466871476634
2607,Ir. Sari Hutagalung,F,1979-01-03,7102014301795146,081871608906,342213155090230,5350491684260408,ir.sarihutagalung677@hotmail.com,"Jl. Dipatiukur No. 7, Pekalongan, NT 66501",9943475982982918
2608,Aslijan Wahyudin,F,2002-09-09,3401014909029283,088543224901,73547040806,5192823826646218,aslijan.wahyudin635@hotmail.com,"Jl. Rawamangun No. 60, Surakarta, JB 16257",9955822759919822
2609,Anom Budiyanto,M,1975-01-29,5102012901759122,08172965917,314300283,5506686238127756,anombudiyanto@gmail.com,"Gang Waringin No. 39, Sukabumi, Kalimantan Utara 71845",9998179656299678
2610,"drg. Ghaliyati Hardiansyah, S.E.",M,1982-05-15,3203011505821830,+628183699879,646437381674,5342768551461249,"drg._ghaliyati_hardiansyah,_s.e.828@hotmail.com","Jl. Kebonjati No. 37, Magelang, Jambi 29803",9911015775878029
2611,"Clara Habibi, S.E.I",F,2006-10-14,7301015410062536,085213526425,5339748087700,5391843451792961,"clarahabibi,s.e.i497@yahoo.co.id","Gg. Astana Anyar No. 06, Tangerang, LA 52292",9918923076569919
2612,"drg. Jessica Wulandari, S.T.",F,1972-10-25,3202016510723172,089762772864,42234926,6011813224118833,"drg..jessica.wulandari,.s.t.299@yahoo.co.id","Jl. Bangka Raya No. 1, Medan, NT 36535",9964716321387514
2613,"Tgk. Endah Putra, M.M.",F,2009-02-28,3501016802092684,088308876474,69593006985887,6011138111844920,"tgk..endah.putra,.m.m.233@hotmail.com","Gang Cihampelas No. 22, Tanjungpinang, Sulawesi Utara 17479",9954813312417303
2614,"Tgk. Pardi Sitorus, S.E.",M,1955-11-08,6101010811551806,+628324130167,83931836,5215623870703360,"tgk.pardisitorus,s.e.@hotmail.com","Jl. Siliwangi No. 6, Bontang, Papua 97806",9973124468461820
2615,Chelsea Safitri,M,1969-11-21,7102012111696265,08321885053,3553622809375,4410587254290741,chelsea.safitri@outlook.com,"Gg. Monginsidi No. 7, Batam, GO 01565",9934238143577867
2616,Ir. Kartika Nashiruddin,M,1967-11-17,3175011711679547,08550150412,1684982149512,5442266919862649,ir..kartika.nashiruddin@ymail.com,"Gang K.H. Wahid Hasyim No. 01, Banda Aceh, Kepulauan Bangka Belitung 79086",9967639188037265
2617,Karta Mulyani,F,2000-06-13,3302015306000728,085888271846,82729744,4121610606558985,kartamulyani748@gmail.com,"Gang S. Parman No. 3, Kota Administrasi Jakarta Selatan, Maluku Utara 87597",9990643953354267
2618,"KH. Narji Laksmiwati, S.T.",F,1986-03-26,3101016603862769,+628223410597,336245276,4065087280088393,"kh.narjilaksmiwati,s.t.@hotmail.com","Jalan Medokan Ayu No. 0, Jambi, Papua Barat 75684",9994431268094065
2619,Samiah Nuraini,M,1986-10-24,3104012410863288,08786438610,3564836843,5316406129451051,samiah_nuraini@outlook.com,"Gang Ronggowarsito No. 530, Magelang, SU 86789",9978001064628610
2620,Balangga Suartini,F,1969-05-02,5103014205695459,+6281415656182,173367333,5412224627181101,balangga.suartini887@gmail.com,"Gang Ronggowarsito No. 999, Pangkalpinang, Nusa Tenggara Barat 37100",9979671618144181
2621,"Wulan Oktaviani, S.I.Kom",M,1994-04-20,5101012004940393,089936870288,897675056753952,5345036353243841,"wulan_oktaviani,_s.i.kom@gmail.com","Jalan Stasiun Wonokromo No. 57, Mataram, KT 09361",9976327995047061
2622,"Ajimat Haryanto, S.Pd",M,1967-02-28,3201012802679411,083183249236,92112729,5194146276028041,"ajimat.haryanto,.s.pd@outlook.com","Jalan Wonoayu No. 29, Batu, BE 67580",9966726800072260
2623,"H. Darman Mangunsong, M.TI.",M,1976-02-22,6101012202761075,088181703145,991686796,5313256292892374,"h..darman.mangunsong,.m.ti.@outlook.com","Jl. Erlangga No. 303, Bandar Lampung, SG 84679",9940842167995758
2624,Nabila Pradipta,F,1958-04-17,3102015704585181,+628859180732,81488466,4612405687609473,nabila_pradipta@gmail.com,"Gg. Joyoboyo No. 759, Pasuruan, MA 01006",9946220954744376
2625,"Rahman Handayani, M.Kom.",F,1989-08-16,3274015608899289,+628339795255,378512590071,4972841736280535,"rahmanhandayani,m.kom.@hotmail.com","Gg. Cikutra Barat No. 832, Sorong, RI 18061",9981726780504844
2626,Winda Prasasta,M,1955-05-21,3174012105554763,08387571968,770439132467658,4799489954548796,winda.prasasta741@yahoo.co.id,"Gg. Cikutra Barat No. 102, Blitar, JA 68390",9953718858528466
2627,"Cut Dewi Hutagalung, M.Pd",M,1972-06-01,3271010106722269,081888749586,4781141115,4840635087868783,"cutdewihutagalung,m.pd814@ymail.com","Gg. Kutai No. 067, Singkawang, Sumatera Utara 10149",9997333241939332
2628,Prima Anggraini,F,1971-09-05,3274014509715705,+6287770593393,77607836829,6011403683469163,prima.anggraini@gmail.com,"Jl. Siliwangi No. 964, Semarang, Nusa Tenggara Barat 16721",9938435057741886
2629,"Dr. Ayu Mangunsong, S.Psi",M,1958-08-10,3102011008580270,083814527326,511236348,5534527062433656,"dr..ayu.mangunsong,.s.psi@yahoo.co.id","Gang Raya Ujungberung No. 242, Pematangsiantar, JT 48057",9912077042510162
2630,dr. Ade Narpati,M,2006-05-19,3502011905066017,+6282362139362,68556390334826,5252400573573797,dr._ade_narpati132@gmail.com,"Jalan Veteran No. 352, Binjai, SG 48771",9975386531438933
2631,Candra Adriansyah,F,2000-10-12,3271015210005252,081509823807,68467757601,5486782651505894,candra.adriansyah@ymail.com,"Jalan Laswi No. 2, Kendari, Gorontalo 76744",9999261376635797
2632,Cemani Melani,M,1983-03-10,5101011003831719,085177668454,8722144438,5347516254712991,cemani.melani@hotmail.com,"Jalan Kendalsari No. 049, Kediri, BT 66762",9958484114104286
2633,Laswi Manullang,M,1985-11-12,3101011211854525,08999604176,251700069626,5455084410167224,laswi.manullang95@outlook.com,"Jl. Pasir Koja No. 7, Padangpanjang, MA 45844",9950756408947973
2634,Nadia Hariyah,F,2004-04-24,6101016404046649,+6281858159668,8056225470,5359835257890666,nadiahariyah@hotmail.com,"Jalan Sentot Alibasa No. 427, Subulussalam, Kalimantan Barat 32276",9990435366580086
2635,Hamima Nasyidah,F,1978-03-25,7101016503782386,+6282330866934,379792519862,5386291581474574,hamima.nasyidah495@hotmail.com,"Gang Kutisari Selatan No. 64, Sorong, KR 30021",9959574442407112
2636,Harjo Agustina,M,2001-02-06,3105010602011769,+628130100716,21356777113,5120428703966337,harjo.agustina409@yahoo.co.id,"Jalan M.H Thamrin No. 2, Bogor, KU 53356",9962201110287363
2637,"R.M. Cahyadi Novitasari, M.Ak",M,1977-09-28,3402012809776221,08149651539,71591686,5312855029406287,"r.m.cahyadinovitasari,m.ak@hotmail.com","Gang Rajawali Barat No. 2, Jayapura, AC 33761",9947705460806619
2638,Uda Utama,M,1997-12-31,3402013112971752,085946349753,595252560884707,5511763366181512,uda_utama602@outlook.com,"Jl. Rajawali Timur No. 115, Subulussalam, PB 31539",9987121055253840
2639,R. Balidin Tamba,F,1969-12-21,3272016112692959,087753001983,700589455160911,5394938232871594,r.balidintamba757@hotmail.com,"Jalan Joyoboyo No. 639, Subulussalam, PA 57921",9977934600792870
2640,Bella Firgantoro,M,2002-04-15,5103011504025622,+6288470197881,14337061,6011978728217479,bella_firgantoro@yahoo.co.id,"Gg. PHH. Mustofa No. 002, Pasuruan, Kalimantan Timur 06569",9972317374577875
2641,Syahrini Zulkarnain,F,1970-10-28,3272016810701808,088116766715,287182017883758,5354596190227930,syahrini_zulkarnain723@outlook.com,"Gg. Kiaracondong No. 676, Tanjungbalai, Gorontalo 43107",9983277735651133
2642,"Ir. Olivia Kusmawati, S.Pt",F,1973-07-22,3175016207738909,088213636213,41177355563693,5279440333670267,"ir..olivia.kusmawati,.s.pt@outlook.com","Jalan Bangka Raya No. 4, Semarang, KI 64614",9919596654640420
2643,H. Damar Mayasari,M,2005-12-31,3274013112055269,08163190729,133894803,5336101801962268,h..damar.mayasari@ymail.com,"Gang HOS. Cokroaminoto No. 8, Lhokseumawe, Bengkulu 84743",9987952542602280
2644,Tgk. Nurul Sirait,F,1985-04-29,3273016904858470,+6289666749513,9273237768326,5486219461106509,tgk.nurulsirait@hotmail.com,"Gg. Rumah Sakit No. 7, Denpasar, Lampung 54042",9974474800061815
2645,Balidin Salahudin,M,1961-10-21,3502012110616922,089845658996,45634837952,5136997174503356,balidin_salahudin@outlook.com,"Gg. Cihampelas No. 5, Medan, KT 57986",9974591810297661
2646,Paiman Astuti,M,1975-12-19,3601011912756181,085146220561,47523039,5111026431795827,paimanastuti780@yahoo.co.id,"Gg. Moch. Toha No. 0, Tidore Kepulauan, Jawa Barat 53952",9932570825090833
2647,Lalita Putra,M,2001-12-29,3175012912018756,08180252074,748186842563,5399738805285099,lalitaputra799@hotmail.com,"Jl. Jend. Sudirman No. 24, Pontianak, SB 13111",9985928129559845
2648,Joko Prakasa,F,1979-03-28,3302016803791857,08842472323,869399806821325,5217091593164939,jokoprakasa@ymail.com,"Gg. Ir. H. Djuanda No. 92, Makassar, DKI Jakarta 69443",9913416034823754
2649,drg. Bagiya Haryanti,F,1985-01-31,3174017101850500,088315722196,91021025185,5423791858467848,drg..bagiya.haryanti788@yahoo.co.id,"Jalan Sentot Alibasa No. 8, Banjarmasin, Nusa Tenggara Timur 82562",9998992068242121
2650,Gabriella Suryatmi,F,1994-03-06,6101014603942560,08787532081,83401335746,5236520539050459,gabriellasuryatmi13@outlook.com,"Jl. Gedebage Selatan No. 12, Sukabumi, JT 87842",9990870060909793
2651,Novi Sitompul,M,1991-03-18,7102011803918879,08565997559,312869820,6011254200315073,novisitompul@gmail.com,"Gg. Kapten Muslihat No. 20, Tidore Kepulauan, Nusa Tenggara Timur 66991",9958167031784176
2652,"Cagak Palastri, S.Psi",F,1992-02-25,3272016502926623,+628173184803,2427781084,5384251683108469,"cagak_palastri,_s.psi392@yahoo.co.id","Gang Ciwastra No. 49, Gorontalo, GO 15685",9934825740727082
2653,Cawisono Wibisono,F,1972-01-26,3402016601724117,+6287719135454,361832848935998,5210177114672655,cawisonowibisono@outlook.com,"Gg. Kapten Muslihat No. 363, Kediri, Papua 85229",9987988463933108
2654,Yuliana Thamrin,F,1990-10-22,5103016210904066,083108493646,11740966622346,5197915143091779,yulianathamrin564@gmail.com,"Jl. Cempaka No. 3, Bau-Bau, LA 54430",9995933734162216
2655,"Erik Sirait, M.M.",M,1955-06-05,3272010506556991,085286106495,792381290,5221408017483835,"erik_sirait,_m.m.@ymail.com","Jalan H.J Maemunah No. 65, Pekalongan, KT 63325",9926943580956049
2656,"Sutan Nrima Astuti, S.Kom",M,1967-03-08,3176010803677540,08197304637,4435760540150,5153943384194952,"sutan_nrima_astuti,_s.kom221@ymail.com","Gang Rawamangun No. 8, Padang, Bengkulu 02507",9974626618132447
2657,Maria Aryani,F,1994-01-15,3402015501941105,083157317998,2476212286651,5316601930636035,maria.aryani@gmail.com,"Jalan Monginsidi No. 26, Banjarbaru, Sulawesi Barat 55326",9911115787471936
2658,Najwa Saputra,M,1996-06-05,3274010506966259,08838927757,13209915215956,5260923855328225,najwasaputra391@hotmail.com,"Jl. Tebet Barat Dalam No. 04, Salatiga, Sulawesi Selatan 83596",9925576947178272
2659,Teguh Hidayat,F,1957-11-30,3273017011579063,085566950841,70643809327,5235083400308302,teguh.hidayat786@gmail.com,"Jalan Sukajadi No. 3, Semarang, Kalimantan Tengah 71918",9986221078601791
2660,"Sutan Kurnia Kurniawan, M.Ak",F,1987-03-15,3602015503872198,087844553190,985344485,6011900727495912,"sutan_kurnia_kurniawan,_m.ak594@gmail.com","Gg. Rumah Sakit No. 181, Ternate, PA 60180",9953377052200998
2661,Tania Farida,M,2007-05-02,3271010205071669,085907405225,6913000375,5199455827532623,tania.farida758@gmail.com,"Gg. Gegerkalong Hilir No. 91, Blitar, SU 28166",9975224160847551
2662,"Cindy Laksita, M.Kom.",F,1973-05-29,3175016905739870,085895841635,661510901022848,5393074837768100,"cindy.laksita,.m.kom.192@outlook.com","Jl. Kendalsari No. 49, Binjai, Kalimantan Utara 27625",9973497187511479
2663,Wawan Lestari,M,1973-09-19,3302011909736581,087708822351,35773475,5491619723718330,wawan_lestari@ymail.com,"Jl. M.T Haryono No. 566, Binjai, PB 91727",9975994464679673
2664,Hafshah Nasyidah,F,1960-05-17,3175015705607199,+6281706527961,3039210161,5281176945276306,hafshahnasyidah432@gmail.com,"Jl. Kebonjati No. 13, Bandar Lampung, Kalimantan Selatan 46074",9925019651110542
2665,Zulfa Usada,M,2008-10-06,3602010610084857,+628317978229,506123142,5213038977312654,zulfa.usada58@hotmail.com,"Gang H.J Maemunah No. 4, Tanjungpinang, MU 48218",9915820944444604
2666,"Dr. Gasti Susanti, M.Pd",F,2000-12-20,3274016012001774,+628535551197,27272065519,6011497386362024,"dr._gasti_susanti,_m.pd@ymail.com","Gg. Raya Ujungberung No. 8, Parepare, Kepulauan Riau 50315",9966091701493769
2667,Vanesa Widiastuti,F,1958-10-16,3101015610585308,08161870450,503476334759493,5131696503820525,vanesa_widiastuti@gmail.com,"Gg. Raya Ujungberung No. 6, Tanjungbalai, KI 44771",9986235856833947
2668,Catur Sirait,F,1967-07-20,5101016007676624,08596948825,2911068911059,6011307830162988,catursirait336@outlook.com,"Jalan Astana Anyar No. 57, Singkawang, Sulawesi Tengah 65620",9952736107087895
2669,"Dr. Siti Hardiansyah, S.H.",M,2002-07-22,3172012207027579,+6283184859231,142515870978722,5158914092651194,"dr..siti.hardiansyah,.s.h.@hotmail.com","Gang Rajiman No. 44, Bandung, Kepulauan Bangka Belitung 97118",9940461456212999
2670,"Amelia Budiman, S.Kom",M,1965-04-03,3303010304657603,08123900464,997546403037276,5339759984320687,"ameliabudiman,s.kom295@ymail.com","Gg. Monginsidi No. 717, Tangerang Selatan, JB 31066",9984663886044991
2671,Tira Tarihoran,F,1976-07-08,3171014807765178,+6288473745912,2091491687,5274922200844169,tiratarihoran712@hotmail.com,"Gang H.J Maemunah No. 7, Malang, Sumatera Selatan 95797",9963625481146553
2672,Rahayu Irawan,F,1959-10-26,5102016610592647,082254872892,83756798475088,5146216570083115,rahayuirawan@yahoo.co.id,"Jalan H.J Maemunah No. 0, Semarang, KB 95108",9934088213836181
2673,"R.A. Diana Lailasari, M.TI.",M,2001-09-01,3201010109011149,089951348276,799417070963976,5207829936671348,"r.a..diana.lailasari,.m.ti.637@gmail.com","Gang Ir. H. Djuanda No. 032, Magelang, BE 05241",9968536726140426
2674,"R.M. Arta Handayani, S.Farm",F,1960-06-06,3271014606608864,08973896968,3064232180811,5368096486039329,"r.m..arta.handayani,.s.farm199@ymail.com","Jl. Sadang Serang No. 949, Parepare, SN 39610",9973603224758571
2675,"Ir. Maman Purnawati, S.E.",M,1984-05-14,3701011405849359,08114708042,12034934233056,5421102310380860,"ir.mamanpurnawati,s.e.@outlook.com","Gang Laswi No. 6, Mojokerto, YO 97676",9992314268605592
2676,"Wage Napitupulu, S.Psi",M,1963-06-09,3274010906633155,083302208257,102623126,5353624878485613,"wage.napitupulu,.s.psi573@hotmail.com","Jalan Pelajar Pejuang No. 3, Malang, KS 48995",9995420816020277
2677,Cemani Hardiansyah,M,1968-06-10,5102011006686464,+6281363554201,99921461191,5483913423153062,cemani.hardiansyah3@yahoo.co.id,"Gg. Cikapayang No. 241, Bandung, Kalimantan Tengah 42373",9932345995096747
2678,Eja Usada,M,1966-12-20,3175012012662565,08214873544,6974015171,5235628251540835,eja_usada@gmail.com,"Gg. Medokan Ayu No. 18, Mojokerto, Jawa Timur 77942",9926964018273973
2679,"Lurhur Nugroho, S.IP",F,2007-02-24,3401016402071672,+6283898767468,72514593,5509184882421103,"lurhur_nugroho,_s.ip@ymail.com","Jalan Yos Sudarso No. 82, Tarakan, Nusa Tenggara Barat 75079",9983559715811124
2680,Darmanto Megantara,M,1977-12-28,3601012812772010,087733645495,5314818645,5516251041227748,darmanto.megantara311@gmail.com,"Gang Ciwastra No. 6, Bekasi, RI 27145",9933097629729337
2681,Jamalia Nasyidah,M,1981-05-12,3175011205811680,+628211192152,29656854,6011683447897120,jamalia_nasyidah885@outlook.com,"Jl. Cempaka No. 5, Pangkalpinang, GO 12199",9935544176670002
2682,Sabar Yolanda,F,1986-01-12,3271015201860513,089688537683,788462207,5569377454209976,sabar.yolanda227@hotmail.com,"Gang Abdul Muis No. 7, Ambon, Jawa Barat 79624",9986340693730855
2683,Ilyas Mayasari,F,1971-09-28,3502016809717655,088491340822,12113600,5278838502740942,ilyas.mayasari555@yahoo.co.id,"Jl. Merdeka No. 8, Pekalongan, BT 46594",9953542629823549
2684,Maryanto Namaga,F,1995-01-20,3501016001955917,+628125066096,88268037941745,5239345891433743,maryanto.namaga900@outlook.com,"Gang Rungkut Industri No. 3, Ambon, KT 26868",9984565575677550
2685,"Mahdi Putra, M.Kom.",M,1980-08-20,3103012008802316,089578748763,347493882796,5110123435424956,"mahdi_putra,_m.kom.@outlook.com","Gang Peta No. 76, Jambi, AC 46430",9968661957656117
2686,Darman Mustofa,F,2004-05-28,3601016805048950,08589713116,68816659818,5270710855540740,darman.mustofa886@ymail.com,"Gang Soekarno Hatta No. 412, Padangpanjang, Riau 35094",9974744162112420
2687,Kartika Yuliarti,M,2000-06-24,7301012406003295,+628384162762,216618983117410,5543392608622678,kartikayuliarti539@gmail.com,"Gg. Ahmad Yani No. 662, Surabaya, BB 76038",9913412634593124
2688,"Jefri Halim, M.Kom.",M,1963-06-07,3173010706639051,082336005249,60903821586,5151013215573271,"jefrihalim,m.kom.@outlook.com","Jl. Pasir Koja No. 88, Kota Administrasi Jakarta Timur, Jambi 93996",9923419423725398
2689,R.A. Sakura Uyainah,F,1988-04-17,3303015704888695,08533370390,90710159,5259198597037216,r.a.sakurauyainah660@gmail.com,"Jl. Kiaracondong No. 7, Purwokerto, Sumatera Selatan 86898",9960335342097764
2690,R. Yosef Hassanah,F,1963-04-17,3601015704630221,+6283319337552,1277136971984,5451341306336889,r..yosef.hassanah@ymail.com,"Gg. Sentot Alibasa No. 235, Pasuruan, Kalimantan Utara 87352",9963788829448683
2691,Drs. Aisyah Waluyo,M,1961-05-14,3171011405614184,081715563702,35381528,6011976184746128,drs._aisyah_waluyo@hotmail.com,"Jl. Laswi No. 29, Banjarmasin, RI 22662",9938340904357297
2692,Ihsan Waskita,F,1984-01-30,3174017001849978,+6285512301765,9077212122,5364251242673906,ihsanwaskita@yahoo.co.id,"Gang Cempaka No. 3, Batu, YO 59746",9934889840750458
2693,"Drs. Umar Purnawati, S.H.",M,1982-04-15,3203011504826473,+6285146967160,7966154622885,5514129275657112,"drs.umarpurnawati,s.h.838@ymail.com","Jalan Rajiman No. 06, Kota Administrasi Jakarta Pusat, Jawa Barat 10332",9974424018912021
2694,H. Jarwi Mandasari,M,1970-04-24,3272012404703341,085506786423,2356787714279,6011730715742692,h.jarwimandasari@hotmail.com,"Jalan Ahmad Dahlan No. 4, Singkawang, Sulawesi Barat 13294",9959131421932210
2695,Warsa Utama,M,1956-05-14,3501011405561390,081213810155,44155512342296,5228921651605070,warsa_utama91@gmail.com,"Gang Surapati No. 985, Tual, JT 85007",9941611719952667
2696,"Nrima Salahudin, S.H.",F,1962-10-06,3204014610622715,088458293042,81031421,4653903915959607,"nrimasalahudin,s.h.246@hotmail.com","Gg. Bangka Raya No. 9, Tanjungpinang, KR 05149",9978970091241083
2697,KH. Jarwa Prasetyo,M,1956-10-05,3302010510565127,+628835167500,7166487343249,5138892500004633,kh._jarwa_prasetyo706@gmail.com,"Gang Merdeka No. 53, Kupang, RI 07799",9948472972929697
2698,Dinda Maryadi,F,1989-07-22,5103016207898334,+628382067715,726922255,5198315007763125,dinda.maryadi@outlook.com,"Gang Sukabumi No. 1, Kendari, Kalimantan Utara 02702",9959171057707252
2699,Ulya Halim,F,1980-01-24,3201016401807335,087784696251,902405162,5543271959328197,ulya.halim937@outlook.com,"Gang Ahmad Yani No. 805, Kota Administrasi Jakarta Pusat, NT 86901",9931530314102421
2700,R. Chandra Firgantoro,F,2005-06-20,3172016006052391,08574995177,67023162832983,4235852081197974,r._chandra_firgantoro24@hotmail.com,"Jl. Astana Anyar No. 99, Malang, PA 93922",9981386734007689
2701,Jamalia Tamba,F,2002-01-04,5102014401023859,08324416729,494053572,5157423675805525,jamalia.tamba665@gmail.com,"Jl. K.H. Wahid Hasyim No. 148, Kota Administrasi Jakarta Utara, JK 99951",9991887038968425
2702,Padmi Rahimah,F,2004-05-07,5103014705045190,+6289801108528,759402161437,6011091256952597,padmi_rahimah@outlook.com,"Jl. M.H Thamrin No. 569, Semarang, Banten 05695",9926279697574949
2703,Salman Astuti,F,1993-06-19,5103015906935059,082383157815,7064490038,5410794467959614,salman_astuti834@outlook.com,"Jl. HOS. Cokroaminoto No. 7, Banjar, Sumatera Selatan 17306",9922519487704422
2704,R.A. Zahra Nuraini,F,1986-06-02,3602014206869450,08113305217,9322077748212,5270265801748636,r.a.zahranuraini925@ymail.com,"Gang Gegerkalong Hilir No. 7, Bogor, Sumatera Selatan 02840",9994641729459486
2705,Jefri Tamba,M,1974-09-07,3502010709747611,085381966842,4912235630,5475597906380612,jefri_tamba@ymail.com,"Jalan Stasiun Wonokromo No. 191, Sungai Penuh, Sulawesi Barat 48589",9926463011473426
2706,Rahmi Puspasari,M,1977-12-12,3274011212772903,08593688312,9320440834,5274486896839294,rahmi.puspasari400@gmail.com,"Jalan Kutisari Selatan No. 865, Palu, DI Yogyakarta 70548",9937099994462022
2707,drg. Argono Sirait,F,1979-11-28,6101016811799083,085184423422,99367003690,5226050572516849,drg._argono_sirait789@yahoo.co.id,"Jl. Astana Anyar No. 0, Mojokerto, AC 46150",9945227057350444
2708,Saadat Wulandari,F,2001-08-08,7301014808012738,+6283106563200,620914790815,5493920922717240,saadat_wulandari@yahoo.co.id,"Gg. Suniaraja No. 5, Palangkaraya, Bengkulu 05908",9944251219662853
2709,"Hardana Haryanti, S.Farm",F,2001-04-02,3102014204017336,082200533005,40238509929010,5559678806252916,"hardanaharyanti,s.farm455@yahoo.co.id","Gg. Joyoboyo No. 3, Sibolga, MA 43729",9932334965860282
2710,Niyaga Nainggolan,M,2000-10-01,3174010110003546,089903295170,87595770483215,5563237391266269,niyaganainggolan@outlook.com,"Gg. Asia Afrika No. 1, Bogor, SG 47142",9933656188692253
2711,"Darsirah Narpati, S.Pt",F,1968-10-09,3104014910681889,082181544444,4764683189,5312516565344400,"darsirahnarpati,s.pt@gmail.com","Jl. Bangka Raya No. 6, Kendari, Sumatera Barat 38133",9926513617814294
2712,Sutan Baktiadi Saptono,M,1955-08-12,3102011208558020,08110071424,717704586592446,4260930482133476,sutan.baktiadi.saptono557@outlook.com,"Gg. Jayawijaya No. 346, Dumai, KB 42565",9989973594603855
2713,dr. Hendri Nasyidah,M,1976-12-29,6101012912769089,+6289974749267,39089841571,5583424110588880,dr..hendri.nasyidah883@yahoo.co.id,"Jl. Cikapayang No. 5, Tanjungpinang, Kalimantan Tengah 57501",9989140180575838
2714,Gawati Palastri,M,2001-04-15,3601011504015672,+6283876840938,7601834409,6011325145020909,gawatipalastri376@yahoo.co.id,"Jl. Ronggowarsito No. 94, Kotamobagu, SU 51446",9943454589640074
2715,Hj. Rina Siregar,M,1977-02-25,3171012502777503,08214127809,9109062032,5330634436299033,hj.rinasiregar599@ymail.com,"Jalan BKR No. 656, Mojokerto, RI 88545",9923692855747201
2716,Prayoga Usada,M,1991-03-26,3102012603919410,089940720515,41541944688,6011130100830865,prayogausada@yahoo.co.id,"Gang W.R. Supratman No. 59, Solok, BT 34423",9938657778961374
2717,R. Rafid Aryani,F,2003-06-29,3172016906033559,08956223593,39399874080208,6011525456847990,r..rafid.aryani761@yahoo.co.id,"Gang Pasteur No. 4, Pontianak, Riau 46288",9982691082792202
2718,Narji Sitorus,M,1967-10-31,3103013110677441,081519875622,7734214267748,5571105773085820,narji_sitorus@gmail.com,"Jl. Dipatiukur No. 5, Sorong, Kalimantan Selatan 35611",9961609678821820
2719,Carub Laksita,M,2006-04-23,7101012304066415,08555436597,85626922,5384209221360570,carublaksita628@ymail.com,"Gg. Rajawali Timur No. 93, Cimahi, KB 91761",9932779150646069
2720,"drg. Puti Marpaung, S.E.",F,1988-02-28,3174016802882155,085729534322,863944572826,4867967927259984,"drg._puti_marpaung,_s.e.617@gmail.com","Jalan Gedebage Selatan No. 574, Pontianak, ST 74073",9980347616208690
2721,Kamal Utami,F,1988-02-27,3401016702885965,+628962171467,980505838,5414621894179570,kamal_utami@gmail.com,"Gang Tubagus Ismail No. 77, Meulaboh, JA 44251",9965918542094031
2722,Lembah Sihotang,M,1959-11-15,3602011511599884,081266993617,37145839187,5125145460607642,lembahsihotang@yahoo.co.id,"Jalan Indragiri No. 2, Bima, PA 86348",9989725212818441
2723,Yono Aryani,M,1968-10-08,7101010810689959,085999707045,921354975993,5238496125559226,yono.aryani714@outlook.com,"Gg. Pasir Koja No. 1, Lhokseumawe, Maluku Utara 37520",9928647488831723
2724,Kezia Suryatmi,F,1960-05-31,7102017105602021,082225983913,33235916610,5346443992061109,kezia_suryatmi974@hotmail.com,"Jalan Sukabumi No. 4, Malang, Sulawesi Utara 37684",9985378804561227
2725,Puti Farah Santoso,M,1955-08-08,3302010808557479,088475507181,6508432344,5472755567070916,putifarahsantoso659@gmail.com,"Jl. Wonoayu No. 719, Pariaman, Gorontalo 51495",9915783096781018
2726,Hj. Kani Simbolon,F,1960-07-15,3602015507600494,+6281967580948,23395907,5554118324102467,hj._kani_simbolon11@yahoo.co.id,"Gg. M.H Thamrin No. 729, Pagaralam, DI Yogyakarta 84388",9983768695317263
2727,Yunita Namaga,M,2002-12-30,3202013012021046,08135119024,461672687,5320783248356112,yunita_namaga@outlook.com,"Jalan Kiaracondong No. 0, Palu, BA 64450",9942754372885519
2728,"Adiarja Waluyo, S.Ked",F,1967-12-17,3272015712679251,08528783326,47730603617928,5304773275288203,"adiarjawaluyo,s.ked@ymail.com","Jl. Monginsidi No. 873, Banjarbaru, BA 76327",9975527942431012
2729,Purwa Mandasari,F,1965-02-10,3171015002655409,08829870791,688345245,5267752108219142,purwa.mandasari@yahoo.co.id,"Jalan Pasirkoja No. 260, Sawahlunto, Bengkulu 73535",9996606004074315
2730,Hari Wahyuni,F,2000-10-02,5102014210001866,08516091268,4953227086582,5313367695194912,hariwahyuni840@hotmail.com,"Jl. Sentot Alibasa No. 973, Medan, GO 59964",9983420911555928
2731,Mahesa Wibowo,M,1963-01-17,3175011701635196,088181465897,607007828197599,5130465886393121,mahesa_wibowo554@gmail.com,"Jalan Rawamangun No. 05, Kota Administrasi Jakarta Selatan, Kalimantan Utara 64119",9997534510461235
2732,Nardi Pangestu,F,1988-06-01,3103014106880576,08384798431,57386880812618,6011079007748517,nardipangestu@outlook.com,"Gang Cikapayang No. 2, Kotamobagu, KB 00628",9925098187558677
2733,Hj. Elvina Marbun,F,1995-11-05,5101014511956282,08854269035,114152038,5429265716213046,hj._elvina_marbun@hotmail.com,"Gg. Rawamangun No. 9, Prabumulih, Maluku Utara 58922",9987900033302016
2734,"Jayadi Setiawan, M.Kom.",F,1972-10-25,3204016510726424,08960599123,87270578655205,5283746906476401,"jayadi_setiawan,_m.kom.@hotmail.com","Gang Erlangga No. 65, Bima, JI 63836",9911839380034707
2735,Jelita Hasanah,M,1981-09-11,3104011109816387,08145260644,32034684389547,5316048057358846,jelita_hasanah353@ymail.com,"Jl. Ciwastra No. 213, Sukabumi, Sumatera Utara 53421",9927734451505894
2736,"Oni Prabowo, S.Psi",F,1971-06-25,3502016506711544,087709827290,1318813558,5510390988032544,"oni.prabowo,.s.psi517@hotmail.com","Gang Ahmad Yani No. 8, Solok, SN 82525",9947305548989599
2737,Argono Oktaviani,F,2002-01-23,3204016301027912,083814258579,57097512417,6011942450920300,argono.oktaviani866@yahoo.co.id,"Gg. Jend. Sudirman No. 517, Tangerang Selatan, Lampung 60689",9985982860279378
2738,"H. Oman Maryadi, S.T.",F,1989-10-15,3171015510892401,085915276366,198904508394720,5369536892228986,"h._oman_maryadi,_s.t.@yahoo.co.id","Gang Raya Ujungberung No. 10, Surakarta, YO 30221",9964004237591401
2739,Lamar Sirait,F,1993-11-11,3173015111933622,083858813528,1765955900953,5484970470340528,lamarsirait997@gmail.com,"Jl. Veteran No. 8, Bogor, KS 85414",9925636177434890
2740,Hasan Pradipta,F,2007-12-05,3303014512078781,081608206808,46621313071695,5115605698735263,hasanpradipta@gmail.com,"Jl. PHH. Mustofa No. 53, Bima, Nusa Tenggara Barat 45196",9981009997847664
2741,"Dr. Nilam Pudjiastuti, M.TI.",F,1981-08-04,3402014408814859,088211994756,97933235699,6011107107264560,"dr..nilam.pudjiastuti,.m.ti.@gmail.com","Gg. Rungkut Industri No. 326, Denpasar, Kalimantan Selatan 63554",9929301576408622
2742,"Arta Pranowo, S.Kom",M,1977-08-06,3272010608770945,083837962704,927873586582363,6011062777892830,"artapranowo,s.kom@yahoo.co.id","Jl. Sadang Serang No. 19, Kota Administrasi Jakarta Barat, KB 81545",9985336276646504
2743,Putri Halimah,F,1973-06-29,3501016906732280,+628581656950,89699179164694,5471125673862777,putri_halimah195@outlook.com,"Jalan K.H. Wahid Hasyim No. 564, Tangerang, KI 99986",9958221463405590
2744,Limar Wahyudin,M,1982-09-09,3601010909822491,08235924916,22668182392457,5349229206793853,limar_wahyudin202@ymail.com,"Gang Ahmad Yani No. 99, Surakarta, Sumatera Utara 91948",9914880363009936
2745,"Jagaraga Saputra, S.Sos",F,2007-08-05,3274014508079221,088555510611,594130249372,6011612882275322,"jagaragasaputra,s.sos682@yahoo.co.id","Jl. Kutisari Selatan No. 0, Bontang, Lampung 55175",9936375213079604
2746,Gasti Hartati,M,1983-04-11,3302011104837126,082164767224,763084830132,4423345375021906,gasti.hartati152@hotmail.com,"Jl. Jend. A. Yani No. 02, Padang Sidempuan, Sulawesi Selatan 85843",9943379789664805
2747,Elisa Hidayat,M,1958-12-20,3101012012582941,081777833793,48298852496721,4132081542695000,elisa.hidayat820@ymail.com,"Jalan Rajawali Timur No. 9, Pangkalpinang, Kalimantan Tengah 54310",9986052821103478
2748,Nilam Haryanto,F,1973-07-26,3274016607737242,+6287816814375,501405254326350,6011926369036802,nilam_haryanto489@yahoo.co.id,"Jl. Rawamangun No. 96, Sabang, Nusa Tenggara Barat 97935",9941811524198733
2749,Farhunnisa Rajasa,M,2002-01-24,5103012401021925,088338327507,14429760346117,6011386355631554,farhunnisarajasa@gmail.com,"Gg. Ahmad Yani No. 52, Cimahi, Nusa Tenggara Timur 06209",9920923389362089
2750,Kusuma Gunawan,F,2003-07-25,3272016507030449,089972809504,81129063147,6011914394257753,kusuma.gunawan@hotmail.com,"Gg. Gedebage Selatan No. 14, Manado, BE 01347",9952353903160742
2751,"Elisa Rahimah, S.Sos",M,1989-03-11,3274011103894108,+6287762665754,309440302055942,4410679433203103,"elisa.rahimah,.s.sos745@hotmail.com","Jalan K.H. Wahid Hasyim No. 647, Lubuklinggau, Kepulauan Riau 92453",9931445598998995
2752,"Lala Budiman, S.Pd",M,1987-08-06,3273010608873755,08150424414,279233939925358,4619203658410757,"lala.budiman,.s.pd@gmail.com","Jl. Erlangga No. 42, Tangerang, Kalimantan Utara 85276",9970600452079599
2753,Ajiman Purnawati,M,1982-05-19,3502011905821860,085213223316,2163271549276,5551603500869748,ajiman_purnawati@hotmail.com,"Jl. Rajawali Timur No. 61, Cilegon, Banten 02097",9955923658842627
2754,Luluh Fujiati,M,1986-11-27,3176012711860519,+6285635409743,888007192,4071491823860427,luluhfujiati@ymail.com,"Gg. Wonoayu No. 175, Kendari, Jambi 02533",9968497552791467
2755,Ade Nasyidah,F,1982-02-24,3301016402828099,085806164818,531577238521329,4066994759377751,ade_nasyidah@hotmail.com,"Jalan Rawamangun No. 58, Denpasar, PA 71720",9964475558362888
2756,Ghaliyati Permadi,M,1992-03-08,3271010803920163,081771672633,5827210586,5430826015550151,ghaliyatipermadi829@yahoo.co.id,"Jl. K.H. Wahid Hasyim No. 69, Kota Administrasi Jakarta Timur, Sulawesi Tengah 13311",9939241482977265
2757,drg. Olivia Pradana,M,1974-06-24,3104012406744968,088247696341,258792008,6011687264194198,drg._olivia_pradana727@yahoo.co.id,"Jl. Tubagus Ismail No. 6, Bekasi, PA 30990",9921798192204735
2758,"Yoga Yolanda, S.Pd",M,2009-01-15,3271011501093902,+628994591932,5166121569108,5211976649671199,"yoga_yolanda,_s.pd77@gmail.com","Gg. Sukabumi No. 5, Tarakan, Papua Barat 71364",9916883598419621
2759,"Faizah Sitompul, S.Pt",F,1977-10-27,3302016710776252,08825743671,36426922664,4091417625632011,"faizahsitompul,s.pt@ymail.com","Jl. Monginsidi No. 2, Bogor, MU 48529",9993575965672235
2760,Ir. Gabriella Rajasa,F,1979-05-05,3303014505799845,+6283365929667,49768457494125,4730717853563307,ir.gabriellarajasa@gmail.com,"Gang Raya Setiabudhi No. 3, Malang, KB 97064",9964227204837268
2761,Irma Irawan,F,1955-07-25,3173016507551525,08859905589,7355387214770,4828639000366472,irma_irawan@gmail.com,"Gg. Pelajar Pejuang No. 244, Pekalongan, Kalimantan Tengah 75016",9978763054731087
2762,Siska Damanik,F,1965-11-03,3602014311655130,+628561770093,565232080256133,5136576104058716,siska_damanik@yahoo.co.id,"Gg. Dr. Djunjunan No. 526, Dumai, Sulawesi Barat 27212",9937887808068500
2763,Hana Sihotang,F,2004-06-01,3271014106048423,089674245905,265057143748,6011322545380060,hanasihotang311@outlook.com,"Gang Veteran No. 7, Pariaman, MA 72698",9978399097184366
2764,Adhiarja Irawan,M,1977-04-06,3301010604770210,087818866892,9951725202366,4912286698826439,adhiarjairawan@yahoo.co.id,"Jl. Rajiman No. 8, Bengkulu, Sulawesi Tengah 26719",9939514508905638
2765,Ega Suartini,F,1985-10-24,3176016410851532,08992733647,4533928288,5149538760329914,ega_suartini@yahoo.co.id,"Jalan Rajawali Timur No. 7, Pagaralam, JA 03849",9949187175886663
2766,"Eka Widodo, S.Ked",M,2006-06-08,3105010806065227,+6281669995581,436571673032,5333178418260489,"eka_widodo,_s.ked@yahoo.co.id","Gg. Ahmad Yani No. 61, Bau-Bau, AC 61592",9944918494634832
2767,Candrakanta Sirait,M,1988-09-22,3105012209888478,+6288455997679,30364600987773,5556448487899955,candrakantasirait685@gmail.com,"Jalan W.R. Supratman No. 0, Banjarmasin, KI 71120",9990596071872693
2768,Ajiono Yulianti,F,1962-08-17,3173015708627140,081846609648,551566009775373,5493505786481077,ajiono.yulianti799@ymail.com,"Gang Dipenogoro No. 2, Bandung, Sulawesi Tenggara 23033",9963646512069807
2769,R.M. Darman Prasetyo,M,1975-04-14,3172011404750580,+6287896483441,437666991672,6011243976239789,r.m..darman.prasetyo@gmail.com,"Jl. Moch. Toha No. 9, Tual, SU 87927",9926204173413440
2770,Kayla Farida,F,1984-12-24,3172016412842193,+628588446753,54011285,4796914760492847,kayla_farida70@ymail.com,"Jalan KH Amin Jasuta No. 4, Blitar, Papua Barat 51444",9988149980541814
2771,Jessica Haryanti,M,1998-03-18,3301011803981744,08587801435,64454995,5159864924498399,jessica.haryanti@ymail.com,"Gg. Jakarta No. 681, Tangerang, MA 98720",9947084763334452
2772,Drs. Cindy Haryanto,F,1964-07-24,3601016407644272,088550325941,67599559,5351312801511534,drs.cindyharyanto@outlook.com,"Gg. Moch. Toha No. 3, Kupang, DKI Jakarta 17963",9937934643562460
2773,Luis Sirait,F,2003-06-05,3601014506037753,+6283241924659,2812222909575,4227197560933771,luis.sirait@ymail.com,"Gang Cikapayang No. 43, Palembang, Gorontalo 98028",9953045920626959
2774,"Eman Kusumo, S.Farm",F,1970-05-20,7101016005706155,+6281612840555,4272970278,5349133161453874,"eman_kusumo,_s.farm@hotmail.com","Gg. Jend. Sudirman No. 08, Binjai, Sulawesi Selatan 23813",9980597800067776
2775,"Jamalia Laksmiwati, S.Pd",M,1981-09-03,3401010309814503,+628216427186,553733686,4204025134579646,"jamalialaksmiwati,s.pd526@gmail.com","Gg. Tubagus Ismail No. 265, Bitung, Maluku Utara 58385",9995476806016541
2776,Gina Sihotang,M,1959-09-24,3202012409591803,08511450616,607291960,5561449482202779,gina_sihotang259@gmail.com,"Gg. Peta No. 66, Pariaman, GO 29010",9914457392081663
2777,"Ir. Sadina Januar, S.Psi",M,2003-02-17,3303011702038584,+628322741647,2281857163,6011103010339972,"ir..sadina.januar,.s.psi225@gmail.com","Gg. Ahmad Dahlan No. 101, Meulaboh, BT 35359",9961468195578850
2778,R.M. Kajen Rahayu,F,2007-09-07,3303014709073810,083821379115,250840766979178,5174643803672309,r.m..kajen.rahayu929@ymail.com,"Jalan Jayawijaya No. 235, Kediri, DKI Jakarta 76602",9957429788978365
2779,Putri Padmasari,F,1979-09-03,3501014309790202,+628951548272,79787848,6011990086467525,putripadmasari40@hotmail.com,"Gang Monginsidi No. 7, Probolinggo, DI Yogyakarta 83477",9935375886264228
2780,Clara Budiman,M,1995-07-24,3273012407955107,081699885793,51381391405,6011456812594019,clarabudiman@hotmail.com,"Jl. Medokan Ayu No. 0, Pematangsiantar, JI 31148",9982036097957519
2781,"Timbul Iswahyudi, S.Pd",M,1964-07-15,5103011507642211,085611857779,341798433,5598210419224505,"timbuliswahyudi,s.pd699@hotmail.com","Gang Rajawali Timur No. 97, Bontang, Maluku Utara 34900",9935745188201243
2782,Dr. Lili Novitasari,M,2005-06-03,3301010306052010,089502811675,32099246,4762632749256126,dr.lilinovitasari@ymail.com,"Gang Abdul Muis No. 419, Bekasi, DKI Jakarta 03076",9944467094992085
2783,Jati Ardianto,M,2001-08-05,3175010508011656,+628580082058,793813602919616,4857624727581901,jatiardianto@hotmail.com,"Gang Stasiun Wonokromo No. 4, Lhokseumawe, JB 98728",9951239311497997
2784,R. Kambali Kurniawan,F,1971-12-05,3174014512710509,08560827731,85563400,4340948844894733,r..kambali.kurniawan582@ymail.com,"Jl. Pelajar Pejuang No. 40, Medan, ST 47721",9987925567922439
2785,"Drs. Hasan Napitupulu, S.Sos",F,1997-12-02,3105014212973259,083182371175,739532115130274,5566499895956288,"drs._hasan_napitupulu,_s.sos@hotmail.com","Gg. Abdul Muis No. 4, Binjai, Sulawesi Utara 31901",9949394438683929
2786,"Wani Wibisono, S.Farm",M,1978-11-29,6101012911787087,08959210299,329355336053698,5270430238545146,"waniwibisono,s.farm@hotmail.com","Jalan Dipenogoro No. 8, Sabang, KT 84047",9990026960159803
2787,"dr. Talia Hasanah, S.Pt",M,1957-05-04,3176010405571976,08960900037,97114125,5538397469596235,"dr._talia_hasanah,_s.pt993@hotmail.com","Gang Sentot Alibasa No. 41, Lubuklinggau, Riau 67157",9929244968356645
2788,Bakda Lazuardi,M,1996-12-15,3173011512964520,+6285536483024,40527347,5418902248493702,bakda_lazuardi832@hotmail.com,"Jalan Dr. Djunjunan No. 0, Sorong, Sumatera Utara 59679",9929414401624491
2789,"dr. Cemplunk Tarihoran, S.Psi",M,1998-11-11,7102011111984507,081840371037,8128217353458,6011116657927081,"dr..cemplunk.tarihoran,.s.psi32@hotmail.com","Gang Ciwastra No. 03, Malang, Sumatera Selatan 80861",9942478285419785
2790,"Prabawa Winarsih, M.TI.",F,1982-06-05,3303014506821700,+628536623740,55757158770069,5151741268318224,"prabawa.winarsih,.m.ti.695@gmail.com","Jalan Pelajar Pejuang No. 299, Probolinggo, Papua 21013",9933818993056546
2791,Drs. Padmi Pratama,M,1967-01-14,3401011401673344,+6282357751547,5843580723,6011175040128094,drs._padmi_pratama@hotmail.com,"Jalan Cikapayang No. 765, Ternate, Bali 40565",9930752637170875
2792,Rafid Thamrin,M,1994-12-11,3401011112941077,+6288185263730,6337231570298,5215091261133739,rafidthamrin@gmail.com,"Jl. Kendalsari No. 90, Tangerang Selatan, SG 46369",9971482906040975
2793,"Drs. Prabowo Permata, S.IP",M,2001-08-01,3273010108014200,+6281230445762,4260917310,6011809450254825,"drs.prabowopermata,s.ip878@hotmail.com","Jalan Sukabumi No. 696, Padang Sidempuan, Kalimantan Selatan 77177",9998628527226912
2794,drg. Tina Zulaika,M,1972-05-25,3402012505725248,085741030113,3715957696,6011354036240891,drg._tina_zulaika@yahoo.co.id,"Jalan Setiabudhi No. 89, Probolinggo, JK 12452",9936345428755405
2795,"drg. Argono Tarihoran, S.Gz",F,1998-02-20,3272016002984494,+628580082245,2298738445149,6011318856169714,"drg.argonotarihoran,s.gz@hotmail.com","Jalan Raya Ujungberung No. 24, Prabumulih, JK 78950",9950296500611906
2796,Puti Ratih Pangestu,M,1960-09-08,3274010809609158,085345826271,7118502177,4305445940645126,puti_ratih_pangestu@hotmail.com,"Gang Ciwastra No. 20, Kendari, KR 38281",9957722593738093
2797,Anita Siregar,F,2005-09-25,3101016509052915,08214040113,862245687810,5240478943928395,anita.siregar515@yahoo.co.id,"Gang Jayawijaya No. 35, Tomohon, KB 62733",9976694508209277
2798,"Kenzie Anggriawan, S.H.",M,1957-10-09,3105010910578125,08777727990,191176263,5578920010919408,"kenzieanggriawan,s.h.@outlook.com","Gang Suniaraja No. 8, Kota Administrasi Jakarta Barat, KB 09549",9955979777936006
2799,Ciaobella Laksita,M,1976-02-10,3201011002764605,+628847349294,53994499780481,6011090565463647,ciaobella.laksita890@outlook.com,"Gg. Ahmad Yani No. 991, Mojokerto, ST 17099",9961236263646756
2800,Parman Gunarto,F,1975-04-24,3274016404756867,+628810770177,334466589,4238719727697670,parmangunarto798@gmail.com,"Jalan Raya Setiabudhi No. 62, Banjarmasin, Banten 80579",9931550704599113
2801,Kasiyah Damanik,M,2007-10-22,3175012210075538,08331933484,104464198081564,5192119213309194,kasiyahdamanik54@outlook.com,"Gang Pelajar Pejuang No. 566, Banjar, Papua 27562",9972349799179856
2802,"R. Ayu Marpaung, S.IP",F,1998-07-08,3501014807988208,+628219075611,50626749,4745546815957699,"r._ayu_marpaung,_s.ip@hotmail.com","Jl. Ahmad Yani No. 0, Depok, SG 13760",9963032161271060
2803,"Jaga Nashiruddin, S.Ked",F,2007-05-30,3501017005073170,081396618032,4064908587941,6011480083024883,"jaga_nashiruddin,_s.ked431@outlook.com","Jalan Ir. H. Djuanda No. 775, Pasuruan, Sulawesi Utara 66853",9921923229629954
2804,Calista Sihombing,M,2000-01-27,3102012701009346,+628833361679,217758021883429,4380695131911762,calistasihombing@gmail.com,"Jalan Rajiman No. 57, Palangkaraya, NT 78564",9926105571987470
2805,"H. Laksana Nugroho, S.T.",M,1975-01-05,3274010501751788,08112679935,27631976,4386906017429065,"h..laksana.nugroho,.s.t.@hotmail.com","Gg. Sukajadi No. 2, Bekasi, Riau 22873",9955393297347704
2806,Kunthara Hastuti,M,1972-10-29,3173012910725212,08335449087,688480140,5409912503754505,kunthara_hastuti@ymail.com,"Gg. Medokan Ayu No. 448, Surakarta, SB 47639",9925049812419253
2807,"Citra Budiyanto, S.Kom",F,1979-04-14,3402015404795131,08784903479,876463772274,5217763049315312,"citra.budiyanto,.s.kom@yahoo.co.id","Gg. Rajiman No. 6, Padang Sidempuan, Sumatera Selatan 74205",9944353929165312
2808,Mulya Simbolon,M,1992-04-04,3175010404927717,08566428551,73377318,4933281384038360,mulya_simbolon165@gmail.com,"Jalan Ir. H. Djuanda No. 634, Magelang, JK 51531",9973187944916679
2809,Belinda Wastuti,M,1962-05-17,7101011705627528,087777744620,20099585,4911532276034846,belinda_wastuti@gmail.com,"Jalan Jayawijaya No. 6, Lubuklinggau, Gorontalo 66017",9974713397304263
2810,"H. Gara Purnawati, S.H.",M,1955-12-21,3202012112556058,08992677280,1090154668,4797842553961166,"h.garapurnawati,s.h.826@outlook.com","Jl. Rumah Sakit No. 22, Lhokseumawe, YO 46552",9916028035651714
2811,"Rahayu Tarihoran, M.Kom.",F,1992-05-18,3171015805925805,08994589741,637573942661,4995833053981930,"rahayu_tarihoran,_m.kom.@outlook.com","Jalan Sukabumi No. 3, Ambon, KB 71131",9997666089815546
2812,Cakrabirawa Hutasoit,M,1982-03-28,5103012803821080,082279344236,5232361789614,4944664453707526,cakrabirawa.hutasoit114@gmail.com,"Gg. Cempaka No. 5, Mataram, ST 34328",9941256943787092
2813,Puti Fitriani Mahendra,M,1964-12-15,3172011512646223,+6287870273761,391799989,4883906767270622,puti.fitriani.mahendra599@gmail.com,"Gang Indragiri No. 4, Manado, Sumatera Selatan 84698",9919151779840379
2814,Farhunnisa Mandala,M,1999-02-11,3176011102990747,+6282250514992,2415584153,4747059085641758,farhunnisa.mandala294@hotmail.com,"Gang W.R. Supratman No. 713, Banjarbaru, JT 46984",9985706800821668
2815,Drs. Olga Dabukke,F,1973-12-26,5101016612735256,082322021299,661626577122907,5500285582323855,drs..olga.dabukke945@gmail.com,"Jalan Joyoboyo No. 78, Banjarbaru, Sulawesi Barat 64658",9925869398369089
2816,Ir. Puspa Mandasari,M,2003-07-31,3201013107033899,+6285317666416,4097811945,5248808736126128,ir.puspamandasari@ymail.com,"Gang Sukajadi No. 128, Bogor, Banten 74939",9937039089316483
2817,Drs. Cornelia Hutapea,M,1999-11-18,3402011811990961,08176777639,362605614189234,4119629928425086,drs._cornelia_hutapea@ymail.com,"Jl. Ciumbuleuit No. 12, Bau-Bau, Kalimantan Tengah 84054",9996234759475051
2818,"Kayla Winarsih, S.Psi",M,2000-08-01,3173010108003926,08578079841,124519917,5193169746279882,"kayla_winarsih,_s.psi@ymail.com","Jalan Abdul Muis No. 7, Parepare, Papua 90032",9951089097439758
2819,"Mala Dongoran, M.Kom.",M,1963-10-07,3501010710637422,083333633019,67246746885016,5161481521380222,"mala_dongoran,_m.kom.@outlook.com","Gang Moch. Toha No. 674, Pagaralam, Kepulauan Riau 10323",9996427836926115
2820,Ir. Respati Thamrin,F,2008-05-14,3103015405082199,082305744550,29188025405777,5590554960155986,ir.respatithamrin@outlook.com,"Gang Ronggowarsito No. 058, Prabumulih, KB 96459",9960036514331354
2821,Puji Maryadi,F,2007-01-15,3202015501073983,08575655948,655413260494352,5423056115272777,puji.maryadi@gmail.com,"Jl. HOS. Cokroaminoto No. 1, Manado, Papua 92307",9966302061059882
2822,Carla Mahendra,F,1984-07-23,3172016307847647,089558039858,300002341432353,6011557551420333,carlamahendra@yahoo.co.id,"Gg. Cihampelas No. 779, Langsa, BB 47597",9994149076865738
2823,Salman Kusumo,M,1958-12-16,6101011612584388,08339367584,794158676511171,4812987169455549,salmankusumo@hotmail.com,"Jalan Gardujati No. 0, Langsa, JI 45963",9944421082814128
2824,Maria Nuraini,M,1986-02-03,3102010302862711,081275462969,821508421451,4097352000633387,marianuraini997@gmail.com,"Jl. Antapani Lama No. 0, Malang, NT 26327",9915905290149252
2825,"R. Nurul Usada, S.Pt",F,1974-02-09,3174014902741373,08569850452,7187418519547,5268473375098719,"r..nurul.usada,.s.pt@ymail.com","Jalan Gardujati No. 0, Kendari, Sulawesi Tengah 88073",9984181223260634
2826,Unjani Uyainah,M,1978-09-08,3176010809782802,081647720334,9991182769,5322460193084473,unjaniuyainah10@hotmail.com,"Gg. Suryakencana No. 5, Tegal, JA 43356",9942784885168606
2827,dr. Winda Dongoran,F,1962-12-18,3175015812624541,+6288184283888,643347052,5234529278632117,dr.windadongoran964@gmail.com,"Jl. Monginsidi No. 00, Banjar, Jawa Barat 20532",9943074097513230
2828,Kemba Rahmawati,M,1995-09-14,3105011409959315,08854378453,54834599619,5203873072102693,kembarahmawati622@hotmail.com,"Jalan Ahmad Dahlan No. 8, Kupang, Sulawesi Selatan 17101",9977028896133793
2829,"Drs. Elvina Saptono, M.M.",F,1970-08-28,3302016808700512,087868534434,980222596256,4476862498267759,"drs..elvina.saptono,.m.m.@ymail.com","Gg. Kebonjati No. 0, Padangpanjang, MU 68885",9912032365919519
2830,Victoria Firgantoro,M,1980-02-29,3105012902804991,081847911424,840005616184,5348707078896089,victoria_firgantoro@yahoo.co.id,"Jl. W.R. Supratman No. 350, Tanjungbalai, Maluku 06327",9927799315716439
2831,Wardi Wulandari,F,1997-07-31,3103017107973624,08179104623,1650943106048,5393572347964699,wardiwulandari@ymail.com,"Jalan Kapten Muslihat No. 94, Palangkaraya, MA 86676",9980305447941462
2832,"Opan Rajasa, S.Farm",F,1996-12-19,3175015912961622,085696626093,27361237787,5261872249795849,"opan.rajasa,.s.farm@ymail.com","Gg. Antapani Lama No. 001, Tual, Sulawesi Tengah 37847",9934703454177319
2833,Prabu Kusmawati,M,1994-09-21,3602012109945558,083854300536,612977248303,5359755341213290,prabu.kusmawati@yahoo.co.id,"Jl. Ir. H. Djuanda No. 83, Pariaman, Sulawesi Selatan 23345",9934307150589671
2834,Ika Lazuardi,M,1957-08-10,3271011008574454,+6283815658653,38982813683,5165280847540179,ika.lazuardi@outlook.com,"Gang Rawamangun No. 6, Bau-Bau, BT 00591",9922793633641234
2835,Karta Wibowo,M,2001-03-30,3201013003017203,085996624324,7776161503152,5519724567106812,karta_wibowo@gmail.com,"Jalan Wonoayu No. 348, Kotamobagu, Bengkulu 69631",9982432314857048
2836,"Jelita Usada, S.I.Kom",M,2007-01-02,3701010201070689,085104447461,92808102,5392669929503983,"jelita.usada,.s.i.kom@yahoo.co.id","Gang Yos Sudarso No. 75, Tanjungbalai, Kalimantan Tengah 83823",9953853871399413
2837,"Opung Nasyiah, S.T.",F,1981-09-26,3201016609811220,08580471324,73647692706,4425612047176978,"opung.nasyiah,.s.t.@ymail.com","Gang Asia Afrika No. 381, Pekalongan, PA 18429",9957606512837849
2838,Ulya Setiawan,F,1967-05-28,3173016805672619,085623972821,29428978,5163815228820494,ulya_setiawan494@yahoo.co.id,"Jl. Waringin No. 33, Surabaya, BT 06536",9917376607246013
2839,Widya Pratiwi,M,1957-08-07,3274010708576628,+6288365841069,8641991190,5478137160973059,widya.pratiwi76@ymail.com,"Gg. Joyoboyo No. 108, Meulaboh, JI 75699",9982080151002626
2840,"Ade Fujiati, S.Ked",M,1993-03-17,3601011703931098,088495978214,8492571483,4504456673941976,"ade_fujiati,_s.ked@gmail.com","Gang Antapani Lama No. 5, Padang, GO 82892",9977504563907745
2841,"Anita Laksmiwati, S.Psi",M,2001-11-04,5102010411011526,082179517871,6801007914,5266768453811594,"anita_laksmiwati,_s.psi700@outlook.com","Gg. Stasiun Wonokromo No. 097, Jayapura, KS 31492",9932009332776155
2842,drg. Ratna Kuswoyo,M,1982-04-19,3173011904821725,085120650987,388496405,5231506894649179,drg._ratna_kuswoyo@outlook.com,"Gang H.J Maemunah No. 86, Kota Administrasi Jakarta Pusat, MU 96422",9916512219979711
2843,"KH. Kasim Pertiwi, S.E.I",F,1956-10-04,3176014410567297,08592922014,74512543644,5548912478530203,"kh.kasimpertiwi,s.e.i@outlook.com","Jl. Antapani Lama No. 580, Medan, RI 44910",9952751998798946
2844,Zaenab Pradipta,F,1982-08-03,5101014308826345,08111046472,30795591,5298732291652006,zaenabpradipta@hotmail.com,"Jl. Cempaka No. 2, Palembang, SS 40793",9994712844994151
2845,R. Wakiman Puspita,M,1962-08-24,5101012408627087,089604264705,76400218,5342364556254229,r._wakiman_puspita@outlook.com,"Jalan Rajiman No. 11, Jayapura, Lampung 20736",9915296650895919
2846,Jamalia Hasanah,F,1958-10-11,3202015110581529,083828494535,7103691628875,4865062985923290,jamalia_hasanah@yahoo.co.id,"Jalan S. Parman No. 80, Banjarmasin, BA 13302",9998255521500891
2847,Yunita Pudjiastuti,M,1994-03-03,3171010303946443,+6288136496773,93240821813151,5219474288100632,yunitapudjiastuti@gmail.com,"Jl. Dipatiukur No. 3, Bima, Nusa Tenggara Timur 92772",9933987762655136
2848,Mariadi Hassanah,F,1969-08-09,5102014908696775,08213431575,611343606077,5513131437632562,mariadihassanah@outlook.com,"Gang Ciumbuleuit No. 4, Sabang, GO 83365",9929828753363681
2849,Ira Laksita,F,1988-09-30,3103017009886484,+6289650315103,86720007,5127234203095126,ira_laksita474@gmail.com,"Gang Gedebage Selatan No. 2, Pekanbaru, Kalimantan Timur 82656",9935880026621072
2850,Patricia Usada,F,1961-10-05,3303014510614331,+6285854269998,93737698,5456092474010049,patricia.usada@yahoo.co.id,"Gg. Surapati No. 99, Meulaboh, JI 70866",9957494261269244
2851,"T. Wira Nasyiah, S.Farm",F,1974-05-21,3201016105746751,+6287843592965,742234174397116,5511433931434395,"t.wiranasyiah,s.farm@ymail.com","Gang Kutisari Selatan No. 76, Jambi, SS 07506",9955494647740680
2852,Marwata Prayoga,M,1983-07-14,3204011407832473,+628950157794,69690371,5190768384123612,marwataprayoga@yahoo.co.id,"Jl. Pelajar Pejuang No. 41, Palangkaraya, SB 57073",9996287737989155
2853,Tgk. Elon Waskita,F,1990-01-11,3105015101909191,081219015525,774885442131705,5589536645776237,tgk..elon.waskita@yahoo.co.id,"Jl. Erlangga No. 213, Ambon, Nusa Tenggara Barat 89288",9956776743808867
2854,Nasab Wastuti,M,2003-02-15,3174011502030945,+628130253258,43177633107146,5438819025448309,nasab_wastuti@outlook.com,"Gang Suniaraja No. 3, Pekanbaru, Sumatera Utara 70799",9994816932295816
2855,"Hj. Rahayu Anggriawan, S.Farm",M,1994-05-25,3103012505943838,+6281351779241,48486817,5279145252031939,"hj.rahayuanggriawan,s.farm@yahoo.co.id","Gg. Peta No. 449, Salatiga, Sumatera Barat 70848",9926237197290504
2856,Dewi Kusumo,M,1995-04-24,3175012404957512,083371794405,598735552,5132742532422323,dewi.kusumo@outlook.com,"Gang Indragiri No. 34, Pagaralam, PA 94162",9970080270671578
2857,"H. Prasetyo Wijaya, M.M.",M,1989-04-17,3174011704898608,08789030186,1284185428,4188726992767263,"h._prasetyo_wijaya,_m.m.584@gmail.com","Gg. Jamika No. 7, Bau-Bau, Kalimantan Utara 15667",9936545192078542
2858,"Sakti Safitri, S.Pt",F,1958-07-21,3302016107586303,08577144118,7593005233844,5189633481416760,"sakti_safitri,_s.pt@outlook.com","Jalan Abdul Muis No. 59, Tasikmalaya, BT 18980",9969444638019958
2859,Dimaz Jailani,F,1963-04-21,3174016104639965,+6289877747142,5491198262,6011308136594674,dimazjailani987@outlook.com,"Jalan Kebonjati No. 61, Parepare, KU 17414",9995517993315032
2860,Karimah Salahudin,F,1977-03-24,3204016403770898,085305141716,424906907,6011002424598946,karimah_salahudin826@gmail.com,"Jl. Laswi No. 59, Padangpanjang, MA 56630",9966615020682391
2861,Farah Pradipta,M,1992-06-26,3273012606925759,088528532331,744677698,5192406542120284,farah_pradipta@yahoo.co.id,"Gang Asia Afrika No. 744, Madiun, KB 01916",9938054841324732
2862,Hana Hariyah,M,1974-12-20,3202012012744967,081546629997,26622458604,5485778408843512,hana.hariyah@ymail.com,"Gang Medokan Ayu No. 7, Pekalongan, Gorontalo 41452",9993990805802260
2863,"Tgk. Pia Astuti, S.T.",M,1970-01-04,3302010401709820,088367922709,70054075762796,5511286922220746,"tgk..pia.astuti,.s.t.@hotmail.com","Gg. Astana Anyar No. 0, Dumai, Nusa Tenggara Timur 84063",9977244092418688
2864,Tgk. Suci Waskita,M,1987-07-15,5102011507876822,+6289807406817,48552452414117,5305913618562012,tgk.suciwaskita@gmail.com,"Jl. Erlangga No. 004, Cirebon, SN 38470",9999559933323801
2865,R. Kamal Manullang,F,1994-10-15,3175015510946319,08996265961,1232314223548,4149609144785389,r..kamal.manullang772@outlook.com,"Jl. Sukajadi No. 392, Mojokerto, Jawa Barat 93286",9919162363013633
2866,"Winda Lazuardi, S.IP",M,1974-09-21,3274012109743722,08534841093,948201856,5245342625703463,"winda.lazuardi,.s.ip@hotmail.com","Jl. Monginsidi No. 3, Bandar Lampung, Sulawesi Selatan 38183",9963108532471683
2867,"Luthfi Narpati, S.T.",F,2004-06-05,7102014506043394,+628221136931,8734910534,5113299726793463,"luthfinarpati,s.t.85@hotmail.com","Gang Joyoboyo No. 776, Tangerang Selatan, SN 79117",9944139021325735
2868,"R. Gilda Pradana, S.Psi",M,1962-10-22,3173012210620345,08149839606,913382244,5424424919846362,"r..gilda.pradana,.s.psi488@outlook.com","Gg. Laswi No. 535, Cimahi, Sulawesi Tenggara 45040",9967251253305575
2869,Emas Hassanah,M,1986-03-27,3103012703861809,085821178643,828795228736379,5130137688582228,emas_hassanah236@yahoo.co.id,"Jalan Jayawijaya No. 9, Batu, JB 46821",9965771014154228
2870,Diah Rahimah,F,1976-10-27,3204016710766854,08121323502,61248599027,6011367670869428,diah.rahimah@yahoo.co.id,"Gg. H.J Maemunah No. 73, Tasikmalaya, JI 22426",9982042243302232
2871,"Drs. Tari Prabowo, S.Sos",M,1966-01-03,7101010301667890,08235303165,41216913885,5120888457947060,"drs._tari_prabowo,_s.sos5@gmail.com","Gang Dr. Djunjunan No. 52, Probolinggo, Kepulauan Riau 59044",9963979208467935
2872,"Cornelia Handayani, S.Farm",F,1980-05-09,3103014905807347,+6285752090641,89754053194096,5394959368243430,"cornelia.handayani,.s.farm@yahoo.co.id","Gang Ciumbuleuit No. 579, Surakarta, BT 52532",9937177182526211
2873,"Cagak Santoso, S.Pd",M,1986-06-24,3101012406865255,089663174438,17303163959118,5496184833279305,"cagak_santoso,_s.pd@gmail.com","Gang Gedebage Selatan No. 9, Lubuklinggau, AC 75472",9971564275592544
2874,"R. Paiman Sinaga, M.M.",F,1993-12-06,3401014612933161,085767224383,5091116091,5253099654317530,"r.paimansinaga,m.m.@hotmail.com","Jalan Sentot Alibasa No. 0, Tarakan, Sulawesi Selatan 20437",9979705757924542
2875,Eka Suryatmi,F,1979-03-01,3501014103799858,+6288500073590,112366649275,6011820636617185,eka_suryatmi884@outlook.com,"Gg. M.T Haryono No. 92, Binjai, NT 83056",9934186449491685
2876,"Anastasia Purwanti, S.Gz",M,1984-11-20,3301012011843468,089682061756,963670724133445,5176077556229230,"anastasia_purwanti,_s.gz@outlook.com","Jalan Kutisari Selatan No. 8, Cimahi, Banten 52109",9976846713239523
2877,Daliman Usada,F,1969-12-29,3302016912698606,+6288306449132,4755876760,4721982198396218,daliman_usada349@outlook.com,"Jalan Lembong No. 279, Semarang, AC 51002",9997426275995319
2878,Drs. Wirda Mansur,M,1964-05-10,3274011005647330,083161182105,915382553461695,4054025204579478,drs.wirdamansur@outlook.com,"Gg. Kendalsari No. 4, Cimahi, SN 32240",9943625035983380
2879,"Hj. Nadia Kusmawati, S.Gz",F,1984-12-17,3273015712847169,+6281471784549,547724335448,5242390287985263,"hj.nadiakusmawati,s.gz@outlook.com","Jalan Rajiman No. 506, Bontang, Lampung 08889",9990087824572840
2880,R. Samiah Hardiansyah,M,1975-02-23,3204012302752190,088213403359,9427557184,6011962029925981,r..samiah.hardiansyah263@ymail.com,"Jalan K.H. Wahid Hasyim No. 866, Banda Aceh, SG 94117",9964588311177391
2881,Cut Gilda Waskita,F,1961-02-24,7301016402618875,08323930272,37730546,5539998916190584,cut.gilda.waskita@yahoo.co.id,"Gg. Gegerkalong Hilir No. 5, Tomohon, GO 59968",9992049862151220
2882,"Farhunnisa Santoso, S.H.",F,1970-04-17,3203015704703709,+628120431891,19088375,6011970263537174,"farhunnisa_santoso,_s.h.@gmail.com","Gang Ciumbuleuit No. 42, Tangerang, Maluku Utara 19477",9969831379811381
2883,Clara Rahimah,M,1957-12-31,5103013112577690,085386507363,172524082416,5495153533844743,clara.rahimah251@gmail.com,"Gg. Kebonjati No. 635, Binjai, Sulawesi Utara 34051",9947497122356948
2884,H. Wadi Palastri,M,1975-05-07,3272010705759141,08188773824,632090071978147,4850773490250624,h._wadi_palastri@outlook.com,"Jl. Kapten Muslihat No. 4, Probolinggo, SG 61154",9964112511564234
2885,Balidin Nurdiyanti,F,1963-01-31,3204017101630343,+6287844553731,3894129876,6011535474884708,balidinnurdiyanti@gmail.com,"Jl. Sukajadi No. 95, Parepare, KT 66648",9976586984008788
2886,Bakidin Pratama,F,1961-09-09,3176014909612929,08995811127,80957146,6011281118796198,bakidinpratama@ymail.com,"Jl. Dipatiukur No. 8, Binjai, GO 63822",9912685753409418
2887,Gilda Manullang,M,1969-12-28,3173012812692712,089539156508,89774854,5201707593494681,gilda.manullang457@outlook.com,"Gang Ciwastra No. 8, Sukabumi, SB 51791",9961049841002918
2888,"R.A. Lalita Prastuti, M.Pd",F,1973-11-30,3401017011731633,08820793651,8994854462,5555635655824300,"r.a._lalita_prastuti,_m.pd@gmail.com","Gang Rungkut Industri No. 4, Bandar Lampung, Lampung 08091",9997865985443811
2889,Hamzah Rahmawati,F,1957-01-06,5102014601573991,+6285833886211,7915344447033,5573052225234811,hamzah.rahmawati@hotmail.com,"Jl. Kebonjati No. 167, Meulaboh, PB 03075",9988081368943896
2890,Ir. Qori Dongoran,M,1955-05-15,3601011505553158,08140706720,88161109,5548370295212210,ir._qori_dongoran@gmail.com,"Jl. Cikutra Barat No. 71, Samarinda, GO 96510",9964938117646088
2891,Rahmi Marpaung,F,1998-08-28,3402016808988676,+6281662994703,9239240985,5514316491344046,rahmimarpaung779@yahoo.co.id,"Jalan Yos Sudarso No. 94, Tanjungbalai, Nusa Tenggara Timur 93185",9926004149579570
2892,"Maya Winarno, S.Psi",F,2002-01-25,7301016501026885,089563445280,8412476871391,5290762946367724,"maya_winarno,_s.psi@yahoo.co.id","Gang Monginsidi No. 268, Ambon, SU 32019",9934677160952122
2893,"Rahman Pratama, S.Ked",F,1980-04-14,3202015404808556,08330850672,21913374,5199248302108785,"rahman_pratama,_s.ked2@hotmail.com","Gang Gegerkalong Hilir No. 255, Bau-Bau, JA 77615",9985328213260621
2894,Dt. Ihsan Mardhiyah,F,2001-03-07,3402014703016963,08383387469,403158425,5314293831159245,dt._ihsan_mardhiyah@hotmail.com,"Gg. Sukajadi No. 60, Kota Administrasi Jakarta Pusat, JB 97657",9984090721920166
2895,Hamima Salahudin,M,1960-03-15,3701011503603063,088347894109,8130666798,5512675998822978,hamimasalahudin82@gmail.com,"Gang Dipatiukur No. 6, Kota Administrasi Jakarta Pusat, BA 40905",9974950748277654
2896,"Eja Saragih, M.Farm",F,1971-08-08,3501014808718825,089648662998,915826924,5193594109083777,"eja_saragih,_m.farm328@outlook.com","Jalan Gardujati No. 53, Ternate, KT 76667",9997160253168842
2897,Slamet Rajasa,M,1974-06-21,3501012106748326,08570933532,20917533738993,4827641277815756,slametrajasa@ymail.com,"Jl. Dr. Djunjunan No. 79, Balikpapan, RI 81124",9982206972168836
2898,Raden Kusmawati,F,1975-02-15,3102015502750898,+6281690232961,131670861,5589078771985884,raden_kusmawati672@gmail.com,"Jalan Raya Ujungberung No. 968, Bima, JB 71662",9960866397918985
2899,Hj. Ghaliyati Tamba,F,1966-05-09,3173014905665123,087701765784,89368728788746,5230718940567646,hj._ghaliyati_tamba@ymail.com,"Jl. Rawamangun No. 7, Padangpanjang, Nusa Tenggara Barat 81326",9954165542324817
2900,Safina Rajata,M,1960-07-14,3274011407603523,083267562552,628787473264353,5271379151124631,safina_rajata@gmail.com,"Jl. Otto Iskandardinata No. 2, Dumai, Jawa Barat 02530",9918720899427193
2901,"drg. Nadine Saragih, S.Ked",F,1970-01-31,3103017101704788,08557800133,2066844811791,5320292759602454,"drg..nadine.saragih,.s.ked236@yahoo.co.id","Jalan Moch. Ramdan No. 156, Tanjungpinang, SS 56287",9972264328988034
2902,"Balamantri Melani, S.T.",M,1973-07-17,3176011707736856,08183570518,8923193729070,5281006418590336,"balamantri.melani,.s.t.@yahoo.co.id","Gang Ahmad Yani No. 152, Kota Administrasi Jakarta Pusat, Papua 16639",9984386566507660
2903,Daniswara Mustofa,F,1966-07-06,3201014607660077,085221177348,640980715241,4504744107509203,daniswara_mustofa855@gmail.com,"Jalan Rawamangun No. 182, Tanjungpinang, Nusa Tenggara Barat 74125",9962452082275365
2904,Kenari Palastri,M,1960-08-19,3701011908607560,08330090036,37464491,6011876275618380,kenari_palastri912@outlook.com,"Jalan Suryakencana No. 791, Kota Administrasi Jakarta Timur, Nusa Tenggara Barat 76696",9976448447395315
2905,Hendra Hartati,F,1963-05-05,3501014505638910,088439112144,3047470324264,5548769647683621,hendra_hartati820@gmail.com,"Jalan HOS. Cokroaminoto No. 345, Tanjungbalai, Kepulauan Riau 75659",9946512282696456
2906,Daniswara Ardianto,F,1994-02-25,3701016502946181,+628785893899,6404378942,4760497836267457,daniswaraardianto@outlook.com,"Gg. Jend. Sudirman No. 371, Meulaboh, Maluku 33519",9981030672566482
2907,Sari Manullang,M,1988-10-30,3202013010882202,+628315526114,82552906069,5325827340095511,sari_manullang@yahoo.co.id,"Gg. HOS. Cokroaminoto No. 2, Tomohon, Aceh 06764",9928015422392308
2908,"Wawan Latupono, S.Pt",M,1961-12-30,7101013012611265,08555465422,8565759649501,5453873763797581,"wawan_latupono,_s.pt209@yahoo.co.id","Jl. Ciumbuleuit No. 910, Mojokerto, BT 52049",9994934971864447
2909,Lidya Nasyidah,F,1973-08-05,3174014508739979,08819083627,55397277995,5483372619469781,lidya.nasyidah823@outlook.com,"Jl. Kiaracondong No. 9, Gorontalo, SU 27839",9944857340258084
2910,"Rahayu Anggriawan, S.E.",F,2004-02-16,3173015602047466,08575061820,99242777,5411737123839181,"rahayu.anggriawan,.s.e.@hotmail.com","Gg. Pasteur No. 8, Pasuruan, SR 57765",9997415901703294
2911,dr. Rina Marbun,M,1972-01-20,3303012001720980,08316642774,2522995721,6011601802118137,dr._rina_marbun@yahoo.co.id,"Jalan Ciumbuleuit No. 453, Palu, Kepulauan Bangka Belitung 16084",9967663458617990
2912,Puji Zulaika,M,1991-11-18,3174011811911620,083825983942,7375406824634,5245651468298865,puji_zulaika961@yahoo.co.id,"Jl. Lembong No. 4, Subulussalam, Lampung 74848",9948117697160884
2913,"Harto Safitri, S.Pd",F,1974-05-22,3273016205742975,087879119937,50259770650859,5585941814527318,"hartosafitri,s.pd189@yahoo.co.id","Gg. Jend. Sudirman No. 572, Kota Administrasi Jakarta Pusat, JB 07133",9999628318884979
2914,Emong Pradipta,F,1997-11-01,3401014111974223,08531644681,36339126578525,5112401117148721,emongpradipta154@outlook.com,"Gang Kapten Muslihat No. 12, Tegal, Nusa Tenggara Timur 45259",9984178699167587
2915,"R.A. Maimunah Natsir, S.Ked",M,1997-03-28,3701012803977845,087742231299,77569731637,5414012784104678,"r.a.maimunahnatsir,s.ked660@hotmail.com","Jalan Cikutra Barat No. 7, Kendari, KT 68620",9922726884961424
2916,Gabriella Pratiwi,M,1993-10-16,3401011610931067,08222364207,5064976477,5111712518119981,gabriellapratiwi865@outlook.com,"Jl. M.T Haryono No. 9, Pekanbaru, Kalimantan Tengah 07398",9986115210368063
2917,"Wakiman Sinaga, S.Psi",M,1971-08-06,7102010608716397,085331387216,600921101,5438394423896716,"wakiman_sinaga,_s.psi147@hotmail.com","Gg. Monginsidi No. 511, Padangpanjang, Jawa Barat 85662",9979835780744557
2918,"Umi Wijaya, S.E.",M,1959-01-25,3501012501597598,08338868011,83799649,6011124596898282,"umi_wijaya,_s.e.168@ymail.com","Jalan S. Parman No. 445, Malang, JK 99753",9965874835468752
2919,Ega Rajata,M,1990-04-28,3176012804903970,081198121149,5299811944,4284720620425178,ega_rajata274@outlook.com,"Gg. Raya Ujungberung No. 45, Bekasi, JB 21988",9944079859359577
2920,Damu Hutapea,F,1971-03-31,7101017103719606,081645267889,93342253204,4788105249043949,damu_hutapea@ymail.com,"Jalan Cikutra Barat No. 9, Bandar Lampung, Jawa Tengah 20241",9963693783824908
2921,Laila Rahayu,F,1998-12-02,3401014212988039,088242980148,82932900721,5178703139816731,laila_rahayu251@gmail.com,"Jalan M.H Thamrin No. 826, Palopo, LA 00977",9951690812365646
2922,"Zulaikha Sihombing, M.Farm",F,1967-03-02,7101014203678170,08178652083,322688084,5440560686423484,"zulaikhasihombing,m.farm@yahoo.co.id","Gang Kutai No. 121, Mataram, NB 01253",9982994327673418
2923,Ian Rajata,F,1968-11-04,3502014411686839,081931418195,77666413677268,5193372406559672,ian.rajata459@ymail.com,"Gg. Cikutra Barat No. 75, Langsa, LA 31482",9993528892900423
2924,Lukman Rajata,M,1965-02-12,3176011202659684,083128098837,5550922306360,5214492004357393,lukman.rajata656@yahoo.co.id,"Jl. Sentot Alibasa No. 53, Bengkulu, RI 55026",9970330115943888
2925,Tgk. Wirda Uwais,M,1999-09-12,3103011209992586,088328858534,941352966414,5374118156861537,tgk._wirda_uwais669@gmail.com,"Gg. Cikapayang No. 22, Sawahlunto, Kalimantan Selatan 88668",9952721625703461
2926,Baktiadi Dabukke,M,1986-06-14,3701011406862077,+6285667684037,890734862,5138887040610296,baktiadidabukke@gmail.com,"Gg. Peta No. 30, Cirebon, KT 14163",9971617711183347
2927,Jagaraga Uyainah,F,1990-06-15,3602015506909997,087744793970,66606404153,5359049079154257,jagaragauyainah@ymail.com,"Jalan Astana Anyar No. 502, Ambon, Sulawesi Tengah 97788",9971721255631277
2928,Wadi Saptono,M,2000-10-30,3204013010009835,089779299613,81091075624,5175024987020859,wadisaptono@outlook.com,"Jalan Setiabudhi No. 24, Pematangsiantar, LA 41471",9940711595932851
2929,"Kambali Maryati, M.M.",F,1969-04-07,3601014704695152,089612216533,67854138,5470305333891214,"kambali.maryati,.m.m.300@gmail.com","Gg. Surapati No. 9, Bogor, JA 79016",9949186449070378
2930,Samiah Budiman,M,1985-03-01,3174010103855403,+628385612097,31740657561,5373227154841136,samiahbudiman@yahoo.co.id,"Jalan Moch. Ramdan No. 994, Sukabumi, GO 15928",9942477763454419
2931,Kezia Lestari,M,1971-07-09,3101010907719937,08327881911,350991715,5379517359272572,kezialestari@gmail.com,"Gg. Sadang Serang No. 746, Tual, ST 63716",9917091124462406
2932,Betania Yolanda,F,1971-03-24,3302016403710613,085690280995,72617193151,5364064133679720,betaniayolanda497@yahoo.co.id,"Gang Kutai No. 24, Payakumbuh, Jambi 87478",9922029554137152
2933,Suci Prayoga,M,1964-01-24,3175012401649305,081224404373,937270447210149,5180089066065707,suciprayoga539@gmail.com,"Gg. Dipatiukur No. 110, Surabaya, SU 14914",9937164351383855
2934,Bakidin Mustofa,F,1959-05-07,3273014705590859,08312802401,689194679,5350637895252762,bakidinmustofa902@yahoo.co.id,"Gang Rawamangun No. 81, Tangerang Selatan, Sulawesi Utara 19423",9920989983173799
2935,Cengkir Hidayat,M,1997-04-06,3502010604976143,+628186247345,132934233,5251976873503587,cengkir.hidayat330@yahoo.co.id,"Jalan Pasirkoja No. 08, Tidore Kepulauan, Sumatera Barat 92785",9952856612197187
2936,"Febi Wasita, S.Pd",F,1979-06-09,6101014906797299,08970449798,3555329089,5566901258160559,"febiwasita,s.pd849@hotmail.com","Jalan Tebet Barat Dalam No. 70, Meulaboh, Gorontalo 46669",9948094056951700
2937,"Cut Novi Natsir, M.Farm",F,1989-01-03,3302014301895549,088479787959,309782490434,5435022809641863,"cut.novi.natsir,.m.farm409@yahoo.co.id","Jl. Gardujati No. 8, Bandar Lampung, SS 33445",9971963000350305
2938,Karen Gunawan,M,1967-08-30,3401013008674738,08840709004,5128048957,5431697922307522,karen_gunawan@yahoo.co.id,"Gg. Sukajadi No. 9, Bogor, Maluku 02783",9983232007632543
2939,Maryanto Waluyo,M,1977-11-20,3602012011774669,+628154336221,169883520078,6011687203214352,maryantowaluyo342@gmail.com,"Gg. Erlangga No. 0, Kotamobagu, SG 15379",9989068687332016
2940,"Ajiman Astuti, S.Ked",M,1964-03-19,3176011903641032,089626325032,371809846997939,5428025626237621,"ajimanastuti,s.ked692@hotmail.com","Jl. Asia Afrika No. 297, Padangpanjang, Sulawesi Utara 46553",9954576645101683
2941,Cakrawala Najmudin,M,1955-06-21,5103012106554734,+6281441658634,932624991443014,6011387636476439,cakrawalanajmudin14@outlook.com,"Jl. Surapati No. 0, Lubuklinggau, Kalimantan Tengah 23272",9998275804687439
2942,Dina Santoso,F,1967-05-22,3401016205679228,08163364190,130501061128951,5397816864720819,dina_santoso@yahoo.co.id,"Jl. Stasiun Wonokromo No. 1, Tomohon, Kepulauan Riau 23322",9933634128453164
2943,"Ilsa Anggraini, S.Sos",M,1982-04-29,3272012904826005,+6283342328128,944569425,6011822649710716,"ilsa_anggraini,_s.sos@outlook.com","Jl. Monginsidi No. 1, Dumai, Jawa Tengah 33752",9926684383731701
2944,Jelita Wijayanti,M,1959-07-27,3402012707592457,+6282118184786,45306825,5353365889662191,jelita.wijayanti@gmail.com,"Gang Gegerkalong Hilir No. 700, Pematangsiantar, SB 42259",9932652749203865
2945,Farah Firmansyah,F,1992-02-02,3204014202927709,08967602493,9289908574,5230491560872574,farah_firmansyah@hotmail.com,"Gang H.J Maemunah No. 837, Jayapura, Jawa Tengah 06083",9921745781269877
2946,Nova Prasasta,M,1955-04-26,3203012604555627,081627848192,6453499729277,5495420259495575,nova.prasasta@hotmail.com,"Gang S. Parman No. 98, Pasuruan, JK 73335",9957779217949097
2947,Sutan Jamil Rahmawati,M,2008-12-26,3101012612085000,081594209625,452413159866674,5391966373288861,sutan.jamil.rahmawati362@yahoo.co.id,"Gg. Tebet Barat Dalam No. 569, Tangerang, Sulawesi Tenggara 19278",9910702919830861
2948,"Shania Gunawan, M.M.",M,1961-09-05,3104010509614183,+6285342299172,114722224930,5259818150497814,"shania.gunawan,.m.m.275@gmail.com","Jalan Joyoboyo No. 5, Cilegon, BB 75617",9957272745869196
2949,Eka Habibi,F,1993-11-28,3101016811934653,+6288323985794,26315991,5500653816752897,eka_habibi490@ymail.com,"Jl. Gardujati No. 55, Tanjungbalai, Riau 74735",9959865797457414
2950,Mutia Sihombing,M,1961-04-02,3171010204610995,089871647034,347993956196,5375594958339095,mutia.sihombing@yahoo.co.id,"Gg. Gedebage Selatan No. 6, Sorong, SB 30249",9984913228316631
2951,Mursita Wastuti,F,2001-01-16,3303015601013288,087802267824,57067471695,6011686017785070,mursita_wastuti@gmail.com,"Jl. Rajawali Barat No. 871, Tarakan, Maluku Utara 39303",9970824559721611
2952,"Cut Fitriani Uwais, S.T.",F,1982-09-23,3201016309829011,08326082300,39264061424214,5365188222261572,"cut_fitriani_uwais,_s.t.603@gmail.com","Gg. Merdeka No. 295, Kota Administrasi Jakarta Timur, Sumatera Selatan 98759",9960228032760835
2953,Dr. Ghaliyati Mandala,M,2000-12-28,3101012812005631,+628177094084,4752319531,5421068426581710,dr.ghaliyatimandala608@outlook.com,"Jalan Wonoayu No. 2, Tanjungpinang, Riau 91062",9986126575616014
2954,Yance Haryanti,M,1956-11-23,3402012311563515,081330041195,9065267497603,5541667201707609,yanceharyanti121@yahoo.co.id,"Jl. R.E Martadinata No. 691, Probolinggo, RI 07698",9915699783073455
2955,"Tgk. Humaira Saefullah, M.Farm",M,1995-09-13,6101011309955665,+628950713468,9019416677205,5593802076156118,"tgk._humaira_saefullah,_m.farm853@hotmail.com","Jalan Cihampelas No. 542, Cirebon, Maluku Utara 73018",9970474239789688
2956,drg. Cahya Sirait,M,1995-07-18,3171011807954389,+628598470115,98155780,4334280465864091,drg._cahya_sirait64@yahoo.co.id,"Jl. Gegerkalong Hilir No. 727, Cilegon, JA 27231",9930816358537623
2957,"Hasna Prasetya, S.Pd",F,2001-12-08,3502014812013008,088425267534,96013742,6011870118997192,"hasna.prasetya,.s.pd@ymail.com","Jalan R.E Martadinata No. 677, Sawahlunto, Sulawesi Tengah 77719",9991185342359143
2958,Laila Dongoran,M,1982-09-11,3203011109820762,088536455073,974173127,5239810040409734,laila.dongoran@gmail.com,"Gang Rumah Sakit No. 7, Tual, BE 83486",9987486652977714
2959,Drs. Nurul Kuswoyo,F,1997-05-27,3102016705974231,08331303933,51207411328,5228642009529697,drs..nurul.kuswoyo27@ymail.com,"Jalan Kendalsari No. 917, Tomohon, KS 05390",9976163220056592
2960,R. Bakiadi Budiman,F,2004-07-28,3201016807044252,08853404854,1257176014621,5245696915914045,r.bakiadibudiman@ymail.com,"Gang R.E Martadinata No. 182, Gorontalo, Sulawesi Utara 19870",9957264267667421
2961,Cengkir Simanjuntak,M,1966-06-07,3174010706666219,081545253121,743278812,5416904545920886,cengkir.simanjuntak566@outlook.com,"Jl. Wonoayu No. 2, Parepare, Kepulauan Bangka Belitung 54544",9953277365303101
2962,Ibun Maryati,F,2004-06-20,7102016006044166,08527686089,90666632066595,6011690652753833,ibun_maryati@hotmail.com,"Gang Cempaka No. 7, Palu, MA 66867",9991099126958947
2963,Tgk. Dian Ardianto,M,1985-11-28,3501012811856385,+628966100171,76072875,5575483044396413,tgk.dianardianto@hotmail.com,"Gg. W.R. Supratman No. 8, Depok, ST 18259",9956360421270466
2964,"R.A. Ana Palastri, M.Kom.",F,2001-06-24,3176016406011715,08214426174,388276131750,5590800600500269,"r.a.anapalastri,m.kom.@yahoo.co.id","Jl. S. Parman No. 212, Jambi, MU 56710",9936676425060213
2965,Ella Narpati,M,1964-07-20,3103012007645559,087806509409,5792644838303,5161925191756439,ellanarpati106@yahoo.co.id,"Jl. Raya Setiabudhi No. 28, Kupang, KI 28284",9948893556852274
2966,Sakti Marbun,M,1956-09-22,3105012209568645,+6281430836392,439934925887,5501407387809719,sakti.marbun@outlook.com,"Jl. Pasirkoja No. 209, Probolinggo, JI 24796",9947893731470733
2967,Wirda Wijayanti,F,1990-10-09,3271014910905051,088399600719,27326987966491,6011260443256946,wirda_wijayanti932@gmail.com,"Jl. Dipenogoro No. 29, Banjarbaru, KT 51376",9982508266550753
2968,"Kasusra Rajata, M.TI.",F,2003-02-01,3401014102038396,+628111447622,479650848,4198589449093594,"kasusra_rajata,_m.ti.@ymail.com","Gg. Yos Sudarso No. 9, Sabang, Lampung 19208",9950825127751371
2969,Sarah Aryani,M,1994-03-09,3602010903947728,+628846373527,434725560302,4805680285347175,sarah_aryani313@hotmail.com,"Jalan Ahmad Yani No. 05, Probolinggo, LA 93401",9920731442253770
2970,Karimah Natsir,M,1957-10-01,6101010110575890,+6281306188047,25634425406043,5578221717219303,karimah_natsir@outlook.com,"Jl. Sadang Serang No. 50, Cirebon, NB 12272",9972482238252802
2971,Shania Purnawati,F,1975-05-06,3101014605755627,+6283873490900,894169676781767,5299767976814361,shaniapurnawati@outlook.com,"Jl. Antapani Lama No. 95, Magelang, BB 77239",9937291275938863
2972,"Jayeng Nurdiyanti, S.Kom",M,1975-06-21,3201012106754693,08220914489,218400027541873,4855846528651584,"jayeng_nurdiyanti,_s.kom@ymail.com","Jalan Tubagus Ismail No. 806, Denpasar, Riau 94099",9957044120408436
2973,Jagaraga Pranowo,M,2000-05-11,3402011105001619,+628980135308,231309469269620,4202825015055995,jagaragapranowo391@yahoo.co.id,"Jl. Yos Sudarso No. 48, Jambi, RI 45440",9976635754469444
2974,Legawa Hutapea,F,1991-11-14,3101015411910079,083835127612,61614055684,5529628355555351,legawa_hutapea204@ymail.com,"Jalan Otto Iskandardinata No. 84, Batu, KR 28356",9979945491658378
2975,Cahya Rahayu,M,1957-01-16,3201011601572719,083318183470,35394689,6011596089538773,cahya.rahayu139@yahoo.co.id,"Jl. Kapten Muslihat No. 48, Depok, Sulawesi Barat 80584",9986446034660042
2976,Jasmani Ardianto,F,1976-05-12,3172015205767791,08211648761,82589774,6011043968470312,jasmani.ardianto@yahoo.co.id,"Jalan Rajiman No. 93, Palembang, JI 10845",9911369965641954
2977,"Bahuwarna Ramadan, M.M.",M,1976-08-26,7301012608764495,08314309128,9761453590,5250424617882696,"bahuwarna_ramadan,_m.m.@outlook.com","Gg. Rumah Sakit No. 889, Mataram, NB 37997",9965617522595232
2978,R. Irsad Andriani,M,2008-11-26,3602012611086641,+628983747843,7701598902,4136548835915965,r..irsad.andriani46@outlook.com,"Jalan Dr. Djunjunan No. 8, Kotamobagu, Maluku 32177",9987819286268367
2979,"Tgk. Emil Simanjuntak, M.M.",F,2008-11-22,3271016211083478,08325520703,64830305,5132635644336713,"tgk..emil.simanjuntak,.m.m.@ymail.com","Jalan Suniaraja No. 855, Lhokseumawe, PA 43275",9951622863617651
2980,Olga Sinaga,M,1971-11-08,7102010811714584,08832431275,667937706661298,5579879943385459,olgasinaga710@hotmail.com,"Gg. Erlangga No. 156, Meulaboh, RI 80527",9975458378425459
2981,R. Aisyah Gunawan,F,2008-07-07,3303014707081154,081968010467,819193383183488,5286638881503782,r._aisyah_gunawan751@outlook.com,"Jalan Dr. Djunjunan No. 46, Padang, RI 93237",9947520054157024
2982,"Yuni Nasyiah, S.Kom",F,1973-04-15,3204015504733458,+628515666242,517620819205785,5222242501349876,"yuni_nasyiah,_s.kom@yahoo.co.id","Jl. Pasirkoja No. 3, Manado, Lampung 92820",9986287800524332
2983,"dr. Ikhsan Fujiati, S.Psi",F,2006-01-06,3303014601062072,+6281313877950,61050949,5372540299829388,"dr.ikhsanfujiati,s.psi@yahoo.co.id","Gang Dipatiukur No. 900, Prabumulih, DKI Jakarta 00326",9915266355674505
2984,"Puti Nadia Purwanti, S.Ked",F,1976-10-07,3175014710764637,08780274897,461696628906,5468313099878622,"putinadiapurwanti,s.ked@yahoo.co.id","Jalan Suniaraja No. 776, Ambon, JT 25012",9918803838243881
2985,Puti Karen Pangestu,M,1962-05-26,3172012605621185,08993739434,306255280,4822710905544917,puti_karen_pangestu@outlook.com,"Gang Indragiri No. 719, Mojokerto, RI 62429",9982900896247652
2986,Danuja Nuraini,M,1995-11-02,5101010211955048,+6285391533530,760875662556,4802158390459925,danujanuraini@ymail.com,"Gg. Cihampelas No. 774, Mojokerto, Bali 48649",9927129209762304
2987,"Janet Anggriawan, M.M.",F,1961-07-14,3171015407612798,081987411167,62432654346740,6011134287221220,"janet_anggriawan,_m.m.@yahoo.co.id","Jl. Merdeka No. 534, Metro, Kalimantan Barat 74103",9981245981672734
2988,Emin Kurniawan,F,1979-08-25,5101016508796861,+628123747932,3348629773474,5428506360683820,emin.kurniawan@yahoo.co.id,"Gang Ahmad Dahlan No. 9, Depok, SG 27860",9971341355451318
2989,T. Mursinin Oktaviani,F,1963-10-26,3701016610637973,08387964873,59291389419,5442887026865578,t..mursinin.oktaviani@outlook.com,"Gang Setiabudhi No. 0, Bontang, YO 49952",9963453477317992
2990,Ratih Utama,M,1972-07-29,3204012907720897,+6281703872475,1612532407,5236158456463713,ratihutama@outlook.com,"Gg. Siliwangi No. 97, Makassar, Lampung 59914",9983901493525865
2991,"R. Adhiarja Mandala, S.Gz",F,1972-02-12,3173015202726694,08987039306,8476857411,6011020861383330,"r.adhiarjamandala,s.gz333@ymail.com","Gg. Ciumbuleuit No. 604, Batam, Jawa Tengah 00468",9934613589776100
2992,Kamila Megantara,F,1981-05-29,3173016905813360,+628213725784,36380011,5170807981900147,kamila.megantara@gmail.com,"Gg. M.H Thamrin No. 54, Malang, Nusa Tenggara Barat 86222",9941294939654025
2993,"Syahrini Sinaga, S.T.",F,1988-07-19,3174015907889168,085245918574,2474841238,4427205091422361,"syahrini.sinaga,.s.t.@outlook.com","Jalan Asia Afrika No. 67, Serang, JT 69070",9955708099155740
2994,Shania Maryati,M,2000-03-16,3402011603004021,08952115208,581044309478451,6011984425842752,shaniamaryati117@ymail.com,"Gg. Ahmad Dahlan No. 3, Bau-Bau, SG 20477",9925200364556958
2995,Putri Napitupulu,F,1956-06-18,3271015806565207,085746636623,50218737635,4237178217453315,putri_napitupulu@yahoo.co.id,"Jalan Rawamangun No. 255, Probolinggo, Jawa Timur 43832",9922471658126971
2996,Vanesa Marpaung,F,1992-11-01,7102014111920666,08844832029,942609062013357,5350164936939267,vanesamarpaung790@yahoo.co.id,"Gg. Laswi No. 83, Kendari, Jawa Barat 01464",9952675663408553
2997,Victoria Dabukke,M,1978-02-09,3174010902780225,088431280727,93502997167144,5255056170564061,victoriadabukke@ymail.com,"Gang Ciwastra No. 5, Banjarmasin, Kalimantan Tengah 10104",9962908448063282
2998,Darimin Firgantoro,F,1996-01-06,3173014601960897,+628336356013,56788742242425,5148669781187503,dariminfirgantoro119@outlook.com,"Jl. Pasir Koja No. 960, Tegal, SU 68486",9993703746572755
2999,Ir. Gadang Mangunsong,F,1975-05-20,3273016005753124,08554539533,2291998138,5225511607647172,ir..gadang.mangunsong@yahoo.co.id,"Gg. Cempaka No. 85, Magelang, Papua 44292",9960652703313186
3000,Ayu Irawan,M,1981-11-25,3303012511811405,089592010491,144768385,5580590933427107,ayu_irawan@ymail.com,"Jalan Tubagus Ismail No. 49, Bogor, Kalimantan Barat 16609",9971622499210483
3001,Ellis Nainggolan,M,2007-02-07,5101010702071107,+6285562754243,42540436511238,5301502434067797,ellisnainggolan@ymail.com,"Jalan Peta No. 035, Payakumbuh, Sulawesi Tengah 12404",9954379178978805
3002,dr. Narji Prabowo,F,1987-01-19,3201015901878900,+628235074209,996523696,5104763398583407,dr._narji_prabowo338@outlook.com,"Jl. Rajiman No. 53, Tegal, SG 47763",9976448245064314
3003,"H. Xanana Fujiati, S.Psi",F,1958-07-31,3201017107583028,08380342928,391752989696,4850288703373639,"h._xanana_fujiati,_s.psi@hotmail.com","Gang Setiabudhi No. 69, Malang, SB 03785",9949804046398771
3004,Vega Santoso,F,2009-03-08,3602014803090756,+628581409440,292343856390,5575250377765858,vega.santoso@yahoo.co.id,"Gg. Jayawijaya No. 61, Palu, MU 56115",9969396716126182
3005,Karimah Kuswoyo,F,2006-05-21,3302016105063386,088442621543,4041887117023,5539218537030746,karimah.kuswoyo@yahoo.co.id,"Jalan Stasiun Wonokromo No. 6, Bima, DKI Jakarta 88901",9912712308668832
3006,"Olivia Farida, S.E.I",F,1981-07-25,7101016507810731,+6288193839263,1386827609398,6011034985205738,"olivia_farida,_s.e.i277@outlook.com","Jl. Veteran No. 3, Manado, RI 42060",9921874736019622
3007,Prayogo Kuswoyo,F,1975-06-04,3172014406752266,08972224309,9108585825394,5388184784993689,prayogokuswoyo@outlook.com,"Jalan Sadang Serang No. 35, Padang, JB 94719",9933018572806606
3008,"Diah Widiastuti, S.H.",F,1994-11-11,3402015111941014,088149397239,8094854541,5291168976830407,"diah_widiastuti,_s.h.655@hotmail.com","Jl. Waringin No. 257, Solok, Jawa Barat 23034",9987858524286916
3009,Hj. Almira Simbolon,M,1982-09-06,3175010609829251,08537302945,409421659315,5539900081197765,hj._almira_simbolon47@gmail.com,"Jl. Cempaka No. 104, Gorontalo, YO 86701",9997654730472897
3010,Patricia Pranowo,F,1985-10-17,3203015710857041,+6281529217590,23841284,5553732637734304,patricia.pranowo914@hotmail.com,"Gang PHH. Mustofa No. 93, Purwokerto, GO 12547",9979291578253994
3011,Ir. Najwa Nababan,F,1955-05-28,3303016805555910,08197069545,7114499500600,5502258566460324,ir.najwanababan469@gmail.com,"Gg. Suryakencana No. 540, Padang Sidempuan, BB 18629",9999766600575163
3012,Pia Kusumo,F,1969-10-16,3402015610692264,083382498434,752807734,5213025626083597,pia.kusumo708@hotmail.com,"Gang Moch. Ramdan No. 4, Pangkalpinang, Jawa Barat 78458",9994439220520408
3013,T. Asmadi Nugroho,F,1970-03-03,3101014303707903,081784953300,92616359322777,5357636018728120,t.asmadinugroho953@gmail.com,"Gang Sukabumi No. 0, Bengkulu, Bengkulu 67252",9957050054445750
3014,Pardi Suryono,F,1979-06-11,3501015106794582,08116335578,99449912610,5154885752271856,pardi.suryono707@gmail.com,"Jalan Kutai No. 677, Sukabumi, JT 08306",9926068595058293
3015,Ida Pangestu,F,1966-06-23,5101016306669512,081734312302,617513592,5546812095205918,idapangestu787@ymail.com,"Gg. Jend. A. Yani No. 75, Denpasar, KI 35349",9950368149807854
3016,Galang Nurdiyanti,M,2001-04-15,7301011504014099,+6288296555847,71391155763,4657032619890675,galang.nurdiyanti517@outlook.com,"Jl. Rumah Sakit No. 502, Palopo, ST 69033",9935328373748529
3017,Carla Prasetya,F,1983-03-05,3176014503838622,081222298124,505353604855,6011673953874643,carla_prasetya@yahoo.co.id,"Gang Rajiman No. 5, Cilegon, KB 20040",9936718748009637
3018,Mitra Setiawan,F,1989-06-10,3104015006897138,08227557421,90686403,5263077392476520,mitrasetiawan777@yahoo.co.id,"Jl. Tebet Barat Dalam No. 7, Purwokerto, Maluku 35002",9981235720232724
3019,"Ozy Zulkarnain, S.H.",F,1960-06-12,3104015206600283,08951539210,479157488259363,5180525722385130,"ozy.zulkarnain,.s.h.551@yahoo.co.id","Gang Ahmad Yani No. 36, Pekalongan, Papua Barat 91997",9941236455382849
3020,Zulaikha Latupono,F,1984-06-24,3501016406842071,088271277232,31678776990,5110745414395179,zulaikhalatupono945@outlook.com,"Gang Raya Ujungberung No. 296, Payakumbuh, Kalimantan Selatan 59428",9928629337190693
3021,Ir. Kenari Novitasari,M,1966-07-01,3102010107661013,082358261056,17338475840,5318252822528211,ir._kenari_novitasari@gmail.com,"Gang Surapati No. 342, Sibolga, JK 54168",9915118674808528
3022,Dr. Mutia Ardianto,F,1964-07-06,3301014607642499,085893148407,44467212,5289879017143852,dr.mutiaardianto@hotmail.com,"Jl. Tebet Barat Dalam No. 4, Pagaralam, PA 76512",9982026563139638
3023,Novi Uyainah,F,2005-05-03,7102014305055000,+628192043198,85885523736,6011180242990370,novi.uyainah@gmail.com,"Gang Merdeka No. 13, Kota Administrasi Jakarta Selatan, PA 29334",9939858795915320
3024,Lintang Sitompul,M,1991-03-20,3175012003913181,083226525508,8394168730,6011212292257552,lintang_sitompul@gmail.com,"Jl. Lembong No. 947, Bandung, Nusa Tenggara Barat 76561",9961976644283046
3025,Drs. Sabrina Pratama,F,1964-04-09,7101014904643901,088555086376,51139393813802,6011207493200533,drs.sabrinapratama@hotmail.com,"Jalan Rajawali Timur No. 79, Sawahlunto, Kalimantan Tengah 52914",9986109399759931
3026,Wahyu Kusmawati,F,1989-11-29,3102016911892539,08841912207,88347364,5325769322280747,wahyu.kusmawati@yahoo.co.id,"Jl. M.T Haryono No. 116, Palopo, Kepulauan Bangka Belitung 78687",9959058890691637
3027,Jagapati Haryanto,M,1965-12-24,3601012412658918,08522469748,649838497002,5292675731335491,jagapatiharyanto141@gmail.com,"Gang Pasir Koja No. 826, Surakarta, DKI Jakarta 01539",9958532441267796
3028,Hasna Damanik,M,1985-03-29,3201012903853175,08959368145,334335796,4227513453404829,hasna.damanik800@gmail.com,"Jl. Indragiri No. 9, Tasikmalaya, MU 17426",9962367227328270
3029,Caket Handayani,F,1959-07-11,3171015107599348,+6288112843732,8162169983360,5443170346652027,cakethandayani@outlook.com,"Gang Ciwastra No. 285, Sungai Penuh, SG 81035",9934084411871219
3030,Genta Irawan,F,1979-09-01,3104014109797659,+628513913043,329185468,5175153777183164,gentairawan@outlook.com,"Gg. H.J Maemunah No. 2, Padang, Banten 28549",9952315220768150
3031,"Ir. Jagapati Nugroho, S.Sos",F,1986-04-04,3101014404867894,+628112680613,6075160436253,6011283257023696,"ir.jagapatinugroho,s.sos@ymail.com","Jalan Monginsidi No. 086, Palembang, Bengkulu 29579",9992821242200634
3032,Galur Setiawan,M,1956-03-16,3601011603567653,+6281475629272,414480426,5148142113483393,galur_setiawan792@gmail.com,"Jalan Suryakencana No. 2, Mataram, Sumatera Selatan 88769",9996357398903617
3033,H. Raharja Andriani,M,1991-01-02,3176010201918727,+628859648120,48932060875,6011233140829012,h.raharjaandriani@hotmail.com,"Jl. Ciwastra No. 349, Bandung, NT 70627",9966821776914846
3034,Dina Wijaya,F,1962-12-11,3302015112624805,08839759938,728615112,5525105585878335,dina_wijaya@ymail.com,"Jalan Gardujati No. 887, Tarakan, MU 16298",9910952658483684
3035,"Kasiyah Sihombing, M.TI.",F,1970-05-05,3501014505706014,+6289821997384,852906787,5501817889530082,"kasiyah.sihombing,.m.ti.924@outlook.com","Gg. Pasir Koja No. 14, Samarinda, KR 85601",9939055210005771
3036,Olivia Sirait,F,1978-09-06,3402014609785515,088507246633,73334438543,5493844823565629,olivia_sirait@hotmail.com,"Gang Moch. Ramdan No. 2, Solok, ST 39303",9914616061570753
3037,Taufan Suryatmi,M,1989-11-06,3171010611896375,08824059125,170627524,6011400797991214,taufan_suryatmi206@yahoo.co.id,"Jalan Pacuan Kuda No. 6, Sorong, Papua 42368",9922480434874670
3038,"Paramita Anggriawan, S.Kom",F,1965-12-29,3271016912659624,08964462627,943509126111,4868067932891360,"paramitaanggriawan,s.kom@gmail.com","Jalan M.H Thamrin No. 58, Palu, LA 12046",9963493289297084
3039,Keisha Simanjuntak,M,1973-06-15,3274011506737115,08196685622,1985579468,6011996045672296,keisha.simanjuntak793@ymail.com,"Gg. Laswi No. 38, Gorontalo, JT 23042",9980632869997032
3040,Joko Riyanti,F,1960-06-10,3103015006604806,+628820115180,76154007601,6011312479753839,joko_riyanti@ymail.com,"Gang Ahmad Yani No. 3, Tebingtinggi, Banten 23357",9999139838712861
3041,R.A. Ulya Lailasari,F,2000-03-22,3171016203002460,081605832152,645696512016,5139359863458122,r.a._ulya_lailasari@outlook.com,"Jl. Jend. Sudirman No. 2, Solok, JT 13370",9953085642440429
3042,Nabila Santoso,M,1995-05-26,3171012605957690,081900511904,9570442170,6011851845060532,nabila.santoso@gmail.com,"Gg. PHH. Mustofa No. 1, Jayapura, Jawa Tengah 36964",9924203600024889
3043,R.M. Prasetyo Astuti,F,1988-11-12,3302015211883032,+6285341425515,67136567666600,5294689318468049,r.m._prasetyo_astuti287@hotmail.com,"Jl. Asia Afrika No. 3, Sabang, Kalimantan Selatan 67361",9921101635813102
3044,Edi Mandasari,F,1971-05-14,3272015405718127,08996207412,14249779141,6011198707821028,edi.mandasari@hotmail.com,"Gang Veteran No. 581, Sukabumi, YO 69942",9962157931326880
3045,"Drs. Cengkal Marbun, S.H.",M,1998-05-06,3272010605987358,08527744300,39226558,4166921873213825,"drs._cengkal_marbun,_s.h.@hotmail.com","Jalan H.J Maemunah No. 2, Batam, Banten 07232",9929569428381866
3046,Martani Wulandari,M,1994-06-27,3104012706949854,08965581441,3428826928305,5171293414554058,martaniwulandari@ymail.com,"Jalan BKR No. 944, Ambon, SS 44425",9943843924978055
3047,Dina Santoso,M,1968-08-11,3171011108689065,082395031604,57695729527829,4018861626848255,dina.santoso@hotmail.com,"Gang M.H Thamrin No. 77, Bukittinggi, KT 83109",9988537986566936
3048,Betania Riyanti,F,1958-10-05,7101014510585181,08997177074,820709120,6011012028587474,betania.riyanti@hotmail.com,"Jalan Kutai No. 92, Lhokseumawe, DKI Jakarta 24250",9912096028724957
3049,"Harsaya Putra, S.IP",M,1972-08-07,5103010708728355,08388499734,939733636,5531544130696667,"harsaya_putra,_s.ip@hotmail.com","Gg. Stasiun Wonokromo No. 41, Pangkalpinang, Sulawesi Selatan 17687",9960149825124782
3050,drg. Dian Damanik,M,1993-02-11,3173011102939569,08142202558,60324496726877,5106762755458594,drg..dian.damanik868@outlook.com,"Gang R.E Martadinata No. 1, Bekasi, MA 00825",9982591009432029
3051,"Cemani Prabowo, S.Gz",F,2004-12-09,3101014912048897,+628822895721,3949591414,5163377853334372,"cemani.prabowo,.s.gz@yahoo.co.id","Jl. Ronggowarsito No. 82, Bitung, MU 88004",9986990857359318
3052,Aisyah Utama,M,1988-02-03,3271010302880263,08186952115,189096776363625,5516600642927325,aisyah.utama18@yahoo.co.id,"Gg. Cihampelas No. 4, Surabaya, JK 04204",9975883382498746
3053,"Cut Paramita Farida, M.Pd",F,1981-02-05,3103014502810353,089795290090,53476767287,5194470448380730,"cut_paramita_farida,_m.pd@yahoo.co.id","Gg. Merdeka No. 284, Binjai, KI 35802",9989618116637687
3054,Asmuni Pratama,M,1992-02-10,3273011002924647,087774329862,1830370056,5543328422216292,asmuni.pratama@hotmail.com,"Jl. Ir. H. Djuanda No. 358, Dumai, NB 62741",9910008861147494
3055,"dr. Nabila Habibi, M.TI.",M,1995-04-05,3105010504951323,+6285768087305,1327994626,6011733365923989,"dr..nabila.habibi,.m.ti.@gmail.com","Jalan Pasirkoja No. 614, Makassar, Kepulauan Riau 49189",9987174900024865
3056,Yunita Situmorang,M,1963-05-18,5101011805634887,08510209425,972057247082,5368621403809175,yunita_situmorang193@hotmail.com,"Gang Medokan Ayu No. 33, Banjarmasin, KR 30581",9980872714786900
3057,Salimah Mulyani,F,1982-04-05,5103014504829595,089541457112,18770298918503,5164790717150028,salimahmulyani@hotmail.com,"Jalan Bangka Raya No. 925, Tegal, KR 94373",9944911483377743
3058,Cecep Susanti,M,1968-01-28,3101012801689207,08781828471,2974244205,5302375620103851,cecep.susanti@outlook.com,"Gang Surapati No. 5, Cilegon, Jawa Barat 80538",9981273977550283
3059,"drg. Xanana Wulandari, M.Farm",M,1993-05-16,3602011605935590,08326443474,667384427,5333253203724884,"drg._xanana_wulandari,_m.farm127@outlook.com","Jalan Lembong No. 465, Probolinggo, Kalimantan Selatan 91461",9965247284899370
3060,Balijan Saptono,M,1989-03-14,3501011403894105,+6285328943820,9243435816,5222894927239966,balijan_saptono@hotmail.com,"Gg. Asia Afrika No. 771, Sorong, Bengkulu 08317",9946583845495243
3061,Zahra Sudiati,F,1998-09-09,3171014909980636,08194589996,91703749,4150621611751637,zahra.sudiati@outlook.com,"Jl. Soekarno Hatta No. 33, Madiun, KS 75286",9950798828603661
3062,Warji Wijayanti,M,1960-08-12,3176011208605692,085842073638,79784836300059,4868059696962114,warji_wijayanti@hotmail.com,"Jl. BKR No. 593, Tarakan, Nusa Tenggara Barat 83500",9923610042131905
3063,drg. Xanana Santoso,F,1965-03-15,5102015503656973,08595547640,730823451,5534311500181800,drg.xananasantoso652@ymail.com,"Gang M.T Haryono No. 4, Kediri, Nusa Tenggara Timur 80264",9917422177921818
3064,"Gada Padmasari, S.E.I",F,1964-12-30,3171017012642529,085885443875,21910388900219,5375998230301825,"gada_padmasari,_s.e.i184@hotmail.com","Jalan Pelajar Pejuang No. 77, Pasuruan, SR 92055",9968670485574070
3065,"dr. Ulya Yulianti, M.M.",F,1999-12-18,3175015812998252,+6283178392049,804225788150,5112162016967535,"dr.ulyayulianti,m.m.986@hotmail.com","Jalan Moch. Ramdan No. 434, Sabang, Jambi 98826",9972036467283867
3066,Icha Prasetya,F,1983-02-07,3502014702831777,08781723614,99203928368,4404819638830031,ichaprasetya920@outlook.com,"Jl. Pasirkoja No. 0, Sibolga, Bali 00810",9991889431837200
3067,Bagiya Latupono,F,1967-03-16,3402015603672297,089734867803,774447527113037,5415439115890871,bagiya_latupono@outlook.com,"Gang Soekarno Hatta No. 7, Cimahi, YO 34844",9952366407271581
3068,Ganda Prabowo,F,1967-11-11,3501015111670525,08567137602,340564643,5138499553783100,gandaprabowo@gmail.com,"Gang Setiabudhi No. 823, Pontianak, GO 13719",9952394515067815
3069,"Kamidin Nasyiah, S.Ked",F,2002-12-26,3273016612028836,+6283363520462,74220754,5443757928886236,"kamidin_nasyiah,_s.ked340@outlook.com","Gg. Gedebage Selatan No. 63, Makassar, LA 84686",9996459277204747
3070,"Nasab Palastri, M.M.",F,1966-10-21,3273016110668649,089961390007,580281835510832,5175222404631473,"nasab_palastri,_m.m.@outlook.com","Jl. Kiaracondong No. 3, Tomohon, Jawa Barat 04943",9919854792798681
3071,Jati Siregar,M,2002-07-20,3273012007028052,+628962170609,529584185487816,5271061252417841,jati_siregar52@yahoo.co.id,"Gang Sadang Serang No. 5, Kota Administrasi Jakarta Selatan, Papua 23310",9946806172917689
3072,Tgk. Marsudi Setiawan,M,1982-08-18,3202011808822946,085273244428,69661690,5446712844610609,tgk._marsudi_setiawan140@yahoo.co.id,"Gg. Moch. Toha No. 8, Parepare, Kalimantan Timur 49099",9918486459711996
3073,Najwa Iswahyudi,F,1969-03-17,7101015703696121,08514684737,9173132360821,6011190120874162,najwa_iswahyudi534@yahoo.co.id,"Gg. BKR No. 21, Padang Sidempuan, Gorontalo 35473",9926297398976863
3074,Jarwi Halim,M,1998-03-20,3271012003989985,08820169396,30356379,5505296877017936,jarwi.halim732@outlook.com,"Gang Suniaraja No. 481, Binjai, Nusa Tenggara Timur 71807",9917710135514466
3075,R. Dinda Wijayanti,F,2004-08-20,3175016008047858,+6281963788396,64790933931,5590043696554009,r.dindawijayanti973@outlook.com,"Gang HOS. Cokroaminoto No. 5, Subulussalam, Kepulauan Bangka Belitung 90827",9913448474687094
3076,"Jabal Saefullah, S.I.Kom",M,1970-03-25,3601012503709709,+6283848525673,297699459,6011976252920185,"jabal.saefullah,.s.i.kom@outlook.com","Gg. Asia Afrika No. 63, Parepare, KI 43537",9932243024350839
3077,Erik Wijaya,M,1961-04-09,3701010904613041,082395742559,5830233353,5382853424455123,erik_wijaya689@ymail.com,"Jalan Suryakencana No. 958, Banda Aceh, Kepulauan Bangka Belitung 86323",9965476521281865
3078,Hadi Tamba,M,1958-10-15,3273011510586987,08226641036,13154841,5254818847451767,haditamba921@ymail.com,"Gang Pasirkoja No. 4, Mojokerto, RI 35216",9979717400354289
3079,Emin Gunawan,M,1956-01-30,7102013001567806,081357927030,197608509263,5566334688393544,emingunawan@yahoo.co.id,"Jalan Wonoayu No. 934, Kota Administrasi Jakarta Utara, Sulawesi Utara 53956",9954622095127705
3080,Opung Simbolon,F,1964-01-22,5103016201645776,089888436973,7877689254,5192577341094650,opung_simbolon@hotmail.com,"Jalan Tubagus Ismail No. 18, Padang Sidempuan, SU 13619",9941810461051252
3081,Maida Prasetya,M,1960-03-11,3301011103601802,+6289997735668,49997875,5263804164101483,maida_prasetya779@hotmail.com,"Gg. Suryakencana No. 59, Batam, Maluku 77204",9991821564470753
3082,Yosef Handayani,M,1973-08-29,3273012908738719,08950219146,77471796070501,5480232597366878,yosefhandayani808@hotmail.com,"Gg. HOS. Cokroaminoto No. 62, Kota Administrasi Jakarta Barat, SR 63007",9960292964301307
3083,Daniswara Pratama,F,1987-01-17,5102015701871927,+628137324804,263434577463,5418130255474651,daniswara.pratama@hotmail.com,"Jalan Otto Iskandardinata No. 5, Jayapura, Kalimantan Barat 18781",9985234829238449
3084,Harjo Yuniar,M,1995-04-09,7102010904952837,08129735400,5352792996503,5144751630908385,harjo_yuniar519@yahoo.co.id,"Gg. Tebet Barat Dalam No. 059, Jambi, MA 68500",9929044546345542
3085,Raisa Wastuti,M,1988-09-14,3303011409889970,08182108082,97024196213,6011063142054108,raisa_wastuti@ymail.com,"Jl. H.J Maemunah No. 16, Bukittinggi, BT 92968",9984896836807787
3086,Gina Yuliarti,F,2008-09-15,3171015509080571,08952904699,79809084562,5511346121542094,ginayuliarti754@hotmail.com,"Gang Moch. Ramdan No. 6, Kediri, PA 73600",9912037114279834
3087,Karen Uwais,F,1997-11-22,3271016211973255,085160913182,2103499851912,4821608799996807,karen.uwais@hotmail.com,"Gg. Gardujati No. 3, Pekalongan, Bengkulu 17528",9933181444839042
3088,Rosman Yuniar,F,1990-01-29,7101016901908604,+628145942377,51356530435273,4588619045236567,rosman_yuniar@ymail.com,"Gang H.J Maemunah No. 8, Bitung, SU 56166",9946635370864280
3089,Kusuma Yuniar,F,1969-04-21,3204016104694479,+628993663572,594094922616,5511137692390349,kusumayuniar@hotmail.com,"Jl. Jend. A. Yani No. 446, Bau-Bau, Sulawesi Barat 17586",9924707166508485
3090,Samsul Waskita,M,1976-09-14,7102011409769327,08162632808,6519717739551,5366329477269554,samsulwaskita@yahoo.co.id,"Gg. Lembong No. 8, Dumai, KB 84099",9952234820196048
3091,Prayitna Widodo,F,1993-08-26,5102016608932504,085780835490,43685561420533,5208683938398358,prayitna.widodo689@hotmail.com,"Gang Joyoboyo No. 5, Palembang, Lampung 73598",9911169767154269
3092,Mustika Zulaika,M,2006-10-14,3105011410063148,08552739496,8126430150334,5114395619598734,mustika_zulaika@outlook.com,"Gang Rawamangun No. 092, Kota Administrasi Jakarta Timur, PB 29679",9935645860866909
3093,Carla Mardhiyah,M,1999-08-17,3173011708996699,08557145487,7447687475,5372696890043377,carla_mardhiyah978@yahoo.co.id,"Jalan Rajiman No. 100, Palopo, Sulawesi Utara 66002",9987938491757973
3094,Marsudi Prayoga,M,1963-11-10,3301011011630942,+628553197784,56913727564614,5504660455148159,marsudi_prayoga623@gmail.com,"Jl. Monginsidi No. 235, Denpasar, JT 94124",9940460170389802
3095,"Niyaga Wacana, S.E.",F,2007-09-09,3701014909077721,08386895532,9613713436,5185649316370744,"niyagawacana,s.e.@hotmail.com","Jl. Siliwangi No. 09, Bima, DKI Jakarta 96545",9985542653582210
3096,"Iriana Kuswoyo, M.M.",M,1963-10-24,3273012410635315,08314069931,765450522888157,5244313800513442,"irianakuswoyo,m.m.@ymail.com","Jalan Veteran No. 95, Serang, KB 28975",9929758177993530
3097,Eva Halim,F,1991-09-27,5102016709912101,08597011713,968614096499,5205434941035581,eva_halim130@hotmail.com,"Jalan Antapani Lama No. 14, Cirebon, Sumatera Selatan 89947",9992584392476065
3098,"Lamar Damanik, S.Farm",M,1957-04-28,3601012804573049,08386497859,16766270226,5506728338155125,"lamar.damanik,.s.farm313@yahoo.co.id","Gg. Ciumbuleuit No. 449, Payakumbuh, Gorontalo 36468",9944821148652010
3099,Taufik Winarno,M,2006-11-08,3173010811069118,08169581307,173118631471,5289266090002379,taufik.winarno651@outlook.com,"Jl. Kutisari Selatan No. 277, Makassar, KS 51895",9935151729528082
3100,"T. Yosef Najmudin, M.Farm",M,1966-09-03,3103010309665060,08339888587,88237801618,4621115674305586,"t.yosefnajmudin,m.farm@gmail.com","Gg. Yos Sudarso No. 380, Kota Administrasi Jakarta Pusat, JK 32694",9968971082397739
3101,Purwanto Anggriawan,M,1989-07-15,3502011507895355,08529166714,46406247,4266810314949681,purwanto_anggriawan355@outlook.com,"Jl. Antapani Lama No. 865, Cirebon, KS 48781",9916412648006433
3102,Zamira Marbun,F,1988-06-12,3176015206882661,+628326831439,930558768213383,5163196573323519,zamira.marbun365@yahoo.co.id,"Gang H.J Maemunah No. 67, Pasuruan, Kalimantan Timur 51415",9946254931857650
3103,Jaga Nainggolan,F,2002-11-15,3203015511029164,088396140208,982983448837518,5276777441728893,jaga_nainggolan562@gmail.com,"Jalan Jakarta No. 979, Kota Administrasi Jakarta Pusat, Sulawesi Utara 17403",9978480074937829
3104,"Farhunnisa Firgantoro, S.Gz",F,1972-11-23,5101016311721916,085383445211,67803190682,5107584442153458,"farhunnisa.firgantoro,.s.gz262@yahoo.co.id","Jalan Cihampelas No. 734, Mojokerto, SB 41326",9990448559086435
3105,"Agnes Winarsih, S.IP",F,1965-09-07,3105014709650237,+6287861037976,761590524456,5183738064951227,"agnes_winarsih,_s.ip318@ymail.com","Jl. Kendalsari No. 3, Semarang, JT 13370",9964932867106419
3106,Winda Gunarto,M,1968-11-15,3301011511686609,08558290905,831436503,5204969295286655,winda_gunarto@outlook.com,"Gg. Jend. A. Yani No. 4, Bandung, Sulawesi Barat 87345",9977831338987067
3107,dr. Yunita Latupono,F,1961-11-17,3202015711617440,08963830456,63311912928532,4812131539651880,dr.yunitalatupono@hotmail.com,"Gang R.E Martadinata No. 79, Bitung, PB 27863",9919643793409015
3108,"Ida Nasyidah, M.M.",M,2007-07-28,3272012807070157,085216790855,89059737,5412310039636105,"ida_nasyidah,_m.m.@hotmail.com","Jalan HOS. Cokroaminoto No. 0, Sibolga, NT 21109",9964091138393816
3109,Bahuwirya Widodo,F,1996-03-26,5103016603965427,08316332371,7626705192347,5332385099964281,bahuwirya.widodo552@yahoo.co.id,"Gang Waringin No. 8, Singkawang, Sulawesi Tengah 34112",9964134267631490
3110,"Kawaca Nurdiyanti, S.Pt",F,1988-01-08,3103014801885157,08573816808,6790310738520,5183417357820277,"kawacanurdiyanti,s.pt@ymail.com","Jl. M.H Thamrin No. 5, Kota Administrasi Jakarta Pusat, Sulawesi Tengah 55450",9942406534651925
3111,Janet Rajata,F,1998-09-27,6101016709987302,083272351567,764896017063,4936046110217487,janet_rajata630@ymail.com,"Jalan Rajawali Timur No. 987, Solok, MA 06026",9961277112879711
3112,Kenzie Usada,F,1986-07-09,3172014907865216,+628513033525,650339858244,5456400141858714,kenzie_usada@ymail.com,"Gg. Tebet Barat Dalam No. 2, Salatiga, SU 20777",9921282449917576
3113,Dr. Tasnim Iswahyudi,M,1965-09-08,3105010809652031,+628830827722,23573246969,5275304800414679,dr..tasnim.iswahyudi@ymail.com,"Jl. Indragiri No. 336, Palopo, BE 29792",9916613893917882
3114,T. Baktianto Megantara,M,1974-04-18,3501011804740626,085818527875,491488467276,4022096539397245,t..baktianto.megantara371@yahoo.co.id,"Jl. Soekarno Hatta No. 325, Yogyakarta, BA 16274",9951869619709183
3115,Cagak Winarsih,M,1964-10-14,5101011410649200,089877556681,804854351,4587916275204258,cagakwinarsih284@yahoo.co.id,"Gang Suryakencana No. 48, Balikpapan, Jawa Tengah 61016",9951780034161451
3116,Tasnim Adriansyah,F,2000-02-20,3502016002008089,+6285332619970,64162731148,5403401855297951,tasnim_adriansyah348@gmail.com,"Gg. Rajiman No. 9, Kediri, AC 14607",9998514607150604
3117,Ellis Hakim,F,1965-06-27,3401016706658872,+628837630851,904314549455017,4257938859712034,ellishakim462@yahoo.co.id,"Jl. Tebet Barat Dalam No. 04, Banda Aceh, GO 17856",9974851438295599
3118,"Tasdik Putra, S.Pd",M,2007-03-17,3201011703077307,08964737742,76806669,5481980884515532,"tasdik_putra,_s.pd972@gmail.com","Gg. Sadang Serang No. 01, Serang, Bali 31286",9972735009055206
3119,Maria Haryanti,F,1984-02-29,3402016902849189,+6285613634912,794182541515681,5414243844858866,mariaharyanti@yahoo.co.id,"Gang Surapati No. 8, Metro, KU 20948",9941821669925522
3120,Ophelia Thamrin,F,1995-05-23,3103016305952592,08220322371,387748816309,4273995585412106,ophelia.thamrin@outlook.com,"Gg. BKR No. 461, Banjarmasin, Jawa Timur 39246",9982395891426680
3121,"Sutan Bakidin Samosir, S.Sos",F,1980-02-19,3501015902804181,085839184945,899543921860,5232458268480548,"sutanbakidinsamosir,s.sos249@gmail.com","Jalan Monginsidi No. 2, Bontang, BB 96964",9917831141039561
3122,"Ikin Wastuti, M.Kom.",M,2007-11-01,3175010111073289,+6281592825125,9335784248,5315161714839700,"ikin_wastuti,_m.kom.@ymail.com","Gg. Jamika No. 92, Sungai Penuh, DKI Jakarta 32406",9911708417472893
3123,Silvia Susanti,F,1959-02-04,3502014402593272,08336555923,465904845,5478995522561807,silviasusanti869@ymail.com,"Gg. Suniaraja No. 2, Kota Administrasi Jakarta Pusat, PA 56958",9929226184553532
3124,Umaya Aryani,F,1964-04-11,3602015104648352,+6288314747269,3013702977,5456102657204828,umaya.aryani555@ymail.com,"Jalan Medokan Ayu No. 1, Tual, Nusa Tenggara Barat 25621",9912789927029464
3125,Nabila Fujiati,M,1987-08-03,3175010308877878,08989941395,85362108870561,5307917347623954,nabilafujiati598@ymail.com,"Jalan Rajawali Barat No. 414, Tanjungbalai, Sulawesi Barat 62616",9936554179217415
3126,Ifa Prayoga,F,1958-03-03,3174014303585436,085184347662,241862661686430,4542333675379711,ifa_prayoga@outlook.com,"Jalan Rajawali Timur No. 66, Manado, Kalimantan Tengah 39783",9999716427197900
3127,Keisha Wibowo,M,1980-03-03,3173010303807967,08980522168,377956354664,4443237924574947,keishawibowo@yahoo.co.id,"Gang K.H. Wahid Hasyim No. 24, Pariaman, Sumatera Selatan 12876",9925240263005916
3128,"R. Cahyanto Mayasari, S.E.I",F,1996-10-24,3202016410968664,085119036542,570046243929787,5579391272998335,"r._cahyanto_mayasari,_s.e.i107@outlook.com","Gg. Indragiri No. 8, Palopo, LA 94068",9994721493936470
3129,"Dr. Jelita Wacana, S.Pt",F,1961-10-14,7301015410618144,088515009182,382955512,4699067371975458,"dr.jelitawacana,s.pt403@outlook.com","Gg. Waringin No. 258, Pekalongan, Kepulauan Riau 06247",9979340795407944
3130,Jelita Wijaya,M,1959-03-22,3201012203599016,+628152071825,689947978360,5425600620104669,jelita.wijaya@outlook.com,"Jalan K.H. Wahid Hasyim No. 541, Blitar, Sumatera Selatan 78647",9962698935669652
3131,Balijan Andriani,M,1996-08-03,3303010308965013,085116841033,24004764,5422027523778010,balijan.andriani581@ymail.com,"Jl. Kapten Muslihat No. 362, Bandar Lampung, RI 38137",9965776957759361
3132,Kayla Mandala,F,1984-05-17,6101015705848532,08991205737,15961808,5593704653873641,kayla_mandala@outlook.com,"Jalan Siliwangi No. 1, Semarang, Bali 58963",9917911166426486
3133,Zalindra Suartini,F,1993-06-09,5103014906935322,08788347983,66400297,5527799019297610,zalindra_suartini762@hotmail.com,"Jalan Sadang Serang No. 045, Tidore Kepulauan, BA 66058",9970249156994355
3134,dr. Qori Manullang,M,1982-12-10,3203011012825874,08218425796,17813287757692,6011146604509644,dr.qorimanullang401@yahoo.co.id,"Gg. Ahmad Dahlan No. 8, Cilegon, JT 70211",9969575084229593
3135,"Kayla Waskita, S.Gz",F,1977-06-11,3401015106771609,+6288538187301,13794437662698,5467229650488585,"kayla_waskita,_s.gz565@outlook.com","Gg. Kendalsari No. 9, Malang, Sulawesi Selatan 78154",9951996815832633
3136,H. Dacin Winarno,M,1991-09-14,3103011409911038,085504544545,183684372288,4164935024147638,h.dacinwinarno@ymail.com,"Jalan Stasiun Wonokromo No. 366, Kotamobagu, Kalimantan Selatan 74303",9986070990986759
3137,Irfan Hastuti,M,1971-02-10,3601011002718671,08155492062,2481004332,5475318968957150,irfan_hastuti@ymail.com,"Gang Cikutra Timur No. 556, Padang Sidempuan, AC 40578",9940115088284976
3138,Lidya Dabukke,F,1981-11-08,3601014811812618,08858114251,5424725692,5398701084048209,lidyadabukke@gmail.com,"Gg. Dipenogoro No. 73, Palopo, Lampung 27972",9958349380250320
3139,Farah Budiman,M,2006-03-26,3272012603063229,083253675823,66614017825,6011126951350475,farahbudiman975@gmail.com,"Gang Soekarno Hatta No. 174, Sungai Penuh, Riau 89884",9940019763961153
3140,dr. Kanda Sihombing,M,1965-10-04,6101010410651443,08233241194,2755942051,5516841620635617,dr.kandasihombing521@gmail.com,"Gg. M.T Haryono No. 14, Pangkalpinang, NT 73815",9990139115317479
3141,"Mila Permata, M.Ak",M,1989-05-29,3701012905899978,08191091564,121946769861,4504080413754423,"mila.permata,.m.ak@gmail.com","Gg. W.R. Supratman No. 302, Cilegon, SU 39169",9946116112639491
3142,Dr. Farhunnisa Permata,M,1970-07-20,3102012007704667,+628567352841,630783003,4579103861824362,dr._farhunnisa_permata122@gmail.com,"Gang Siliwangi No. 6, Payakumbuh, GO 75340",9936877203724855
3143,Mahesa Permata,M,1986-08-01,3401010108866930,08227239146,25749417,5391165407761540,mahesa_permata@yahoo.co.id,"Jl. Rajiman No. 63, Kota Administrasi Jakarta Utara, BE 02109",9911691561517970
3144,Yulia Najmudin,M,1960-09-06,3102010609603205,08537517524,80182760,6011954900657914,yulia.najmudin@hotmail.com,"Gang Jamika No. 83, Cirebon, KB 37319",9953094342720561
3145,R.M. Gadang Nababan,F,1977-07-07,3502014707770382,087842962580,8782689721295,5402139599004870,r.m.gadangnababan392@yahoo.co.id,"Jl. Cihampelas No. 78, Cilegon, SN 15691",9951606195236557
3146,"Tania Hastuti, S.Ked",F,1989-09-07,3402014709895165,+6282223030180,28781994664667,6011913801148145,"tania.hastuti,.s.ked@outlook.com","Gg. Setiabudhi No. 16, Meulaboh, Bali 15006",9911656325643455
3147,"Hartana Situmorang, S.E.",M,1989-10-07,5102010710898557,085356083917,37762825497,5417106451304770,"hartana.situmorang,.s.e.907@outlook.com","Jl. Pasirkoja No. 57, Prabumulih, NB 22200",9957528816303450
3148,"Tgk. Najam Wastuti, M.Ak",M,1996-10-01,3201010110969677,08563753552,609369269408812,5214338311109159,"tgk.najamwastuti,m.ak@gmail.com","Jalan Rajawali Barat No. 20, Pekalongan, AC 42068",9939115174780991
3149,Bagas Mandasari,M,1980-06-10,3173011006800078,+628218076425,61208819,4776028505558094,bagas.mandasari678@yahoo.co.id,"Gang Ahmad Dahlan No. 08, Pasuruan, Papua Barat 11671",9940988931498283
3150,Eman Wibisono,M,1963-02-21,3204012102636987,088168749615,67237485,5112080334833383,emanwibisono@gmail.com,"Gang Rungkut Industri No. 8, Tidore Kepulauan, GO 65813",9920058356498161
3151,Tira Marpaung,M,1977-12-29,3701012912774732,08830634223,960891271600,5104874391837064,tira_marpaung@hotmail.com,"Gg. Cikutra Timur No. 0, Bengkulu, Kalimantan Utara 50963",9988898481461259
3152,Nova Pudjiastuti,M,1987-09-26,3301012609879169,08220129815,39980429,5545628182762434,novapudjiastuti@hotmail.com,"Gg. Suniaraja No. 824, Langsa, Aceh 94344",9988384637263100
3153,Mumpuni Hastuti,M,1970-08-10,3301011008705072,08951278956,95919128081,6011600347464928,mumpunihastuti@yahoo.co.id,"Gang Dipatiukur No. 6, Bekasi, KI 39295",9917938528617660
3154,"Wawan Rahmawati, M.Kom.",F,1955-09-30,3701017009553942,088280321621,690330242391099,5427487104856061,"wawanrahmawati,m.kom.308@outlook.com","Jl. HOS. Cokroaminoto No. 658, Sabang, SG 67051",9938894268707165
3155,R.A. Zulfa Novitasari,M,1994-08-07,7101010708948821,+628522622045,4244419086565,5343319069016146,r.a..zulfa.novitasari@outlook.com,"Gg. Sadang Serang No. 8, Mojokerto, Sulawesi Utara 91930",9918822271622699
3156,"Dt. Bakianto Purwanti, S.I.Kom",F,1969-11-06,3701014611691967,081205423037,427531717153,5314874270655108,"dt.bakiantopurwanti,s.i.kom564@hotmail.com","Gg. Moch. Ramdan No. 187, Malang, Sulawesi Barat 22412",9978299818567692
3157,Titi Dongoran,M,1982-10-14,3401011410823864,08786493316,514992464712123,5536620179180912,titidongoran@yahoo.co.id,"Jl. Dipenogoro No. 9, Sawahlunto, Kalimantan Barat 24924",9980421976808279
3158,"Tgk. Ana Wacana, S.Farm",F,1968-12-20,3601016012682505,+6289882188304,886206612,5381137673179335,"tgk._ana_wacana,_s.farm796@gmail.com","Jl. HOS. Cokroaminoto No. 976, Probolinggo, Papua Barat 83825",9999125701824377
3159,Shakila Rahmawati,F,1998-08-11,3402015108984137,089785901484,2661223268,5578622061413163,shakila_rahmawati@yahoo.co.id,"Jl. Ciumbuleuit No. 724, Metro, Bengkulu 18208",9920684240687861
3160,dr. Balijan Hartati,F,1989-09-09,3273014909891902,081230407963,99833341875,4435714017310732,dr..balijan.hartati@hotmail.com,"Jl. Sadang Serang No. 847, Bukittinggi, Kepulauan Bangka Belitung 05703",9995055109449314
3161,dr. Ratna Nashiruddin,M,1978-06-23,3176012306784182,08191674122,964093942517,5232047634557388,dr._ratna_nashiruddin@gmail.com,"Gg. K.H. Wahid Hasyim No. 92, Tanjungpinang, BB 99811",9918320897017208
3162,Vinsen Hutasoit,M,1994-07-20,3401012007946895,088467249806,47964564121,5138997098870349,vinsen_hutasoit@outlook.com,"Jl. Bangka Raya No. 1, Pasuruan, DKI Jakarta 72702",9926784656296699
3163,Cindy Firgantoro,F,1963-01-14,3303015401634728,08232730933,579945955,5594084181070018,cindy.firgantoro@outlook.com,"Jl. Asia Afrika No. 3, Purwokerto, Kalimantan Tengah 09143",9977010316115348
3164,"Ir. Gilda Nasyiah, S.T.",M,1989-08-17,3204011708894253,08582115686,1915816063607,5373482214670456,"ir._gilda_nasyiah,_s.t.652@hotmail.com","Jl. Tebet Barat Dalam No. 892, Banjarbaru, Sulawesi Utara 13972",9946801566112197
3165,drg. Rendy Nugroho,F,1985-11-16,5101015611857890,08856353162,83560659,5328885973868349,drg._rendy_nugroho712@ymail.com,"Jl. Cihampelas No. 23, Surakarta, RI 90077",9972612761316638
3166,Endah Haryanti,M,1988-07-05,3271010507882632,+628327700398,722535303,5245794942422580,endahharyanti@yahoo.co.id,"Gang Jakarta No. 39, Depok, SU 41317",9946796344238269
3167,Hafshah Nasyiah,M,1989-01-27,7102012701897157,+6282192515898,33848313216082,5356813519069309,hafshah_nasyiah@hotmail.com,"Gang Pelajar Pejuang No. 334, Banjar, KB 88551",9914326959204037
3168,Drs. Cakrawangsa Usada,M,1955-09-18,3176011809557961,+628117964192,2407015028357,4001787227289987,drs.cakrawangsausada926@yahoo.co.id,"Jl. M.T Haryono No. 7, Prabumulih, Maluku Utara 15996",9959331493562184
3169,"drg. Tami Anggriawan, M.Pd",M,1970-09-25,5102012509707697,081837914920,8323923946,5530838614290088,"drg.tamianggriawan,m.pd@outlook.com","Gang Yos Sudarso No. 75, Pekanbaru, JA 68353",9971891812717316
3170,Paramita Hutapea,F,1962-03-13,3172015303624452,+6283235302432,9175974553833,5408877314124907,paramita_hutapea@hotmail.com,"Gg. Jakarta No. 989, Kota Administrasi Jakarta Pusat, Lampung 93168",9950267425593621
3171,"H. Gangsar Wastuti, S.Pt",M,1992-08-08,3172010808927360,+628998715599,93859008611,5551645208359086,"h._gangsar_wastuti,_s.pt855@gmail.com","Jl. Yos Sudarso No. 445, Serang, PB 92306",9920098141896438
3172,Bella Susanti,M,1992-09-22,3174012209929882,+628139224634,16094363,6011252809498232,bella_susanti205@yahoo.co.id,"Gang M.T Haryono No. 25, Kota Administrasi Jakarta Timur, Sulawesi Barat 19306",9975588292264268
3173,"Rama Sihombing, M.Kom.",F,1993-10-23,3102016310937880,082167742684,248703488422414,4313453888999042,"ramasihombing,m.kom.@yahoo.co.id","Gang Kebonjati No. 89, Cilegon, Kepulauan Riau 59513",9974301902424217
3174,Unggul Wasita,F,1965-07-06,5102014607654354,089872735107,940952569,4244861465212187,unggul.wasita982@ymail.com,"Jl. Pacuan Kuda No. 469, Malang, NT 69788",9940281406152776
3175,"Wisnu Mandasari, M.Kom.",M,1997-12-25,3202012512972408,088191633655,7833747219,6011316537093081,"wisnu_mandasari,_m.kom.922@hotmail.com","Gg. Moch. Ramdan No. 7, Pekalongan, SS 27169",9999931510742049
3176,Intan Thamrin,M,1978-03-09,3601010903785050,083200152646,998502348951,6011504428860200,intan_thamrin683@gmail.com,"Gg. Asia Afrika No. 476, Langsa, PA 40668",9918968541836029
3177,Tgk. Eka Siregar,M,2006-10-19,3273011910063598,081773160740,79587056456,5328680040864534,tgk.ekasiregar@gmail.com,"Gg. Indragiri No. 080, Bengkulu, Sumatera Barat 13983",9931693024229542
3178,Argono Dabukke,F,1994-07-27,3176016707949119,088453622997,88491926022996,4397121164281816,argono.dabukke270@outlook.com,"Gang Jend. A. Yani No. 3, Surakarta, JA 01861",9981235463327684
3179,"R.A. Yunita Astuti, S.T.",F,1986-08-13,7102015308863575,+628576933151,74984816,4444405974778227,"r.a..yunita.astuti,.s.t.@gmail.com","Jalan Siliwangi No. 1, Banjar, Lampung 73503",9974734284523208
3180,KH. Karsana Sihombing,M,1998-10-25,3102012510984758,08597610669,915654037438,5159951972274329,kh._karsana_sihombing@ymail.com,"Gg. Merdeka No. 285, Padang Sidempuan, KI 66023",9966830641067440
3181,"Puti Najwa Usamah, M.Farm",M,1973-05-02,3204010205734380,087861820609,84869702,5567215609071088,"puti_najwa_usamah,_m.farm827@outlook.com","Jl. Jayawijaya No. 1, Bandar Lampung, Maluku Utara 02719",9911046319319596
3182,"Karma Irawan, S.T.",F,1956-02-29,3173016902567377,08196756873,195914893838,5124973768227666,"karma_irawan,_s.t.700@outlook.com","Gg. Sukabumi No. 330, Palu, ST 88543",9976339961098283
3183,"Harsana Saefullah, S.Psi",F,1969-04-24,3102016404690419,081432581394,20704051,5370901827850875,"harsanasaefullah,s.psi902@ymail.com","Gang Laswi No. 33, Balikpapan, Banten 04716",9977609677001699
3184,"R.M. Daryani Suryono, S.E.",M,1991-04-07,3102010704910225,08572334807,9741123047786,5376932954068287,"r.m..daryani.suryono,.s.e.50@gmail.com","Jl. Gegerkalong Hilir No. 8, Semarang, LA 01129",9977908066107878
3185,Jinawi Wijayanti,M,1973-10-14,3202011410735211,+628848027849,406694939521,5251802956628376,jinawi_wijayanti@outlook.com,"Jalan Rajawali Barat No. 56, Sungai Penuh, Kalimantan Utara 07043",9921567647821653
3186,Febi Hasanah,F,1989-10-14,6101015410899947,081268024242,96167970016,5406854867126798,febi.hasanah@hotmail.com,"Jalan Soekarno Hatta No. 554, Ternate, JI 28476",9996729255001160
3187,Lurhur Laksita,F,1976-02-10,3273015002766513,08154731013,62420986229,5371675903687857,lurhurlaksita@ymail.com,"Jl. Sukabumi No. 935, Medan, GO 18594",9989465875758960
3188,Oni Suartini,F,1958-04-10,3105015004588859,+628165984363,49440127920545,4236147735457152,oni.suartini615@hotmail.com,"Jalan M.H Thamrin No. 69, Kota Administrasi Jakarta Timur, KR 69775",9929995239431370
3189,"R. Caraka Prasasta, S.Pd",M,1975-02-11,3101011102759469,082130722805,3310354551,5130065118110330,"r.carakaprasasta,s.pd@ymail.com","Gg. HOS. Cokroaminoto No. 904, Sorong, DKI Jakarta 07629",9933553263414070
3190,Ella Damanik,M,1993-12-30,3104013012937219,08773431321,72459801027,5514164751618278,elladamanik806@outlook.com,"Gg. HOS. Cokroaminoto No. 094, Kota Administrasi Jakarta Pusat, Kalimantan Barat 08241",9927670409356496
3191,Ir. Gatra Hariyah,F,1991-07-26,7101016607918935,+6283253812058,74002096,4310898100634587,ir.gatrahariyah52@hotmail.com,"Gg. Gardujati No. 3, Bukittinggi, KT 73571",9933831515470382
3192,Unjani Hidayat,F,1989-08-21,7102016108892767,+628555556244,9447821370392,4248211916004704,unjani_hidayat579@yahoo.co.id,"Gang Monginsidi No. 5, Tidore Kepulauan, PA 58535",9969098505841189
3193,"Raina Pertiwi, S.Psi",F,1972-09-08,3272014809725676,08225046883,753447363918053,5349738978165726,"raina_pertiwi,_s.psi@gmail.com","Jalan PHH. Mustofa No. 604, Purwokerto, Sumatera Barat 43088",9993057384347643
3194,"dr. Opan Firmansyah, S.Farm",M,1971-02-05,3602010502714898,+6288279467356,9581137341,5416250430909975,"dr._opan_firmansyah,_s.farm@yahoo.co.id","Gang Jakarta No. 09, Sawahlunto, KS 75790",9968059004749102
3195,Anita Nuraini,F,1960-08-29,3273016908602901,+6283316553202,55564867723,5466254522997018,anita.nuraini573@hotmail.com,"Gg. M.T Haryono No. 54, Ambon, Maluku Utara 96537",9985856483987929
3196,"Tgk. Nabila Zulkarnain, M.TI.",M,1957-09-09,7102010909576527,08517623379,99898235,5168040193879469,"tgk._nabila_zulkarnain,_m.ti.177@ymail.com","Jalan Raya Setiabudhi No. 518, Kota Administrasi Jakarta Utara, Maluku 27554",9941335236737448
3197,"Asmadi Maheswara, S.T.",F,1989-06-22,3173016206892117,08586077263,75823754730,5342422957785913,"asmadi.maheswara,.s.t.145@gmail.com","Jl. Medokan Ayu No. 693, Probolinggo, Kalimantan Timur 02110",9990408643504638
3198,Umi Pertiwi,F,1969-09-23,3176016309696090,+6285211404300,893520123,5577854895286221,umi.pertiwi@hotmail.com,"Jalan Suniaraja No. 34, Banda Aceh, Sulawesi Selatan 63491",9912230389900365
3199,"Cut Kasiyah Sinaga, M.Kom.",M,1977-08-20,3301012008779513,+628142671772,359651882,5537937939751077,"cutkasiyahsinaga,m.kom.@outlook.com","Gg. Setiabudhi No. 43, Denpasar, KI 19312",9994500074217353
3200,"Aurora Puspita, S.IP",F,1992-04-05,3602014504926929,085226132531,88904627061,5532204007184861,"aurora.puspita,.s.ip350@yahoo.co.id","Gg. Waringin No. 800, Ternate, Sumatera Barat 96870",9969910592623541
3201,Zelda Winarno,F,1992-08-31,3104017108922991,+6281510526061,368534133277056,5327714875439988,zeldawinarno86@outlook.com,"Jl. Dipatiukur No. 50, Jayapura, YO 72490",9942842316250290
3202,Anastasia Tarihoran,M,1961-01-17,3602011701616980,08569530796,2541649185,5488069994870608,anastasia_tarihoran@ymail.com,"Gg. Sukabumi No. 8, Pariaman, KU 39537",9938001708760534
3203,Tantri Maryati,M,1964-10-26,3402012610643183,08577937697,6016196699987,4629063874736407,tantri_maryati486@ymail.com,"Jalan Otto Iskandardinata No. 84, Bukittinggi, Bali 32302",9970361711121268
3204,"Rachel Mansur, S.Sos",F,1955-10-20,3201016010551968,08829032374,80157326264,5506249452164506,"rachel.mansur,.s.sos@yahoo.co.id","Gg. Moch. Ramdan No. 5, Tanjungbalai, PA 50518",9916455512533666
3205,"Nadia Wastuti, S.Sos",F,1960-03-06,3105014603607936,08994743762,8159295269030,5500849445224140,"nadia.wastuti,.s.sos605@hotmail.com","Gg. Veteran No. 443, Payakumbuh, Sulawesi Utara 41108",9999103134819551
3206,"Tirta Nugroho, S.Sos",M,1957-05-21,3303012105575356,+628957884592,4394188464,5111019683809149,"tirtanugroho,s.sos@outlook.com","Gg. Kapten Muslihat No. 7, Pontianak, NT 42527",9947154440431885
3207,Bakijan Handayani,M,1973-07-04,3176010407732602,08550872472,606174796533,5480882831036614,bakijan.handayani661@ymail.com,"Gg. Moch. Ramdan No. 25, Malang, PB 37343",9988686887014926
3208,Dr. Lulut Hidayanto,M,2001-01-04,7101010401017902,08827995837,41934220,5209460176277651,dr.luluthidayanto@yahoo.co.id,"Jl. Jend. A. Yani No. 20, Blitar, Sulawesi Tengah 60662",9941968647343170
3209,dr. Vanya Halimah,M,1975-05-14,3172011405752553,08142145338,1949935727763,5271696030426077,dr.vanyahalimah200@ymail.com,"Jalan Dipenogoro No. 848, Cirebon, JK 27421",9987082847778892
3210,Tgk. Amelia Wahyuni,F,2008-03-19,3175015903087130,085742509274,20639708185,4680208151573254,tgk._amelia_wahyuni@ymail.com,"Jl. Bangka Raya No. 16, Sorong, SR 98991",9992965948692318
3211,Gilda Nuraini,M,1989-05-20,5101012005896350,089978651851,716294053,5198677488756011,gilda.nuraini434@gmail.com,"Jalan Rajawali Timur No. 50, Kendari, Kalimantan Tengah 09870",9962875800420770
3212,R.M. Niyaga Saefullah,M,1967-03-10,3601011003672201,+628322174861,10471755806,4150385846843813,r.m..niyaga.saefullah@gmail.com,"Gg. Cikutra Barat No. 97, Kota Administrasi Jakarta Utara, Maluku 63464",9940156558811562
3213,drg. Zizi Sirait,F,1981-03-08,3273014803811779,082156675987,9853096209722,5308420526048388,drg..zizi.sirait@ymail.com,"Jl. Antapani Lama No. 522, Sorong, Sumatera Utara 59588",9940183314720900
3214,Irwan Purwanti,F,1959-02-11,3104015102591250,081488683316,69097259244,5227096896892225,irwan_purwanti@gmail.com,"Jl. Moch. Ramdan No. 351, Kota Administrasi Jakarta Barat, NB 25494",9980085839626441
3215,Danu Hutapea,M,1974-09-27,3402012709746261,+628959349319,483636504,5226182286378434,danu_hutapea308@outlook.com,"Jl. Dipatiukur No. 3, Kota Administrasi Jakarta Utara, SU 73081",9930232349547364
3216,Elvina Prasetyo,F,1971-01-03,3104014301714946,08967909940,8072116228,5388333740193787,elvina_prasetyo@yahoo.co.id,"Gang Sadang Serang No. 4, Sungai Penuh, JA 33016",9967317082638035
3217,Zaenab Mayasari,F,1973-07-02,3602014207731288,+628527406159,958775346,6011977411437486,zaenab.mayasari@yahoo.co.id,"Gang Ahmad Dahlan No. 591, Mojokerto, NT 17286",9957136653286818
3218,Pranawa Pratama,F,1968-09-27,3174016709685105,08537969959,109301217502,5221022420149753,pranawa_pratama872@yahoo.co.id,"Gg. Dipatiukur No. 72, Tangerang, JB 53196",9958388862880312
3219,Cindy Winarno,M,1993-05-06,3201010605939049,088583870384,447350986,4307473702405336,cindy.winarno368@outlook.com,"Jl. Rumah Sakit No. 00, Tebingtinggi, KI 94207",9958329645790720
3220,Talia Kurniawan,M,1996-04-20,3601012004964847,08513763529,65695894246209,5332758251434163,talia.kurniawan228@gmail.com,"Gang Joyoboyo No. 1, Bengkulu, Gorontalo 08781",9987064944350372
3221,Talia Padmasari,M,1973-03-21,3602012103730252,08325357369,97274758487611,5197943255884402,talia_padmasari@outlook.com,"Jalan W.R. Supratman No. 67, Tangerang, Sumatera Utara 67885",9940223017860613
3222,Pia Nugroho,F,1961-08-06,3203014608618455,085617602799,2641317111855,5514632914636210,pia.nugroho12@hotmail.com,"Jalan Suryakencana No. 5, Singkawang, Maluku 15415",9977652863516511
3223,Oliva Padmasari,M,2005-12-24,3502012412053020,+6288198796193,7214975749925,6011603751420850,olivapadmasari579@outlook.com,"Jl. Ciwastra No. 78, Dumai, KR 85149",9936080643632843
3224,"drg. Mila Wahyudin, M.M.",F,2003-07-25,3601016507034707,08564698036,584358859807,4236098581333499,"drg.milawahyudin,m.m.@yahoo.co.id","Gang Astana Anyar No. 313, Denpasar, Papua Barat 96995",9915921107558731
3225,Rahmat Usada,F,1980-02-26,3172016602808594,08119649546,92213611998,6011004149990772,rahmatusada554@gmail.com,"Jl. Dr. Djunjunan No. 84, Batam, JT 40238",9936902670748103
3226,"Dr. Luwes Wastuti, S.Kom",M,1996-04-07,3104010704967762,08963679150,2431075395,5374875585825982,"dr.luweswastuti,s.kom@outlook.com","Gg. Rawamangun No. 04, Samarinda, Riau 62922",9927963482622025
3227,dr. Farah Handayani,M,1974-02-01,3203010102749356,08120382889,342165511,5328009567404243,dr._farah_handayani@gmail.com,"Jl. Ahmad Yani No. 5, Denpasar, ST 72066",9944363107832713
3228,Ratna Yuliarti,F,1980-03-19,5101015903809611,083213121000,1744077621,6011765174789471,ratna_yuliarti94@outlook.com,"Jalan Asia Afrika No. 753, Kota Administrasi Jakarta Pusat, Papua 88306",9958766085106970
3229,Kardi Rajata,M,1985-06-28,3101012806855485,08143513300,2641273334688,6011036992929069,kardi_rajata321@gmail.com,"Gg. Indragiri No. 6, Bukittinggi, Maluku 79191",9970932363976791
3230,"R.A. Mila Susanti, M.TI.",M,1978-05-19,3401011905784791,+628567489684,3640055295031,4965172572836947,"r.a.milasusanti,m.ti.503@hotmail.com","Gang Ir. H. Djuanda No. 288, Jambi, Sulawesi Tengah 08770",9948604158480779
3231,Salwa Narpati,F,2001-09-27,3105016709017795,+628776837205,282809105,5324187794641196,salwa_narpati@yahoo.co.id,"Gang Pacuan Kuda No. 029, Bontang, GO 36740",9952096263866472
3232,Omar Siregar,M,1957-02-16,3401011602571823,08844720900,3405164976,6011420372254072,omarsiregar336@outlook.com,"Jalan Kutai No. 3, Tanjungbalai, SS 80343",9925838626238045
3233,Ciaobella Sihombing,F,1956-10-17,3401015710566679,+6288487799139,682421229,6011750599131532,ciaobellasihombing@ymail.com,"Gang Sentot Alibasa No. 827, Tangerang Selatan, Riau 81974",9951580917529398
3234,"Nardi Salahudin, S.Farm",M,1982-07-20,3105012007823800,+6289747256148,47113454480730,4048765705356326,"nardi_salahudin,_s.farm139@gmail.com","Jl. Kebonjati No. 864, Magelang, AC 64717",9981666152116897
3235,Karen Palastri,F,1971-01-07,3272014701716528,+628321837540,431303691891,5295812978958794,karen_palastri590@gmail.com,"Gang Ciwastra No. 450, Batam, SN 12418",9957422028705575
3236,"Laila Habibi, M.M.",M,1960-11-19,3501011911600839,+6289905801528,260909162,5585000074654688,"laila.habibi,.m.m.@outlook.com","Jl. Indragiri No. 92, Tegal, KB 68472",9958124410466468
3237,Asirwada Wibowo,M,1994-09-11,3171011109947127,083150969168,343675695096,6011016217362372,asirwada.wibowo@ymail.com,"Jalan BKR No. 2, Kota Administrasi Jakarta Pusat, Kalimantan Tengah 95405",9929486134005080
3238,"Drs. Tira Wibisono, S.Pd",F,1998-04-09,3602014904980594,08848662846,90299967,5562262577265111,"drs.tirawibisono,s.pd428@ymail.com","Gg. Jend. Sudirman No. 72, Tangerang, Kalimantan Tengah 88970",9957611680561810
3239,Galak Santoso,M,1978-08-27,3173012708783630,085958191531,696029594656602,6011335075576156,galak.santoso991@yahoo.co.id,"Jl. Cempaka No. 45, Batu, YO 73421",9955906162157835
3240,Baktiadi Setiawan,F,1968-12-09,3303014912688695,08838900458,2762624019,5557702440472994,baktiadi_setiawan@yahoo.co.id,"Jl. Bangka Raya No. 6, Serang, Jawa Barat 70383",9946248030759230
3241,Ellis Hariyah,M,2001-01-16,3174011601016364,+6281669046009,777513991050,5108500969178021,ellis.hariyah@outlook.com,"Jalan Rajawali Barat No. 06, Surakarta, Jawa Barat 25716",9986637335594924
3242,Alika Dabukke,F,1994-04-29,5102016904945692,+6281293316764,193066684577092,5416295692734479,alika.dabukke@yahoo.co.id,"Gg. Gedebage Selatan No. 34, Pagaralam, MA 63971",9970741169647322
3243,Saadat Iswahyudi,M,1999-02-28,7101012802994751,083254320546,97068829857,6011644031563962,saadat_iswahyudi@outlook.com,"Jalan Moch. Toha No. 75, Solok, Kepulauan Riau 56756",9926630991629142
3244,"Indra Lailasari, S.Sos",F,1970-05-07,3301014705702703,08777129366,37145901149,6011247693097901,"indra.lailasari,.s.sos@ymail.com","Jalan Merdeka No. 81, Sawahlunto, KR 32422",9935102800085086
3245,"Hamima Thamrin, S.Kom",F,1961-03-08,3102014803612941,08970874172,169905259794,5243746678631206,"hamimathamrin,s.kom697@ymail.com","Jalan Gedebage Selatan No. 61, Banda Aceh, Lampung 59005",9976449871332584
3246,Prakosa Safitri,F,2000-09-21,6101016109008126,+6287773390378,216113067512,4894384970246015,prakosa.safitri@hotmail.com,"Jalan PHH. Mustofa No. 90, Serang, DKI Jakarta 76539",9995045408325710
3247,"Dt. Argono Sinaga, M.M.",F,1979-11-27,5103016711795293,08570363802,861002604976944,5356537108742445,"dt..argono.sinaga,.m.m.325@ymail.com","Jl. R.E Martadinata No. 750, Banjarmasin, Kalimantan Tengah 45136",9972712402139006
3248,Budi Sudiati,M,2007-12-23,3502012312074508,08778821085,26611110382,5158650680139150,budisudiati@gmail.com,"Jl. Otto Iskandardinata No. 8, Sawahlunto, MU 31215",9917452287250098
3249,dr. Ratih Susanti,M,1973-05-28,3701012805735403,+6288362639702,688576927185440,4192711648414178,dr._ratih_susanti98@yahoo.co.id,"Jalan Rungkut Industri No. 7, Palangkaraya, RI 53601",9960536968992907
3250,Mariadi Halimah,M,1984-09-08,3103010809846228,+6281261097429,4645061258,5410669917006285,mariadi.halimah@ymail.com,"Jl. Otto Iskandardinata No. 253, Mojokerto, DI Yogyakarta 49179",9974512384090192
3251,Marwata Andriani,M,1963-08-22,3301012208635228,08126989883,3731335988,6011973428581013,marwataandriani112@outlook.com,"Jalan Cikutra Timur No. 468, Cirebon, PB 17370",9989866919692425
3252,Fathonah Palastri,F,1964-07-21,3103016107648831,08564308328,2483639517,5263022243947176,fathonah.palastri549@yahoo.co.id,"Jl. Siliwangi No. 99, Pangkalpinang, KI 31213",9998388785066841
3253,"KH. Bahuraksa Nashiruddin, S.Pd",F,1998-08-04,3273014408984642,082210836289,267007968,6011415369445075,"kh..bahuraksa.nashiruddin,.s.pd69@hotmail.com","Gang Sukajadi No. 913, Cirebon, DKI Jakarta 39440",9925094376908325
3254,Bahuwarna Siregar,M,1996-06-01,3101010106965180,08314619838,16085534,4835977507935687,bahuwarna_siregar@yahoo.co.id,"Jl. Sadang Serang No. 8, Serang, LA 75393",9951127283257067
3255,Alambana Kuswandari,F,1978-03-13,5103015303782401,089523439925,593175083126,5130976069242799,alambana.kuswandari@hotmail.com,"Jl. Soekarno Hatta No. 336, Batam, ST 18007",9925117617957228
3256,Kartika Nasyiah,F,1991-01-09,3303014901918771,08165557206,83862152,5272851299401147,kartika_nasyiah@hotmail.com,"Gang Monginsidi No. 3, Sabang, Papua Barat 23587",9947556177529448
3257,Agnes Kuswandari,M,1988-02-21,3302012102886763,08135296997,42731001879,5201846883536483,agneskuswandari924@outlook.com,"Gg. Gegerkalong Hilir No. 4, Meulaboh, Kalimantan Utara 66731",9943847828649855
3258,Praba Suartini,M,2004-07-02,3172010207045220,+6285385926791,7497567117515,5182204158175607,prabasuartini98@outlook.com,"Jalan Laswi No. 9, Magelang, MA 01121",9971394087069995
3259,"dr. Rachel Nainggolan, M.Ak",M,1970-09-23,3273012309702706,088506243822,92532665490484,6011448353454078,"dr..rachel.nainggolan,.m.ak@yahoo.co.id","Gg. Jend. A. Yani No. 2, Yogyakarta, Nusa Tenggara Timur 59604",9989929578505398
3260,Ir. Jaiman Suryono,F,1958-02-11,3271015102581108,088123209087,688157997605200,5261776685842559,ir.jaimansuryono@gmail.com,"Jalan Sukajadi No. 81, Kendari, NB 82992",9926210260574281
3261,"Intan Mustofa, S.H.",F,1969-09-09,3273014909697473,08843706611,33183814,5454709128487875,"intan_mustofa,_s.h.@yahoo.co.id","Gang Lembong No. 3, Surakarta, PB 62638",9926542295997995
3262,Lukman Kusumo,M,1993-03-14,3274011403938191,08597715411,3677291263623,5227674123978329,lukmankusumo609@outlook.com,"Gang Pelajar Pejuang No. 45, Tasikmalaya, Aceh 18686",9917845392403646
3263,Jaswadi Riyanti,M,1974-09-07,3701010709745333,083167267708,174780772954524,4890658418174349,jaswadi.riyanti251@hotmail.com,"Gg. PHH. Mustofa No. 48, Palu, SB 95911",9961526265644752
3264,Tgk. Carla Pradana,M,1988-11-22,3101012211884274,+6281619605288,210617036,5234027421795523,tgk._carla_pradana@gmail.com,"Gang Waringin No. 911, Lhokseumawe, BT 47082",9928719647712106
3265,Mahdi Rahayu,M,2007-06-25,3172012506070114,085582887951,465037691768,5572385613250149,mahdi.rahayu@outlook.com,"Jalan Setiabudhi No. 8, Tangerang Selatan, SU 42718",9998526656133045
3266,Karen Simbolon,M,2000-11-26,3271012611009846,08998938382,8433330700,6011520477721698,karen.simbolon@gmail.com,"Jalan Jamika No. 744, Medan, Sulawesi Selatan 65183",9960553957741171
3267,Aisyah Sihombing,F,1997-07-10,3104015007978580,+6283831490836,882313288,5563927815256790,aisyah.sihombing748@outlook.com,"Jl. Erlangga No. 250, Pekanbaru, KB 20358",9976081503520174
3268,Prasetya Susanti,F,1961-09-06,3271014609615562,08585206010,454693636197,5408373160840345,prasetya_susanti627@hotmail.com,"Gg. KH Amin Jasuta No. 452, Bandung, PA 89723",9967427582143167
3269,Rina Haryanto,F,1999-07-10,3301015007994777,08784059779,1923346842,6011720695701116,rinaharyanto@outlook.com,"Jl. Kutisari Selatan No. 977, Denpasar, PA 58554",9955147827972019
3270,"Cut Janet Sihombing, M.TI.",F,1962-07-23,3173016307627537,081863816376,6661988479,5412076658945629,"cut.janet.sihombing,.m.ti.451@ymail.com","Jl. Kutisari Selatan No. 9, Palopo, KU 53706",9925792533768429
3271,Danang Habibi,F,1995-07-08,3176014807957959,081266697127,95191777796078,4413572397258794,dananghabibi@outlook.com,"Jalan Rungkut Industri No. 5, Pariaman, Sulawesi Selatan 29516",9978763533953159
3272,Bagus Tampubolon,F,2001-04-23,7301016304017408,08558107731,706609349400,5514792733577630,bagus.tampubolon@outlook.com,"Gang Laswi No. 47, Kendari, BA 66386",9918962782324679
3273,Cagak Winarno,F,1991-04-11,3273015104919795,08126716029,65332517313,5350450905068927,cagakwinarno391@outlook.com,"Gang S. Parman No. 05, Tual, YO 58522",9994357921611411
3274,"Jarwadi Wibisono, S.IP",M,1982-07-31,3303013107821480,08530008720,8331669984,5305418495894835,"jarwadiwibisono,s.ip724@yahoo.co.id","Gang Veteran No. 034, Ambon, PA 87035",9992838875570973
3275,Lanjar Rahmawati,M,1960-01-02,3103010201603749,087854512603,165930918434429,5221533385327585,lanjar_rahmawati383@ymail.com,"Gang Antapani Lama No. 970, Kota Administrasi Jakarta Timur, BB 71253",9986875950615266
3276,Cici Kuswoyo,F,1998-05-27,7101016705987967,089736001138,5788365456497,5277657249395671,cicikuswoyo586@gmail.com,"Jalan Pasirkoja No. 0, Palembang, KB 15811",9920992116005058
3277,Tugiman Mulyani,M,1967-08-01,3274010108678636,083312572348,24473814717259,6011494323989087,tugiman_mulyani@hotmail.com,"Jl. Ciumbuleuit No. 95, Manado, Jawa Barat 34508",9979573372143873
3278,Mahfud Kuswandari,F,1985-09-16,6101015609852534,+628141868228,5290158381,5239346618319472,mahfud_kuswandari493@ymail.com,"Gang Sukajadi No. 08, Meulaboh, Aceh 05064",9957346658744651
3279,Bakidin Namaga,M,1956-09-20,3105012009561090,08229840411,816800642120124,5505506016561278,bakidin.namaga946@ymail.com,"Jalan Dipenogoro No. 4, Banjar, Sulawesi Tenggara 43893",9950311621473511
3280,Jaeman Nainggolan,M,1972-07-23,3302012307725506,08599932456,150469443573,5556616895667081,jaeman.nainggolan@yahoo.co.id,"Jalan Sentot Alibasa No. 5, Bukittinggi, Lampung 13414",9954980883411085
3281,"Puti Dina Agustina, M.Pd",M,2002-08-26,3301012608027164,085605886562,181521150732497,6011450452658022,"putidinaagustina,m.pd@yahoo.co.id","Jalan Raya Ujungberung No. 2, Kendari, Kalimantan Tengah 88560",9974591762458618
3282,Rahmi Santoso,F,1993-11-13,7301015311934469,08974440352,845708533018285,5595868995984729,rahmi.santoso@ymail.com,"Gang Cikapayang No. 3, Solok, PA 99659",9987737555243569
3283,"Dimaz Riyanti, S.T.",F,1960-10-24,5102016410606747,088291027440,1333751453137,6011144268402782,"dimaz_riyanti,_s.t.@yahoo.co.id","Jl. Rawamangun No. 8, Magelang, SG 49023",9964802811775501
3284,"Dr. Calista Saragih, S.Sos",F,1958-05-12,3172015205586453,+628953175234,833792232512854,6011595218927215,"dr.calistasaragih,s.sos62@yahoo.co.id","Gg. Antapani Lama No. 183, Padang Sidempuan, YO 81898",9923306700078083
3285,"Perkasa Prasetya, M.Kom.",F,1960-06-19,3204015906609599,+628969300229,599000749309344,5136323458117089,"perkasa.prasetya,.m.kom.@yahoo.co.id","Jl. Peta No. 08, Kota Administrasi Jakarta Utara, Kepulauan Bangka Belitung 53256",9925013133625173
3286,Raden Haryanto,F,1980-08-02,3701014208801804,088410963428,22699897327769,5333795340668164,raden_haryanto576@ymail.com,"Jl. Ahmad Yani No. 52, Manado, SU 16551",9979913984824268
3287,Ellis Zulaika,M,1971-06-01,3271010106716023,+6288425208759,129121379,5204772910959652,ellis_zulaika@yahoo.co.id,"Gg. H.J Maemunah No. 41, Kendari, Sulawesi Tenggara 22285",9960107705227853
3288,Winda Prastuti,F,1972-10-23,3401016310725014,08381624483,50444802,5139694130057875,winda_prastuti462@gmail.com,"Jalan Setiabudhi No. 88, Tebingtinggi, Banten 32761",9992310038472507
3289,Cut Gilda Hassanah,F,1987-02-13,3271015302876205,08776311555,19468004004,5148120078655038,cut_gilda_hassanah963@hotmail.com,"Jl. Dipenogoro No. 253, Surabaya, MU 35851",9966488250260358
3290,Salwa Hidayat,F,1992-09-20,3401016009921342,089555625155,876268540584898,4420465118077253,salwa.hidayat776@hotmail.com,"Jl. Yos Sudarso No. 67, Kediri, SG 18821",9991509208179168
3291,"Umi Hardiansyah, M.M.",F,1996-01-25,3201016501965856,+628224600036,408374140,5562112650905748,"umihardiansyah,m.m.@outlook.com","Gang Raya Setiabudhi No. 7, Kota Administrasi Jakarta Pusat, JT 37769",9912881804946160
3292,Natalia Prayoga,M,1993-11-19,5103011911932630,+6289717242819,8940608913183,5334132785217004,nataliaprayoga620@yahoo.co.id,"Gang Sukabumi No. 702, Jambi, Sumatera Barat 38057",9975835449504785
3293,Bambang Waskita,F,1961-07-08,3401014807618131,08227474237,86672732663202,6011773475841263,bambang.waskita155@outlook.com,"Gang M.T Haryono No. 2, Kediri, BB 89042",9977555922773748
3294,Ulya Siregar,M,1976-08-25,3173012508766425,+6287774845007,8680748911023,5380868629976151,ulya_siregar@hotmail.com,"Gg. S. Parman No. 9, Pekalongan, KU 19133",9928693509334003
3295,Ifa Mahendra,F,1994-11-01,3272014111949995,08135210450,558274294572927,5282024100635244,ifa_mahendra@outlook.com,"Jalan Rajawali Barat No. 8, Padangpanjang, Kepulauan Bangka Belitung 04462",9942284388326253
3296,"Tgk. Silvia Yulianti, S.Pd",F,1969-02-25,3175016502690002,08318374751,51702165547345,6011528533693417,"tgk.silviayulianti,s.pd298@gmail.com","Jl. W.R. Supratman No. 6, Bengkulu, Sumatera Barat 00337",9967850683560070
3297,Zalindra Farida,M,1986-11-13,3301011311869520,+6288485163804,89369524,5141131615299834,zalindra_farida171@gmail.com,"Jl. Cihampelas No. 60, Tangerang, SS 85690",9976517933655804
3298,"Putri Widiastuti, M.Farm",F,1995-11-09,3302014911956094,08213469481,3678002060290,6011158829037493,"putri_widiastuti,_m.farm@ymail.com","Jl. Cempaka No. 420, Magelang, Kalimantan Utara 87722",9935111762268167
3299,drg. Vicky Wijaya,M,1975-09-09,3401010909751708,+6281525253467,94559058292,5217644244559104,drg..vicky.wijaya324@yahoo.co.id,"Gang M.T Haryono No. 6, Bekasi, MU 08585",9962759651790912
3300,Puti Tania Siregar,M,1996-03-10,3501011003962337,089663826117,3178631130,4126032206387374,puti.tania.siregar55@outlook.com,"Gg. Yos Sudarso No. 2, Bontang, ST 95261",9951909160776754
3301,dr. Jarwadi Halim,F,1981-04-20,3401016004819689,08161961076,22355926,4511373177015778,dr..jarwadi.halim@outlook.com,"Jalan Astana Anyar No. 648, Kota Administrasi Jakarta Selatan, SG 33258",9923924923708203
3302,drg. Fathonah Ramadan,M,1960-02-27,3301012702609412,08158986159,817718164,6011358891175803,drg..fathonah.ramadan802@hotmail.com,"Jl. Rajawali Barat No. 3, Bontang, Papua 91539",9967437723756652
3303,Adiarja Siregar,M,2001-10-30,3173013010015338,082183299943,61582372713271,5277877103751690,adiarjasiregar@ymail.com,"Jalan Peta No. 466, Bandar Lampung, DI Yogyakarta 61958",9973789071444115
3304,"dr. Bakijan Nuraini, M.Ak",M,2001-06-30,3602013006014228,08952817859,5348092918645,5354252682021868,"dr..bakijan.nuraini,.m.ak@ymail.com","Gang Kebonjati No. 61, Manado, Bali 81878",9992385234176549
3305,Yosef Pradana,M,1974-10-26,3502012610745892,089922431476,75975835,5467729730964495,yosef.pradana@hotmail.com,"Gg. H.J Maemunah No. 251, Cimahi, PB 89124",9964248080612430
3306,"R. Betania Mangunsong, S.Pt",M,1958-08-20,7101012008585266,08185469118,4754484058,5355753272587954,"r._betania_mangunsong,_s.pt@gmail.com","Jalan Asia Afrika No. 603, Pekalongan, Sulawesi Tengah 73775",9960733342638900
3307,"Uli Usamah, S.Pd",M,1978-09-27,3101012709782638,089994875989,366425214541,5194896882943610,"uli.usamah,.s.pd934@yahoo.co.id","Gang HOS. Cokroaminoto No. 725, Tidore Kepulauan, Aceh 76494",9954700584701809
3308,Dasa Damanik,F,1992-09-11,3274015109928940,08338258261,97489757312338,5237749490684924,dasa.damanik@gmail.com,"Jalan HOS. Cokroaminoto No. 54, Blitar, JI 14136",9962594672163681
3309,Gara Sihotang,F,1994-12-23,3601016312943874,08577285357,6587990577,5430760295927509,gara.sihotang@outlook.com,"Jl. Kebonjati No. 3, Malang, SN 31113",9920689273833212
3310,Mursinin Andriani,M,1981-10-24,3501012410819569,081315954128,77672022659967,5501624376050243,mursinin_andriani@yahoo.co.id,"Jl. Lembong No. 5, Ternate, JT 11189",9965570108932567
3311,Drs. Gasti Wijayanti,F,1956-10-30,3203017010566119,089943604063,6411255361,5131826366835284,drs..gasti.wijayanti651@gmail.com,"Jl. Laswi No. 913, Sorong, Sulawesi Selatan 20828",9986714513018511
3312,"Vega Wijayanti, M.TI.",F,1985-08-28,3274016808853607,081988156870,64711769737130,5295104208962920,"vegawijayanti,m.ti.@ymail.com","Jalan Laswi No. 86, Probolinggo, Kalimantan Utara 88058",9925580841967809
3313,"drg. Jayeng Wahyuni, M.Farm",F,1983-07-18,6101015807833306,08313974151,8997238219,6011837694633522,"drg._jayeng_wahyuni,_m.farm275@yahoo.co.id","Gang Stasiun Wonokromo No. 90, Kota Administrasi Jakarta Utara, LA 44235",9990956094748446
3314,H. Mahesa Wibowo,M,2005-09-14,3602011409058476,081830748324,427389702356599,5175951924455611,h..mahesa.wibowo133@hotmail.com,"Jl. Waringin No. 290, Medan, BB 24898",9989182867402562
3315,Malika Wibisono,F,1957-03-17,3273015703576659,082120127505,903874339570680,6011440469131918,malikawibisono95@gmail.com,"Jl. Rumah Sakit No. 6, Tual, Sumatera Selatan 68140",9936147226945049
3316,"Tgk. Paulin Ramadan, S.Psi",F,1997-05-06,3101014605971829,082274214731,55705473653056,5592342666619526,"tgk.paulinramadan,s.psi@hotmail.com","Gg. Erlangga No. 3, Padangpanjang, KS 45708",9967941936009564
3317,Viman Kusmawati,M,1991-05-15,3102011505915549,+6288266146994,4595367965,5208515556520086,viman_kusmawati961@ymail.com,"Jalan PHH. Mustofa No. 66, Pematangsiantar, KR 89571",9983396502719413
3318,Harjo Latupono,F,1957-11-12,5103015211571608,08578082383,188761244330,5119837617435810,harjo_latupono464@ymail.com,"Jl. Jend. A. Yani No. 3, Semarang, Sulawesi Barat 65855",9958551493158159
3319,"Drs. Purwa Tarihoran, S.Ked",F,1964-08-02,3104014208648922,085257691115,33501380390686,5145928473134461,"drs..purwa.tarihoran,.s.ked@outlook.com","Gg. Asia Afrika No. 4, Prabumulih, RI 81745",9977252360849589
3320,Maida Waskita,M,1978-12-14,3501011412787882,081255010541,149039460,5272940012543869,maida_waskita@outlook.com,"Gg. Kutisari Selatan No. 0, Pekalongan, Sulawesi Utara 03659",9914985973724521
3321,"Dt. Jaka Hastuti, S.T.",F,1993-01-02,3701014201934176,08556479943,4005567274624,6011125304966027,"dt..jaka.hastuti,.s.t.191@hotmail.com","Jalan Kebonjati No. 09, Banjarbaru, MU 50133",9998972247030961
3322,"T. Saka Pradana, S.Pt",F,1965-09-22,3105016209651693,+628120288354,8537613324,5476681700740771,"t._saka_pradana,_s.pt@hotmail.com","Gang Wonoayu No. 31, Kendari, BB 26101",9919966317323541
3323,Tgk. Tedi Maryadi,F,1973-02-14,3501015402736971,+6285307862283,737512176165889,5242011660804394,tgk._tedi_maryadi792@outlook.com,"Jl. Ciwastra No. 785, Parepare, SS 62054",9913604272695489
3324,"Tami Irawan, S.Pt",M,1962-06-21,3172012106620730,085248331906,28954931811065,5386215355255296,"tami.irawan,.s.pt@outlook.com","Gg. Jend. A. Yani No. 34, Bau-Bau, SS 49774",9942697945680710
3325,Rizki Mardhiyah,M,1961-01-17,3601011701611374,+628179137295,18420410794259,5465417856148559,rizkimardhiyah437@ymail.com,"Gg. Dr. Djunjunan No. 194, Ternate, Jawa Barat 63439",9930460672535668
3326,Hardana Hassanah,M,1969-06-03,3104010306698416,08770438530,83285917,5353293953032104,hardana_hassanah@gmail.com,"Gg. Pelajar Pejuang No. 37, Magelang, Sulawesi Tenggara 47274",9910243055831548
3327,"Mutia Riyanti, S.Kom",M,2005-12-23,5103012312051889,08783597778,160426676,4719340029234258,"mutiariyanti,s.kom@yahoo.co.id","Jalan Gegerkalong Hilir No. 367, Tangerang Selatan, Jawa Tengah 55423",9946224457514507
3328,Hj. Rika Hartati,F,1978-11-30,7102017011783778,088461645701,6930872746,4422477461310096,hj._rika_hartati471@hotmail.com,"Jalan Pasir Koja No. 5, Bau-Bau, KT 43235",9973617304709670
3329,Heru Prasasta,F,1985-08-22,3302016208855911,+628218219105,8948451772,5208767661805637,heru_prasasta498@ymail.com,"Gang Sadang Serang No. 84, Balikpapan, Lampung 10997",9914179666848196
3330,Dr. Ganda Haryanti,F,1987-02-08,3101014802874912,08319753142,3765215109683,5567881276443160,dr._ganda_haryanti@outlook.com,"Gg. Veteran No. 6, Samarinda, KT 78360",9989848663255936
3331,"Zulaikha Lailasari, M.Farm",M,2002-01-31,3401013101026418,089656008610,3027438717,5593715125105095,"zulaikha_lailasari,_m.farm85@hotmail.com","Jl. Yos Sudarso No. 9, Tanjungpinang, Kalimantan Utara 01362",9996045085072215
3332,H. Dadap Hutapea,M,1970-05-11,5101011105700500,08982049822,5997294904083,5269817207718824,h..dadap.hutapea176@hotmail.com,"Gang Suniaraja No. 44, Padang Sidempuan, KS 25054",9945704939513176
3333,Unjani Nurdiyanti,F,1990-03-29,3101016903906665,08964868601,133099599,5178169697882020,unjani.nurdiyanti23@hotmail.com,"Gang Pasirkoja No. 42, Bandar Lampung, JB 34371",9925591824709469
3334,"R. Zizi Suryono, S.Kom",M,2007-07-10,3502011007074016,083143619406,85921709,5486586326466629,"r.zizisuryono,s.kom@gmail.com","Gg. Jend. Sudirman No. 4, Prabumulih, Lampung 96965",9964049007852363
3335,Ir. Tirtayasa Sirait,M,1981-10-06,3402010610812766,+6288439292125,279654560,5256903731480073,ir.tirtayasasirait214@outlook.com,"Jalan Jend. Sudirman No. 072, Lubuklinggau, Bengkulu 60222",9983735710939619
3336,"Argono Pradipta, S.E.",M,1969-09-28,6101012809695896,082365973186,43522504699687,5179783344757294,"argonopradipta,s.e.@gmail.com","Gg. Jayawijaya No. 068, Balikpapan, Sulawesi Barat 29385",9960244213123553
3337,Ismail Utami,F,1972-11-06,3602014611729743,+628157256750,462857078524,5138053956113024,ismail_utami@hotmail.com,"Jl. Ahmad Dahlan No. 244, Jayapura, Banten 10855",9958008474491338
3338,Amelia Setiawan,F,1990-08-30,3102017008900963,08231695673,973903789728878,5522832197666298,amelia_setiawan94@hotmail.com,"Gang Abdul Muis No. 41, Bima, Jambi 22413",9928011538904997
3339,"R. Uli Permata, S.I.Kom",M,1991-06-06,7102010606913104,08124563273,72691585440,5597794911620464,"r.ulipermata,s.i.kom195@ymail.com","Jl. Pacuan Kuda No. 321, Salatiga, Jawa Barat 81427",9956142885439975
3340,Cawuk Mandala,M,1967-10-26,3174012610677567,08232551204,7400507020225,5143382720724189,cawuk_mandala@ymail.com,"Gg. Dipatiukur No. 199, Jayapura, Jawa Tengah 05978",9932952602802140
3341,"Paiman Nugroho, M.Pd",M,1989-11-08,7301010811899957,08185021915,69601593,5276943856180614,"paimannugroho,m.pd864@yahoo.co.id","Gg. Gedebage Selatan No. 9, Tanjungbalai, Jambi 98176",9916306058752133
3342,"Balamantri Riyanti, S.IP",F,1968-04-03,3101014304681010,089509754122,49460763,6011459558720110,"balamantri.riyanti,.s.ip34@yahoo.co.id","Jalan Gardujati No. 70, Surakarta, Lampung 04882",9950339638431691
3343,Hani Widiastuti,M,1999-03-25,5101012503996648,081989262801,7461475584598,5197829086498505,hani.widiastuti@outlook.com,"Jl. Medokan Ayu No. 983, Tarakan, SB 65293",9975204887264943
3344,Hardi Uyainah,M,1988-02-23,3105012302880887,08386152366,72894840234,4333242754612573,hardiuyainah681@yahoo.co.id,"Gang Sentot Alibasa No. 79, Tual, Sulawesi Selatan 12794",9998127265449279
3345,"Anita Kuswoyo, S.H.",M,1998-08-16,3303011608981721,+628818654453,3156697975,4121139159873155,"anitakuswoyo,s.h.@ymail.com","Jalan Raya Ujungberung No. 324, Banjar, Sulawesi Tenggara 06868",9953198922635337
3346,dr. Raden Latupono,F,1982-09-23,3176016309826004,083225158927,6972680410,6011017521605051,dr._raden_latupono119@gmail.com,"Jl. R.E Martadinata No. 5, Banjar, Kepulauan Riau 26166",9934796368233853
3347,Ir. Dodo Simanjuntak,M,1997-08-20,7101012008972074,083228900672,7628717029939,5391394485781572,ir._dodo_simanjuntak279@yahoo.co.id,"Gang Suryakencana No. 258, Pematangsiantar, Jambi 60459",9993467878683518
3348,"Maida Pudjiastuti, S.Pt",M,1984-07-22,3501012207847100,08226790189,7673939264,5485902367948513,"maida_pudjiastuti,_s.pt@yahoo.co.id","Gg. Kapten Muslihat No. 6, Singkawang, SG 72912",9998482211739804
3349,R. Galar Prasasta,F,1976-10-27,3176016710763125,08550136190,8337037550283,5493782518414061,r._galar_prasasta@ymail.com,"Jalan Kebonjati No. 4, Banda Aceh, Jawa Barat 97883",9998494282203056
3350,Narji Nugroho,F,1966-07-08,7301014807661650,+628966662598,6824148310,5112953149645537,narjinugroho@ymail.com,"Jl. H.J Maemunah No. 64, Singkawang, Sumatera Utara 34405",9953928793363315
3351,Maya Tamba,F,1984-03-20,3171016003845979,+628996753947,699342345931,5213962916618136,mayatamba615@yahoo.co.id,"Gang Pacuan Kuda No. 5, Kota Administrasi Jakarta Pusat, LA 92095",9927386902347835
3352,Humaira Suartini,F,1970-05-02,3171014205701136,08849397401,193030606603,5177904899895136,humaira.suartini239@outlook.com,"Jl. Dipenogoro No. 94, Kota Administrasi Jakarta Timur, Jawa Barat 83299",9977214007602905
3353,drg. Taufan Sihombing,F,1973-04-21,3102016104730127,+6285150385289,60653758708451,6011961313725900,drg..taufan.sihombing386@yahoo.co.id,"Jalan Abdul Muis No. 95, Banda Aceh, Maluku 86416",9919554421801143
3354,R.M. Jono Winarsih,F,1965-11-11,3501015111651293,081389531855,929463754955,5351757415909116,r.m.jonowinarsih@gmail.com,"Jalan Sentot Alibasa No. 211, Metro, Jawa Timur 11665",9934865271778376
3355,"dr. Kayla Prasetyo, S.Farm",M,1999-12-20,3601012012991879,+628181285303,837091236,5535837345564676,"dr.kaylaprasetyo,s.farm512@ymail.com","Gg. Tebet Barat Dalam No. 359, Bau-Bau, Nusa Tenggara Timur 40755",9935010281222179
3356,Tgk. Zizi Iswahyudi,M,1993-12-30,3273013012933654,082210379384,2373328317,5456998925870151,tgk._zizi_iswahyudi380@gmail.com,"Jalan Sadang Serang No. 2, Tebingtinggi, PB 57741",9975387172773261
3357,Respati Anggraini,M,1990-09-04,3602010409905589,081949657816,1543620588,5501901386300654,respati.anggraini@hotmail.com,"Gang Rawamangun No. 40, Jambi, KU 55861",9979355119441072
3358,Asman Anggraini,F,1979-05-20,3201016005797937,081592851117,191236163,5206617618214594,asmananggraini54@ymail.com,"Jalan Kendalsari No. 496, Kediri, MA 36928",9940620995850302
3359,Gangsar Agustina,F,2004-04-10,3203015004046069,08196323247,994558178963,5476328752380197,gangsaragustina437@outlook.com,"Gang Cempaka No. 41, Ternate, Kalimantan Tengah 36010",9924073348573367
3360,dr. Jati Winarno,M,2006-10-24,3401012410066074,08972141662,4987945687807,5353321157144032,dr..jati.winarno@ymail.com,"Gg. Rumah Sakit No. 358, Pagaralam, Papua 98061",9925827553704573
3361,Kezia Sihombing,M,1982-10-26,3302012610829419,085315663116,195719295747080,4514642406005807,kezia.sihombing@gmail.com,"Gg. Cihampelas No. 46, Gorontalo, PB 24286",9956428865961194
3362,Jamil Januar,M,1977-01-25,3273012501774890,+628854103928,2693575760,5524282303247647,jamil.januar167@yahoo.co.id,"Jalan Tubagus Ismail No. 56, Palu, Kalimantan Timur 60727",9944522703644616
3363,"R.M. Wira Widiastuti, S.Kom",M,1991-12-19,3273011912912837,082133778051,356051957611293,6011295597291703,"r.m..wira.widiastuti,.s.kom650@yahoo.co.id","Gang Ciumbuleuit No. 76, Manado, SU 64022",9980470188436855
3364,"Sakura Mahendra, S.Kom",M,1976-07-16,3302011607761297,+6283366824985,47144713168,6011752866524342,"sakuramahendra,s.kom@yahoo.co.id","Gang Jend. Sudirman No. 49, Palu, SN 82614",9982319197906745
3365,"Bagya Dongoran, M.Farm",M,1998-05-28,3402012805987285,08162634178,960954449755,5230759277580913,"bagyadongoran,m.farm@ymail.com","Jl. Laswi No. 0, Balikpapan, KI 15667",9962403348153269
3366,Rudi Prayoga,M,1955-09-21,3175012109554165,081811404835,8571628468,5415558229250058,rudi_prayoga138@outlook.com,"Jl. R.E Martadinata No. 6, Mojokerto, Riau 49895",9918325633272940
3367,Puti Bella Gunarto,M,1977-09-17,3701011709776630,08555048985,59965756570,5342922012233732,puti_bella_gunarto425@gmail.com,"Gang Ahmad Dahlan No. 38, Kota Administrasi Jakarta Selatan, Bengkulu 41616",9952540617445166
3368,"Mursita Januar, S.Kom",F,1977-02-14,3174015402776304,08824805106,19019333818,4582568131508365,"mursitajanuar,s.kom@yahoo.co.id","Gg. Peta No. 5, Samarinda, Sulawesi Barat 04808",9949255522596622
3369,Galih Yolanda,F,1985-07-22,3303016207859230,+6289524016656,86074734480,5298772955254875,galihyolanda@gmail.com,"Gang Ahmad Dahlan No. 4, Cimahi, MA 87138",9999127689007271
3370,"R.M. Jagapati Purnawati, S.H.",F,1987-08-11,3204015108874590,08137809447,33309085,5360396884197363,"r.m.jagapatipurnawati,s.h.272@outlook.com","Gang Sadang Serang No. 9, Makassar, ST 01995",9930689420299737
3371,Pranata Saefullah,F,1962-05-09,3701014905623928,08165815708,47163244,6011924438249935,pranata_saefullah5@yahoo.co.id,"Gg. Soekarno Hatta No. 6, Kediri, SN 05128",9987753422388352
3372,Faizah Farida,M,2004-09-16,3274011609047292,+628843450127,80164830109,5174179251306959,faizah_farida@ymail.com,"Gg. Pacuan Kuda No. 385, Purwokerto, KU 95700",9965359630142154
3373,Shania Firmansyah,M,1998-01-19,3172011901982709,08511271183,3158724573035,4744401654909233,shaniafirmansyah@yahoo.co.id,"Jl. W.R. Supratman No. 923, Padang, Kalimantan Barat 34335",9914999582671877
3374,Prayitna Natsir,M,2006-12-24,3402012412062564,+6283347629705,9569203088249,5504872587826679,prayitna_natsir@yahoo.co.id,"Gang Kendalsari No. 138, Ambon, Papua Barat 89728",9947037034470233
3375,Dono Uwais,F,1979-06-17,3202015706797564,08179794059,578251999,4386747165380856,donouwais49@gmail.com,"Jalan Gedebage Selatan No. 0, Mojokerto, BE 00960",9961047110943478
3376,Nadia Samosir,F,1984-11-12,3105015211846689,+628818018607,3047722975796,5124558399856411,nadiasamosir@yahoo.co.id,"Jalan Pelajar Pejuang No. 71, Tanjungpinang, JA 63360",9930824490963440
3377,Agus Wulandari,F,1977-03-26,3202016603772811,083804239899,448095451565,5584388410554083,agus_wulandari918@outlook.com,"Jl. Cikutra Timur No. 303, Payakumbuh, Jawa Timur 84730",9960335779038483
3378,Rina Gunarto,M,1984-07-04,3102010407847591,08214562259,44971551345180,5361779680002524,rina.gunarto@outlook.com,"Jl. Pasteur No. 062, Tegal, Sumatera Utara 42485",9946891228195323
3379,Lutfan Hutagalung,F,1999-02-26,6101016602996787,08594659645,11558155,5300790669969576,lutfanhutagalung@ymail.com,"Jl. Cikutra Timur No. 36, Purwokerto, NT 33466",9925338869691635
3380,Maria Wacana,M,2005-10-16,3274011610054246,082385388280,516885883,6011763672353178,maria.wacana@gmail.com,"Jl. Rajiman No. 703, Payakumbuh, Lampung 43850",9911116984931302
3381,"R. Kasiyah Wulandari, M.M.",F,1983-07-21,3701016107830842,08239101342,946023824522,5168690055553796,"r.kasiyahwulandari,m.m.317@ymail.com","Gang Sentot Alibasa No. 28, Medan, Sumatera Selatan 42109",9991169730318512
3382,"Drs. Aurora Tampubolon, S.Pd",M,1969-08-08,3171010808695235,08961680814,9101678222973,5336743665122507,"drs._aurora_tampubolon,_s.pd429@hotmail.com","Jl. Gedebage Selatan No. 6, Prabumulih, BA 53939",9973747486589428
3383,Vivi Waluyo,M,1985-01-16,3202011601854958,+628191367170,76660968390,6011147068839036,vivi.waluyo@outlook.com,"Jl. Pasir Koja No. 709, Sibolga, SR 48943",9957447358142504
3384,Purwa Mulyani,M,1992-01-13,3203011301928417,085366787229,283525439587,4998109297128091,purwamulyani288@hotmail.com,"Gg. Moch. Ramdan No. 71, Payakumbuh, Sumatera Selatan 47805",9980307880170883
3385,"H. Galak Ramadan, S.I.Kom",M,1989-03-29,3201012903895896,085709445253,9487398474,5182452507059794,"h..galak.ramadan,.s.i.kom@yahoo.co.id","Jalan Pasirkoja No. 1, Probolinggo, Aceh 45921",9935961883433305
3386,R.A. Cinthia Gunarto,M,1990-05-10,3402011005905139,+6285336119569,2840852704584,5428636043047586,r.a..cinthia.gunarto@hotmail.com,"Gang Kutisari Selatan No. 4, Batam, KR 65714",9999681951595286
3387,Puspa Wulandari,F,1960-10-23,3602016310602177,+628817786038,64237779376146,5423350424248358,puspa.wulandari@hotmail.com,"Jl. Raya Ujungberung No. 63, Padang Sidempuan, KB 63025",9993479626237571
3388,"Sabrina Uyainah, M.Kom.",F,2004-03-19,3202015903044569,08789349765,24134006,4826656807510627,"sabrinauyainah,m.kom.848@outlook.com","Gg. Ronggowarsito No. 6, Mojokerto, SG 60321",9950454029717020
3389,"Nasim Marbun, S.T.",F,1961-03-20,3402016003615264,082132526023,3362306753546,5103319016669699,"nasim_marbun,_s.t.455@hotmail.com","Gg. Pelajar Pejuang No. 99, Kota Administrasi Jakarta Selatan, GO 19968",9979168620637911
3390,Jaya Andriani,M,1966-03-13,3172011303662509,08310563254,4259455131,4845732962510860,jaya_andriani@yahoo.co.id,"Jl. Rajiman No. 059, Balikpapan, Jawa Timur 39804",9928425729016430
3391,Cakrawangsa Lestari,M,1979-04-13,3502011304797612,+628952304994,874770961316818,5532669955649975,cakrawangsa.lestari@ymail.com,"Jalan Rajiman No. 81, Pagaralam, Jawa Barat 96971",9943970396352164
3392,Banara Santoso,F,1982-05-27,3176016705822371,082258639454,68667687974965,5276558151961327,banara_santoso@ymail.com,"Jalan Sukajadi No. 159, Pontianak, BE 27861",9944305499022696
3393,"Queen Haryanto, M.Farm",F,1960-04-03,3173014304600583,087749634174,19766302503586,5561941014783226,"queenharyanto,m.farm@gmail.com","Gang BKR No. 608, Magelang, Sulawesi Tenggara 35408",9928028168388049
3394,"Dr. Elvin Manullang, S.Ked",F,1998-02-05,3201014502984476,085539365898,473679181100,4584884779629698,"dr..elvin.manullang,.s.ked394@ymail.com","Jalan S. Parman No. 67, Palangkaraya, ST 38668",9958279245193443
3395,Jasmin Yuliarti,F,1983-02-16,3501015602833753,+628142588476,84597468333,6011682850100520,jasmin_yuliarti483@gmail.com,"Jalan Kiaracondong No. 3, Gorontalo, Kalimantan Selatan 64081",9925871042794639
3396,Ira Suwarno,M,1987-08-26,3272012608877772,08843840621,45961715363,5598492522104074,irasuwarno646@yahoo.co.id,"Gg. HOS. Cokroaminoto No. 35, Samarinda, Jawa Barat 57864",9912629244004334
3397,"Paris Marpaung, M.Farm",F,1993-04-08,5101014804930654,081300529707,9753346770479,6011809836892093,"paris_marpaung,_m.farm@hotmail.com","Jl. Raya Setiabudhi No. 870, Bitung, BE 24652",9976301272412578
3398,Lutfan Widiastuti,F,2004-01-17,3202015701047510,081980335573,8474612003,5109446789500287,lutfanwidiastuti@yahoo.co.id,"Gang Jakarta No. 43, Padangpanjang, Jawa Tengah 06654",9946003948322726
3399,Syahrini Uyainah,F,1975-01-13,3204015301751835,+6289625673601,73060415002,6011413505691193,syahrini.uyainah@outlook.com,"Jl. Cempaka No. 701, Salatiga, PA 75388",9981365196256139
3400,Gangsa Hartati,M,2006-08-17,3101011708066286,081430166738,6305552840,6011584047373176,gangsahartati@yahoo.co.id,"Jalan Dr. Djunjunan No. 18, Tanjungpinang, RI 17818",9952410364073158
3401,"Tgk. Vero Mayasari, S.Pt",M,1985-06-19,3175011906851783,08843058023,4560356825,5291898539923373,"tgk._vero_mayasari,_s.pt@outlook.com","Jalan Moch. Toha No. 3, Pematangsiantar, KR 87195",9938760211581638
3402,Zamira Wacana,F,1980-12-16,3303015612801231,085721013953,964202908429,4348250406584438,zamira_wacana@ymail.com,"Jl. Asia Afrika No. 71, Banjar, Sulawesi Selatan 68590",9945134904918804
3403,Umay Handayani,M,1998-12-14,3274011412981936,+628122578174,732336349522,5149936728586953,umay_handayani@hotmail.com,"Gg. W.R. Supratman No. 910, Palu, Lampung 37837",9997199799381743
3404,Dina Prakasa,F,2008-06-04,3103014406086269,+628334818211,25970882037,5420816312590825,dinaprakasa@ymail.com,"Jalan Dipatiukur No. 605, Tarakan, Jawa Timur 66923",9944851141570895
3405,Bakiono Pradipta,F,1976-02-24,3601016402763861,08117827349,212027150,5343281308807270,bakiono.pradipta754@outlook.com,"Gg. Monginsidi No. 63, Bontang, SS 28118",9990810665057276
3406,Lanjar Wijaya,F,1956-03-04,3102014403564031,085176126917,73375212432491,5434978497808621,lanjar.wijaya569@ymail.com,"Jalan Kebonjati No. 5, Tangerang, SN 74788",9918402298964597
3407,R.M. Emin Sitompul,F,2001-09-28,3701016809018268,082183096263,266090883941,4981625034839142,r.m.eminsitompul@hotmail.com,"Jl. Lembong No. 1, Bukittinggi, Kalimantan Selatan 88239",9949535263474637
3408,"Zaenab Haryanti, S.Psi",M,1965-02-05,7301010502654974,+6285378040410,7193973144,5336096527829857,"zaenab.haryanti,.s.psi@ymail.com","Gg. Cikapayang No. 54, Bandar Lampung, NB 75532",9914440179178046
3409,Viman Pangestu,F,1971-02-20,3502016002716093,085844816393,28551211479,5472337575422813,viman_pangestu171@ymail.com,"Jalan Jamika No. 4, Kota Administrasi Jakarta Utara, GO 71787",9939419915658344
3410,Nilam Tamba,M,1982-12-24,7102012412823119,+628585929979,533769038660495,5228640431780207,nilamtamba246@ymail.com,"Jl. Pelajar Pejuang No. 45, Sibolga, Lampung 75373",9996375631959935
3411,Unggul Widodo,F,1979-10-08,3204014810796322,082167372753,354308316,5209408748149131,unggul_widodo@hotmail.com,"Jalan Pasir Koja No. 49, Tebingtinggi, JA 26951",9964276987607937
3412,"Usman Permadi, S.Farm",F,1970-11-17,3175015711706038,+628224379457,30113437757,4657872335987648,"usman.permadi,.s.farm20@gmail.com","Jl. Ir. H. Djuanda No. 85, Lhokseumawe, Bengkulu 97089",9920795039127271
3413,KH. Nrima Sudiati,M,1974-05-12,5101011205740139,081631465754,2826553979,5546192131753016,kh._nrima_sudiati@yahoo.co.id,"Gang BKR No. 374, Payakumbuh, JB 37692",9961753061956174
3414,Adiarja Sitompul,M,1969-05-29,3172012905697955,08778604588,22839891858124,5434884903050350,adiarjasitompul619@hotmail.com,"Gg. Otto Iskandardinata No. 79, Bandar Lampung, Maluku Utara 51594",9954734407716510
3415,Vanya Halim,M,1987-11-20,3303012011879213,081795854896,278074716,5266663010683824,vanya.halim162@hotmail.com,"Jalan Rawamangun No. 610, Banjar, Bengkulu 71953",9966553331873635
3416,R. Jail Laksmiwati,M,1979-01-07,7301010701798660,+6287757014255,4013555597,5557886844720799,r._jail_laksmiwati579@gmail.com,"Gang Joyoboyo No. 53, Tangerang Selatan, JA 45164",9965204915436868
3417,Muhammad Yuniar,M,1966-10-18,3175011810665380,08952154578,960254029016,5452991942278784,muhammad.yuniar@gmail.com,"Gang Abdul Muis No. 974, Purwokerto, Sulawesi Barat 87571",9938920048309569
3418,Dr. Jagaraga Nashiruddin,F,1986-12-10,3303015012863877,082361810777,52603654618,5163766735639513,dr._jagaraga_nashiruddin@outlook.com,"Gang Sentot Alibasa No. 86, Metro, Maluku Utara 13009",9928620326277754
3419,Catur Damanik,M,1966-03-31,3302013103662014,08316460333,254516507778162,5137475256285960,catur.damanik796@yahoo.co.id,"Jalan Asia Afrika No. 67, Singkawang, SS 61941",9934470786019236
3420,Cemeti Mardhiyah,M,1994-04-14,5102011404942542,089865227225,4894287785,5400125260792624,cemeti.mardhiyah403@outlook.com,"Jl. Jend. Sudirman No. 49, Yogyakarta, Bengkulu 15122",9915403544983174
3421,Syahrini Novitasari,M,1995-05-10,3174011005951933,08514916069,2752638760737,4685286577813860,syahrininovitasari@yahoo.co.id,"Jalan Indragiri No. 2, Pangkalpinang, Sumatera Utara 63681",9992732250117860
3422,Gamani Prasetya,M,1962-02-03,3173010302629115,08826986402,61340107301,5498961125658650,gamani_prasetya@gmail.com,"Gg. Cikapayang No. 118, Denpasar, Kalimantan Utara 73888",9941054684558049
3423,"Puti Siti Megantara, S.E.",F,1990-09-17,3103015709906825,+628385065707,22281505577950,6011172390702740,"puti_siti_megantara,_s.e.258@gmail.com","Jalan Veteran No. 21, Batu, Banten 45205",9988592124989289
3424,Lanjar Permata,M,1993-03-22,3601012203934140,081416219285,2469803032113,5430322467788157,lanjar.permata@gmail.com,"Jalan Raya Ujungberung No. 0, Sorong, Jambi 15041",9988548271175824
3425,Olga Siregar,M,1964-02-25,3601012502649310,081859688124,56104344196,5383326186986524,olga_siregar@gmail.com,"Jl. S. Parman No. 50, Mojokerto, Sulawesi Tenggara 39097",9946712764251450
3426,Ismail Susanti,M,1968-07-05,3274010507680270,08968126828,271854643943,5452207311964889,ismail.susanti103@hotmail.com,"Gg. Dr. Djunjunan No. 1, Kota Administrasi Jakarta Utara, Papua 41468",9946341883006920
3427,Pandu Lailasari,M,1982-04-21,5102012104827669,+6281122303133,212887347,4064593400093602,pandulailasari820@hotmail.com,"Jl. Ahmad Yani No. 83, Probolinggo, KU 91275",9965711056738333
3428,Uli Nashiruddin,M,2002-07-06,3201010607024838,08148301849,87860248,5596914844540274,uli_nashiruddin28@ymail.com,"Gg. K.H. Wahid Hasyim No. 347, Balikpapan, YO 83563",9920288722445767
3429,Zaenab Saputra,M,2004-10-28,3273012810042661,08181039710,656333871801582,4197482020830779,zaenabsaputra753@yahoo.co.id,"Jalan Dipenogoro No. 5, Palopo, Sulawesi Utara 70775",9919945246525954
3430,Diah Hariyah,F,1980-09-19,3402015909807475,+628780898399,637763142875865,5430922612133412,diah.hariyah@hotmail.com,"Jalan BKR No. 20, Banda Aceh, Sulawesi Utara 53868",9989284394567907
3431,R. Galur Oktaviani,F,1962-12-26,3402016612626378,+628786073261,8667742390,6011441230785315,r.galuroktaviani547@yahoo.co.id,"Gg. Suryakencana No. 6, Pagaralam, AC 85347",9998641812632324
3432,Pangeran Farida,F,1972-11-19,3303015911726794,+6281246549627,312337097446626,5595154581373444,pangeranfarida353@yahoo.co.id,"Gang Rajawali Timur No. 944, Tidore Kepulauan, JI 62639",9960963848583669
3433,Lanang Nurdiyanti,F,2003-06-24,3102016406032032,+628325733807,9367784431599,5289574801036214,lanang.nurdiyanti194@hotmail.com,"Jl. Pelajar Pejuang No. 9, Bau-Bau, Maluku Utara 29927",9915469466188425
3434,"Jaeman Irawan, S.Kom",F,1980-02-11,6101015102803734,+6283164931104,557928449,5439712678816528,"jaeman_irawan,_s.kom@hotmail.com","Gg. Asia Afrika No. 131, Kota Administrasi Jakarta Barat, SB 18797",9928357720267287
3435,Ir. Slamet Prastuti,F,1991-03-04,3203014403914926,088371022818,313337518793,6011230720218102,ir._slamet_prastuti126@yahoo.co.id,"Jl. Cihampelas No. 25, Banjarbaru, Bengkulu 62509",9997280852730228
3436,Laila Winarno,F,2009-01-21,3104016101091504,08851214278,832735861,5419667998029432,lailawinarno@ymail.com,"Jalan Veteran No. 9, Denpasar, PA 28897",9917511585784522
3437,"Kurnia Saptono, S.Ked",F,1965-11-18,3274015811655988,08216457948,35052083852,5255344902840966,"kurnia_saptono,_s.ked@yahoo.co.id","Jalan Indragiri No. 241, Tangerang, GO 72379",9927835214015816
3438,"Sutan Anggabaya Purnawati, S.Ked",F,1989-05-26,3701016605898754,08560342715,3301668003651,5382563144973416,"sutananggabayapurnawati,s.ked762@gmail.com","Jl. Gardujati No. 9, Magelang, JA 47048",9981980275598097
3439,"Tgk. Arsipatra Narpati, S.Kom",M,1975-05-04,5102010405759136,08978731088,92869867920670,5474952101096724,"tgk.arsipatranarpati,s.kom@hotmail.com","Gang Pasteur No. 15, Manado, Bengkulu 71500",9985446135486050
3440,Dr. Darman Melani,F,1981-05-11,3201015105816728,08193871764,1227230840510,6011808722593551,dr._darman_melani305@outlook.com,"Jl. Ciwastra No. 021, Bontang, Riau 07679",9966136523565043
3441,"drg. Galar Wastuti, M.M.",F,1974-12-02,3203014212745570,08810052057,877367828940,5304154910359627,"drg..galar.wastuti,.m.m.749@hotmail.com","Jalan Soekarno Hatta No. 069, Kota Administrasi Jakarta Barat, Sulawesi Selatan 87949",9936929505697916
3442,"Hj. Fathonah Lazuardi, S.I.Kom",F,1992-10-23,3176016310924952,+628519442708,2471859909,6011538419671654,"hj..fathonah.lazuardi,.s.i.kom@yahoo.co.id","Jl. Yos Sudarso No. 3, Kediri, Nusa Tenggara Barat 19093",9982853964429311
3443,Lintang Kusumo,M,1992-08-08,3272010808925448,08313767279,795000393,4323243594295728,lintang.kusumo689@gmail.com,"Jalan Ahmad Dahlan No. 3, Metro, BA 17125",9976955727157465
3444,Tri Hartati,F,1973-08-22,6101016208738870,089533336485,99408593092,5342560914587346,trihartati913@gmail.com,"Jl. Otto Iskandardinata No. 82, Kota Administrasi Jakarta Timur, BE 44434",9971758550183623
3445,Dr. Gandewa Sihotang,F,1958-07-12,3271015207588760,082118784090,3895141040,5548620210637170,dr._gandewa_sihotang@outlook.com,"Gang Dr. Djunjunan No. 56, Tegal, Kalimantan Utara 79038",9935115792558428
3446,Vanya Nurdiyanti,M,1958-11-29,3105012911586168,085826991957,934766740,5378111072632257,vanya_nurdiyanti864@hotmail.com,"Jl. Rawamangun No. 3, Magelang, Lampung 70112",9962468169115167
3447,"Drs. Lanang Nugroho, M.TI.",M,2007-04-13,3176011304072999,083235208903,916854308576,5349391792976372,"drs._lanang_nugroho,_m.ti.@outlook.com","Gg. Joyoboyo No. 61, Lhokseumawe, SB 60131",9939448856561450
3448,Drs. Maria Mustofa,M,1956-05-31,5102013105561989,083326297775,766999945175,5209356003308979,drs..maria.mustofa@ymail.com,"Jl. Gedebage Selatan No. 71, Yogyakarta, PB 22710",9979373173186172
3449,Laila Anggraini,M,1976-12-11,6101011112767707,089503883155,38384935254,4402367216673517,laila.anggraini@yahoo.co.id,"Gang R.E Martadinata No. 04, Subulussalam, JK 37497",9955954836297276
3450,Karen Agustina,M,1965-08-30,3401013008654891,+6285667729985,334302140320957,5361090696711365,karen_agustina@ymail.com,"Jl. Jamika No. 98, Palangkaraya, MA 55721",9955648485208903
3451,Mursinin Oktaviani,F,1991-11-06,3101014611918862,08176721762,921947520291001,5411967827238826,mursininoktaviani@gmail.com,"Jalan Kutai No. 0, Pekalongan, Jawa Timur 67220",9943852890911182
3452,Prasetya Yuniar,F,1981-12-16,3502015612819473,085616852005,636281226311,5249730395529644,prasetya.yuniar691@gmail.com,"Jalan H.J Maemunah No. 3, Padang Sidempuan, Sulawesi Barat 94927",9953706463908126
3453,Nabila Laksmiwati,M,1985-06-24,5103012406856581,08212531338,334315213,5440891262514037,nabila.laksmiwati@gmail.com,"Jalan Jend. A. Yani No. 57, Samarinda, NB 49684",9922943159195372
3454,Silvia Wacana,F,1980-11-23,3272016311808944,+6281502125840,192589399,5205003827874266,silvia.wacana509@hotmail.com,"Jl. R.E Martadinata No. 771, Bekasi, Papua Barat 44283",9951497463968159
3455,Wage Natsir,F,1986-09-02,7102014209867750,+628144538583,921897228,6011736921229282,wagenatsir@hotmail.com,"Jl. Rajawali Timur No. 955, Parepare, JA 00731",9917210273502591
3456,Kawaca Gunawan,F,1975-11-20,3271016011750241,082263929954,4203249826,5538553819117678,kawaca_gunawan158@hotmail.com,"Jalan Pacuan Kuda No. 9, Subulussalam, ST 75329",9973172019026663
3457,Sutan Koko Januar,F,1985-11-16,3301015611856958,08185486477,2027769928079,4712021509304807,sutan.koko.januar@outlook.com,"Gg. S. Parman No. 4, Sawahlunto, MA 46411",9919115559975444
3458,Dt. Saadat Pradipta,F,2002-01-19,3103015901028119,+6289708171211,8664878646,5443261810229393,dt.saadatpradipta298@yahoo.co.id,"Jalan Asia Afrika No. 16, Probolinggo, BB 38106",9924514460094286
3459,"Cut Silvia Farida, S.E.",F,1968-06-17,3502015706688838,08570667854,71557158489334,5497649145464565,"cut.silvia.farida,.s.e.@ymail.com","Jl. HOS. Cokroaminoto No. 16, Lhokseumawe, Banten 46498",9958189421782546
3460,Cut Usyi Kusumo,F,2007-10-06,3176014610071357,085308788694,68622418990887,6011567463915992,cut.usyi.kusumo@outlook.com,"Gg. Cikutra Barat No. 0, Palu, PA 04935",9945361373242655
3461,Edward Iswahyudi,M,1979-07-04,3176010407790044,083385982488,248030164,5243673161424176,edward.iswahyudi@yahoo.co.id,"Jalan Ciumbuleuit No. 5, Depok, Sumatera Utara 92839",9940861478012406
3462,Upik Mangunsong,M,1964-04-21,3202012104642901,08568054683,584650852855864,5182644777760355,upik_mangunsong934@gmail.com,"Gg. Pelajar Pejuang No. 0, Payakumbuh, Kepulauan Bangka Belitung 26284",9974430373679157
3463,Mitra Laksita,M,1966-08-28,3176012808666907,+6285804585976,63895650256,5473499377973203,mitralaksita@yahoo.co.id,"Gg. Sukabumi No. 29, Kota Administrasi Jakarta Utara, JT 72226",9977012023934533
3464,Eka Mardhiyah,F,1970-09-08,3501014809708775,081908479162,381962951061956,4418945030424334,ekamardhiyah@hotmail.com,"Gg. Moch. Toha No. 603, Bogor, Jawa Tengah 56175",9984887178475484
3465,Sabrina Saputra,M,1983-09-15,3102011509838005,+6289920501114,46891507442,4178827038765202,sabrina.saputra72@outlook.com,"Jl. Wonoayu No. 1, Tasikmalaya, Jawa Tengah 24129",9979166219490725
3466,Garda Suartini,F,1978-10-29,5101016910789373,08235903035,30888913793,5157268700158363,garda.suartini@hotmail.com,"Jl. Monginsidi No. 8, Bukittinggi, BA 97498",9940848250599022
3467,Rizki Sudiati,M,1957-02-27,3502012702572279,08127511054,441656700288936,4374923383184356,rizkisudiati174@outlook.com,"Gang Cempaka No. 5, Kota Administrasi Jakarta Utara, Nusa Tenggara Timur 49444",9921578986641224
3468,Purwanto Rahimah,M,1994-10-21,5103012110946491,08534082638,621972143572,5233491100455319,purwantorahimah@ymail.com,"Jalan W.R. Supratman No. 3, Kediri, KT 83375",9991125851145579
3469,"Melinda Uyainah, S.H.",M,1975-04-18,3274011804754960,081634810772,62292445051949,4002536657449323,"melindauyainah,s.h.700@hotmail.com","Jl. Kutisari Selatan No. 116, Jambi, JA 64569",9956086094037590
3470,Zalindra Handayani,F,1975-08-20,5102016008759563,+6281446811924,79357029,4369522057673279,zalindra_handayani@gmail.com,"Jalan Ronggowarsito No. 591, Kediri, Kalimantan Timur 56255",9973714083941109
3471,Gandewa Puspasari,F,1956-02-19,5102015902569570,+628119182134,1776834987,5153782259635877,gandewapuspasari@gmail.com,"Jl. Pasirkoja No. 137, Surabaya, JB 22017",9963657330238922
3472,"Drs. Ellis Mahendra, S.Farm",M,1967-07-21,3601012107679752,08140572630,38231117595,5123317255644817,"drs._ellis_mahendra,_s.farm@gmail.com","Gang Veteran No. 070, Kotamobagu, Sulawesi Barat 99875",9972096745419382
3473,R. Kamal Narpati,M,2006-09-25,3302012509062763,08971593875,171259102,6011139590749261,r..kamal.narpati@hotmail.com,"Jl. Gegerkalong Hilir No. 8, Sawahlunto, KT 50932",9978937471801582
3474,Fitriani Mahendra,F,2005-08-18,6101015808055543,08386678861,3174876152093,5117122645393506,fitriani.mahendra@outlook.com,"Jalan Kapten Muslihat No. 013, Mojokerto, MU 32396",9988418052298825
3475,Puti Yunita Januar,M,2004-07-17,3303011707044610,+6281106751515,67623210,6011947128225675,puti.yunita.januar2@gmail.com,"Jalan Ciumbuleuit No. 16, Tanjungpinang, BB 59239",9996864748499065
3476,Rina Halimah,F,1977-08-22,5102016208772424,08220697080,91347735,5190156299380095,rina.halimah@hotmail.com,"Jl. Ahmad Dahlan No. 047, Dumai, Kalimantan Barat 60088",9923481897069198
3477,T. Sidiq Wahyuni,F,1996-11-29,6101016911969289,08523003056,944930874506,5106735309809448,t..sidiq.wahyuni@hotmail.com,"Gg. Wonoayu No. 31, Mataram, Kalimantan Tengah 12904",9919875150032420
3478,"Humaira Marpaung, M.TI.",M,2002-05-17,3174011705023117,081377838018,931867032568,5174994927553421,"humaira_marpaung,_m.ti.@yahoo.co.id","Jalan Bangka Raya No. 109, Bontang, Kalimantan Tengah 12101",9988771152345288
3479,"R. Adhiarja Agustina, S.Gz",M,2007-06-04,3174010406072863,08148290576,719017378,5449858217810515,"r._adhiarja_agustina,_s.gz586@yahoo.co.id","Jalan Peta No. 2, Sawahlunto, ST 66310",9959881997306534
3480,Juli Pangestu,F,1957-12-07,3701014712570831,08197688392,38030880,4442293928853417,julipangestu@outlook.com,"Jl. Lembong No. 53, Parepare, DKI Jakarta 72507",9946907586865913
3481,"R.M. Daliman Pradana, S.E.I",M,2006-03-05,3303010503067233,+628136190858,13244705219476,5483328211757499,"r.m.dalimanpradana,s.e.i@outlook.com","Gg. Rajawali Timur No. 83, Payakumbuh, LA 60161",9964684136690512
3482,drg. Warsita Winarno,M,1978-10-08,3101010810784803,08517749739,911598191915535,5139444449628042,drg._warsita_winarno87@gmail.com,"Jalan Rawamangun No. 257, Probolinggo, Kepulauan Bangka Belitung 63917",9944011777137743
3483,Ridwan Prabowo,F,1999-09-22,3201016209999785,08217853829,3918913594,5174643648057937,ridwan_prabowo@hotmail.com,"Gg. Cempaka No. 8, Cirebon, Kalimantan Tengah 58623",9921609053755620
3484,"R. Sakura Mustofa, S.H.",M,1969-12-25,5101012512691568,+628556484248,69795303337147,6011154962138911,"r._sakura_mustofa,_s.h.699@hotmail.com","Gg. Rajawali Barat No. 014, Bontang, KS 56657",9920017559923486
3485,Ozy Waskita,F,1979-08-15,3301015508798271,08776792890,214709354,5241886333957477,ozy.waskita@hotmail.com,"Jalan Rajiman No. 34, Bitung, Bali 39889",9976708586637055
3486,"Qori Dongoran, S.H.",F,2002-12-02,3174014212027212,08388816168,931664137305,5123935207262349,"qori.dongoran,.s.h.@yahoo.co.id","Gang Sukajadi No. 80, Mojokerto, Sulawesi Utara 85117",9990965767429445
3487,Salimah Aryani,F,1999-11-12,3104015211999481,081611638880,9519203278723,5184173544517225,salimah.aryani@gmail.com,"Gang Sukabumi No. 8, Tanjungbalai, Sulawesi Tenggara 64692",9960862596495250
3488,Rahayu Wastuti,F,2004-11-13,3175015311049393,081967827598,99300738722374,6011028048242006,rahayu.wastuti720@outlook.com,"Gg. Erlangga No. 4, Singkawang, Kepulauan Riau 54576",9961820846022368
3489,Yessi Hartati,M,1968-05-06,3303010605687213,08775219595,647081606287,5486556717343125,yessi.hartati@outlook.com,"Jl. Kebonjati No. 68, Mataram, Jawa Timur 37242",9992000391458342
3490,Warta Suwarno,M,2002-07-31,5102013107028293,082206767857,509265644330,5326963079460523,warta.suwarno@yahoo.co.id,"Gg. Jamika No. 705, Bogor, PB 79830",9974699853282678
3491,Cakrabuana Hardiansyah,F,1998-10-17,5101015710980889,081367398177,596661696,4875949435331361,cakrabuanahardiansyah@ymail.com,"Jalan Kiaracondong No. 779, Tebingtinggi, Bali 21532",9982262894291758
3492,T. Aswani Purnawati,F,1968-07-02,3204014207683894,081881521760,36983005,5340239289191499,t.aswanipurnawati412@outlook.com,"Jalan W.R. Supratman No. 718, Banjarbaru, PB 19854",9946110494167889
3493,Dt. Ian Wibisono,F,1970-02-05,3501014502705493,08788312254,795231362814,6011159316388093,dt.ianwibisono@outlook.com,"Gang HOS. Cokroaminoto No. 9, Surakarta, SR 16512",9920017641803761
3494,Hafshah Kusmawati,M,2008-12-24,3302012412088499,08965830869,43504915463618,5590258257212861,hafshah.kusmawati190@gmail.com,"Gg. Jend. A. Yani No. 1, Bitung, Papua 38778",9998611975501069
3495,Pranata Dongoran,M,1981-10-27,7301012710815439,082123586576,5906365909,5100281906233830,pranatadongoran@ymail.com,"Gang Cikutra Barat No. 93, Sorong, Sulawesi Utara 33812",9967890125924368
3496,Yance Salahudin,M,1965-09-11,5102011109654516,08596558324,83872090374,4144362356414652,yance.salahudin861@ymail.com,"Jalan Suniaraja No. 037, Banjarmasin, Jawa Barat 70737",9986654016165777
3497,Lili Nasyiah,F,1968-01-10,3501015001689443,+628238047538,986744664355009,5328358465536177,lili.nasyiah@yahoo.co.id,"Gg. Rungkut Industri No. 7, Banda Aceh, Sulawesi Tengah 46600",9989896214982894
3498,R.A. Ulya Haryanto,F,1973-05-22,3204016205733162,+628315215805,2675912974,5343485315808081,r.a.ulyaharyanto555@gmail.com,"Gang Kendalsari No. 9, Sungai Penuh, PB 59028",9994032110016541
3499,"Putri Maryadi, S.Farm",M,1978-11-25,5103012511786488,08125189910,485692258776858,5301491502829070,"putrimaryadi,s.farm@gmail.com","Gang Rumah Sakit No. 41, Tebingtinggi, Nusa Tenggara Timur 89066",9967389734934018
3500,Gina Santoso,M,1956-07-24,3173012407567982,+6285623197694,887555155,4067606912391738,gina_santoso837@gmail.com,"Jalan Veteran No. 3, Kota Administrasi Jakarta Barat, Kalimantan Selatan 63452",9976050034936845
3501,Salwa Prasetya,F,1984-01-20,3202016001846232,089974072448,37087687,4839910433031761,salwa.prasetya@yahoo.co.id,"Gang Pelajar Pejuang No. 58, Padang, Maluku 61528",9986034533093170
3502,Gamanto Suryatmi,M,1977-05-10,7301011005774840,08848523438,7886346145,5102345774774249,gamantosuryatmi981@gmail.com,"Gang Rajawali Barat No. 0, Tanjungbalai, Kepulauan Bangka Belitung 79060",9966388546361066
3503,R. Cahyono Situmorang,F,1991-05-08,3271014805917964,+628222373187,154831229,6011778815898098,r._cahyono_situmorang@ymail.com,"Jalan Jakarta No. 9, Bontang, BB 14706",9996863843983630
3504,drg. Yulia Sitompul,F,1981-07-29,3401016907813949,08825311340,20984393287306,5534353302056866,drg..yulia.sitompul399@hotmail.com,"Jl. Gardujati No. 9, Solok, Sulawesi Tengah 47048",9960786639486512
3505,Bakda Waskita,M,1977-05-01,6101010105771034,085227597280,133441860748,5336724035322256,bakdawaskita@yahoo.co.id,"Jl. Rajawali Timur No. 62, Padang Sidempuan, NT 25162",9960084571601821
3506,"Among Natsir, S.Sos",M,1982-04-25,3102012504820940,085645241200,59044575572,5129977128557007,"amongnatsir,s.sos@yahoo.co.id","Jl. Ahmad Dahlan No. 4, Kotamobagu, Papua Barat 85136",9943510746008317
3507,Luluh Saefullah,M,2007-01-29,7101012901078170,08326367083,794499497177,6011104205333438,luluh_saefullah@yahoo.co.id,"Gang Moch. Ramdan No. 80, Tidore Kepulauan, Jawa Barat 29171",9972543249881259
3508,Cahyanto Kurniawan,M,1969-08-10,3602011008690479,08959008851,563502621966077,5450050244299791,cahyanto_kurniawan@hotmail.com,"Gang Cikutra Timur No. 3, Subulussalam, Jawa Timur 31349",9938681061820120
3509,Jaka Mulyani,M,1968-12-29,3101012912681161,085968303478,6648159635031,5541098335140137,jaka.mulyani@hotmail.com,"Jalan Dr. Djunjunan No. 3, Cilegon, Jawa Barat 93114",9964305231558549
3510,"R.A. Cindy Hutapea, S.I.Kom",F,2005-09-13,3103015309057370,08599311101,88080031468,6011462509395675,"r.a._cindy_hutapea,_s.i.kom@hotmail.com","Jalan Pasir Koja No. 9, Bau-Bau, KB 60539",9942297826091441
3511,"T. Dipa Marbun, M.TI.",M,1973-09-06,3271010609734294,+628141956376,1861610293781,5479800522653970,"t._dipa_marbun,_m.ti.728@yahoo.co.id","Jl. Kutisari Selatan No. 9, Prabumulih, SG 31074",9996733774637584
3512,Eluh Nuraini,F,1986-02-04,3176014402863456,08843671467,8814893636172,5527732280967243,eluhnuraini@hotmail.com,"Jalan Cempaka No. 009, Banjarbaru, GO 06983",9998016098332253
3513,R. Yulia Saputra,M,1963-03-11,3173011103637419,+628849115330,41547249264092,5362877639539825,r..yulia.saputra805@yahoo.co.id,"Gg. Jend. Sudirman No. 0, Padangpanjang, Banten 32819",9936205165259904
3514,Sari Yuliarti,F,1980-04-02,5102014204802400,+628123751410,342101504,5547966570358891,sari_yuliarti@yahoo.co.id,"Jalan Ciumbuleuit No. 8, Palangkaraya, Sulawesi Barat 05655",9958885002607490
3515,Asirwanda Maryadi,M,1967-10-24,3101012410679162,08774650220,743130610753635,5119095653429874,asirwanda_maryadi927@hotmail.com,"Gg. Cikutra Timur No. 27, Lubuklinggau, KI 43161",9953714715242415
3516,dr. Lantar Maryati,F,2000-05-15,3501015505003429,085695522987,325331845242,5160908465012724,dr._lantar_maryati186@ymail.com,"Jl. S. Parman No. 92, Banjarbaru, Bali 49229",9936261731478290
3517,"Dr. Leo Hastuti, S.Sos",F,1969-08-09,3401014908692644,+628173217657,6497260778,5262556457760653,"dr._leo_hastuti,_s.sos@ymail.com","Jalan Gardujati No. 5, Bandung, Bengkulu 09207",9997304554059459
3518,H. Ibrani Wacana,F,1967-09-06,3204014609672968,+628173500445,79458704194985,5231227664477288,h.ibraniwacana@hotmail.com,"Jalan Rungkut Industri No. 57, Salatiga, BT 41386",9975864675855305
3519,Jaiman Winarno,F,1999-01-22,5103016201999911,08528157809,7859736974,5354965298888088,jaimanwinarno534@yahoo.co.id,"Jalan Rajiman No. 590, Depok, NT 12151",9939792033454920
3520,Among Sudiati,M,1990-12-30,3172013012900476,+6281499672729,203704046,5204579938070714,among_sudiati548@gmail.com,"Gg. M.T Haryono No. 13, Bengkulu, Aceh 58077",9923873858110739
3521,Asmianto Rahayu,F,2002-01-26,3173016601026286,085114254872,352473806973845,6011151995830639,asmiantorahayu486@hotmail.com,"Gg. Sadang Serang No. 9, Pekanbaru, Sulawesi Utara 96384",9959482856286869
3522,Tari Saefullah,F,1972-08-11,3271015108723764,089577155390,32338162,5519947737421473,tari.saefullah@hotmail.com,"Gang Jend. Sudirman No. 003, Kediri, RI 75708",9996720132357099
3523,Marsito Nasyiah,M,1958-12-23,3701012312581991,+628843957059,232327465600513,5514567751032297,marsitonasyiah456@gmail.com,"Jalan Lembong No. 82, Batam, Lampung 64557",9916162005873409
3524,Bagas Halim,F,1974-02-21,3176016102745332,+628312360772,2114254779600,5171520906939553,bagas.halim971@ymail.com,"Gang Stasiun Wonokromo No. 7, Denpasar, Sulawesi Utara 71489",9942611736961787
3525,Hardana Tampubolon,F,2007-03-11,3602015103078248,081893401277,4750301430139,5300763570286174,hardanatampubolon@gmail.com,"Gang Kiaracondong No. 7, Kota Administrasi Jakarta Utara, Sulawesi Tengah 01586",9964716336575543
3526,Paramita Suryono,F,1999-06-08,5103014806999079,08989070115,866060614573806,5453817500942660,paramita.suryono964@hotmail.com,"Gg. Pasir Koja No. 28, Tebingtinggi, Jawa Tengah 02308",9945080099310273
3527,"Belinda Mansur, S.E.",M,1994-11-18,3601011811949222,08318230196,720782938,5373952841599687,"belindamansur,s.e.@ymail.com","Jalan Raya Setiabudhi No. 102, Samarinda, MA 42900",9910018411552881
3528,Azalea Maheswara,M,2002-07-25,7301012507026867,08187537617,24872431558,5377524998103390,azaleamaheswara@yahoo.co.id,"Jalan Ahmad Yani No. 832, Salatiga, PA 10967",9917126945965075
3529,"R.M. Tirta Sihombing, M.Ak",F,1956-11-16,3101015611565967,083326826071,30745128786263,6011365656663926,"r.m..tirta.sihombing,.m.ak@outlook.com","Jalan Rajawali Barat No. 7, Pangkalpinang, Sulawesi Barat 97467",9984338700533240
3530,Marsito Hariyah,F,1987-12-24,3602016412871788,+628525997248,536815338,4300956886657182,marsitohariyah237@yahoo.co.id,"Jalan Ciumbuleuit No. 9, Pariaman, Bali 68464",9911201688969312
3531,Hilda Sihombing,M,1964-10-21,3173012110640055,085251082840,92860750642394,5294060916196556,hilda_sihombing496@outlook.com,"Jalan Tebet Barat Dalam No. 87, Bengkulu, JK 35492",9928458004438833
3532,Nadine Saefullah,F,1972-02-21,3701016102722190,+6287892671872,759496903964,4630165638546928,nadinesaefullah@gmail.com,"Gang Merdeka No. 328, Tidore Kepulauan, PA 13682",9914330617764951
3533,Mitra Maulana,F,1967-01-20,3701016001671954,+6285525133732,326262976827,5242472215522354,mitramaulana116@hotmail.com,"Jalan M.T Haryono No. 67, Bandung, Sulawesi Utara 48018",9960824822898873
3534,Ir. Novi Jailani,F,1981-01-03,3104014301819768,08166742484,8489312828478,5100733248371940,ir._novi_jailani@outlook.com,"Jalan Raya Setiabudhi No. 2, Palopo, GO 52750",9911015868502759
3535,"Farhunnisa Anggraini, S.Pt",M,1980-05-12,3104011205805385,08381730650,4103173033,5183614817926595,"farhunnisa.anggraini,.s.pt810@yahoo.co.id","Gg. Cikutra Barat No. 32, Depok, Papua Barat 81979",9935037568070140
3536,"Puti Wirda Jailani, S.Pt",F,1988-11-08,3101014811884070,08313849109,149572363,5270957028872281,"puti_wirda_jailani,_s.pt130@hotmail.com","Jalan Veteran No. 19, Palu, Jambi 96978",9963073611079438
3537,Himawan Wibowo,F,1958-11-04,3602014411583120,085731128085,175201690985130,5281584971618369,himawanwibowo@gmail.com,"Jalan Bangka Raya No. 2, Surabaya, PA 00732",9992505456171675
3538,Rusman Mandala,F,2008-08-24,3501016408083250,085931632191,6882289745543,5206826769251783,rusman_mandala904@yahoo.co.id,"Jl. Setiabudhi No. 970, Tomohon, JT 31673",9959171669794093
3539,Ir. Eka Puspasari,F,2000-02-12,7102015202000206,08831497091,3382889270,5510125537195786,ir.ekapuspasari107@gmail.com,"Gang M.T Haryono No. 17, Balikpapan, MU 85120",9911657112862634
3540,Okto Waluyo,M,1977-03-25,3103012503774143,08117169032,33170027,5216958524604482,okto.waluyo552@gmail.com,"Jalan Dr. Djunjunan No. 49, Pariaman, GO 89278",9998672993431896
3541,"Dalima Tamba, M.Ak",M,1998-04-22,6101012204980483,+6288186521597,23729977040106,5436503567244310,"dalimatamba,m.ak182@gmail.com","Gg. Otto Iskandardinata No. 3, Pekalongan, Sulawesi Barat 21511",9946472966379561
3542,Nugraha Wijaya,M,2004-05-02,3203010205046045,088567299429,8825414349987,5221472180215347,nugraha_wijaya156@gmail.com,"Jl. Ahmad Dahlan No. 2, Pasuruan, Maluku Utara 53998",9934277653726000
3543,Maria Utami,M,1993-03-01,3104010103931571,+6285850334636,76049334258,6011591193509844,maria.utami62@gmail.com,"Gg. Rajawali Timur No. 667, Jambi, BA 42352",9934385377304864
3544,Hj. Hasna Permadi,M,1981-06-11,3171011106810860,081700400393,64168144061557,5353801571852197,hj.hasnapermadi@gmail.com,"Jalan Surapati No. 766, Pariaman, SU 86056",9990660555424967
3545,Dartono Hutapea,M,1968-10-05,3602010510688475,089824527656,63140074862051,5261053276549637,dartono.hutapea@hotmail.com,"Gang Cihampelas No. 2, Bontang, Maluku 13560",9913827131863532
3546,Bahuraksa Wahyuni,M,1987-08-31,3602013108873683,+6281621852380,46188207305397,5576272603807387,bahuraksa_wahyuni176@yahoo.co.id,"Jalan Cikutra Barat No. 59, Tangerang Selatan, AC 63262",9930375049934270
3547,Janet Damanik,M,2008-02-08,5101010802083593,+628788617346,739482800,6011738088487383,janet.damanik533@hotmail.com,"Jl. K.H. Wahid Hasyim No. 6, Cilegon, SU 62406",9995944382408699
3548,Sutan Wawan Hartati,F,2003-11-12,3402015211039748,+628220720037,4797589616910,5238462499217791,sutan.wawan.hartati179@yahoo.co.id,"Gang Cikapayang No. 307, Banjar, NB 40067",9954432167628708
3549,Hardana Novitasari,F,2006-01-25,3203016501066095,08196457767,243079738991,5476671115494709,hardana.novitasari@hotmail.com,"Jalan Peta No. 0, Tanjungpinang, KR 55075",9993478531345427
3550,Hana Samosir,M,1981-10-09,7102010910813271,083348529008,531622356780,5189072345973868,hanasamosir@gmail.com,"Jl. Rajawali Barat No. 1, Lhokseumawe, JI 04365",9952980183780602
3551,Cindy Rahayu,F,1970-12-01,3401014112700998,+6281403142740,15104612,5248171673216784,cindy.rahayu@yahoo.co.id,"Jl. KH Amin Jasuta No. 226, Tasikmalaya, Sulawesi Selatan 99266",9975536627877153
3552,Sabri Setiawan,M,1962-06-21,7301012106621976,08115777189,7407366559429,5457811187462672,sabri.setiawan@hotmail.com,"Gg. M.T Haryono No. 0, Mataram, Papua Barat 46921",9911016610131021
3553,"Ir. Gawati Zulaika, S.Sos",M,1992-07-31,3273013107926873,081122400731,589791876267486,5437915032862245,"ir.gawatizulaika,s.sos683@gmail.com","Gang Dipatiukur No. 287, Pasuruan, AC 44718",9927503918688498
3554,Sakura Haryanto,M,1976-02-11,6101011102766080,089740271927,4910555894,5188085914923672,sakuraharyanto25@gmail.com,"Jalan R.E Martadinata No. 862, Lubuklinggau, Maluku Utara 14270",9923443702246084
3555,Legawa Hutasoit,M,1986-11-22,3272012211867097,+628320058424,625665408,6011097976626279,legawahutasoit@yahoo.co.id,"Gg. Suryakencana No. 5, Magelang, Kalimantan Tengah 41266",9933010760413765
3556,Yahya Wahyuni,F,1976-12-24,3402016412764055,083376703108,58681758,5326482000228089,yahya.wahyuni43@hotmail.com,"Gang Tubagus Ismail No. 902, Langsa, DI Yogyakarta 11201",9979137985057749
3557,Purwa Waluyo,F,1974-08-02,3201014208742651,08161678841,8934432434,5200095689138084,purwa.waluyo792@ymail.com,"Gang Jakarta No. 71, Batam, Bengkulu 52887",9993475402445837
3558,"Mala Mayasari, M.TI.",M,1977-02-24,3402012402776990,+628990367887,65072840452,6011269933418915,"malamayasari,m.ti.@ymail.com","Gang Jakarta No. 05, Ternate, Sumatera Selatan 46413",9934880802827199
3559,"Drs. Cici Kurniawan, S.E.I",M,1981-06-20,3401012006814930,081868669324,6645689425993,6011069082345323,"drs.cicikurniawan,s.e.i@outlook.com","Gg. Pasirkoja No. 8, Kediri, Sulawesi Barat 80295",9986279704908979
3560,Tgk. Perkasa Pratiwi,M,1975-01-23,3105012301755032,088126771768,420774239642378,5216300566937967,tgk._perkasa_pratiwi@ymail.com,"Gg. Sentot Alibasa No. 00, Padang Sidempuan, JB 43290",9932095804784170
3561,R. Nrima Iswahyudi,M,1993-08-01,3301010108932944,082285852186,506028223032,5544320846424152,r._nrima_iswahyudi323@hotmail.com,"Jalan Kendalsari No. 3, Tegal, SN 36151",9936198298100759
3562,"Dt. Damu Lailasari, S.T.",M,1955-09-01,3701010109551670,+628551230764,17239119,5549492673973003,"dt.damulailasari,s.t.188@ymail.com","Jl. Wonoayu No. 98, Bandung, Bengkulu 75715",9996801752197456
3563,Kiandra Mandala,M,1974-10-07,3602010710741889,085332865123,11390198738752,5234908784561352,kiandra_mandala@gmail.com,"Gang Rajawali Timur No. 91, Makassar, Sulawesi Tenggara 90951",9999810812182311
3564,Dt. Langgeng Sihotang,M,1987-09-27,7301012709870493,+628192706469,49196030,5147214501406502,dt..langgeng.sihotang67@outlook.com,"Jalan Lembong No. 662, Tegal, Gorontalo 31530",9980116626175828
3565,"Dt. Digdaya Pradana, S.Ked",M,1982-09-16,3701011609823083,085382326979,40368351050,5248105482469749,"dt..digdaya.pradana,.s.ked@outlook.com","Gang Ronggowarsito No. 96, Tegal, Aceh 41080",9922006653803870
3566,Hj. Bella Ardianto,M,2008-04-29,3501012904088892,08847610329,4472542714564,5381472487777437,hj._bella_ardianto@ymail.com,"Gang Jend. A. Yani No. 485, Binjai, NB 03434",9979600823517045
3567,Ismail Hutagalung,M,1998-01-12,6101011201988025,089974086713,104955985,5113126296806247,ismail.hutagalung@ymail.com,"Gg. Yos Sudarso No. 0, Prabumulih, Kalimantan Timur 49437",9917913353421020
3568,Almira Aryani,M,1970-07-26,3102012607707580,081454288472,27370457883,5240587903504503,almira_aryani353@gmail.com,"Jalan Ahmad Yani No. 2, Tebingtinggi, Kalimantan Tengah 93411",9911775792633180
3569,Garda Andriani,M,1998-10-24,3173012410989312,+6285832140776,889536025674865,6011598540496078,gardaandriani@hotmail.com,"Gang Cikapayang No. 43, Bandar Lampung, NT 06965",9917967662418919
3570,R.M. Harsana Puspita,M,1960-08-09,3171010908603166,088545930850,711969539853,5547089720077304,r.m.harsanapuspita198@gmail.com,"Gg. Tubagus Ismail No. 930, Sawahlunto, Jawa Tengah 41177",9986861336733149
3571,Tiara Nababan,F,1961-08-05,3303014508610969,+6285312852961,68205787,5569294288203411,tiara.nababan392@gmail.com,"Jl. Ronggowarsito No. 21, Makassar, JB 92693",9987791826523084
3572,Ir. Nilam Gunarto,M,1977-11-18,3302011811774085,+628950677983,599607168302773,5444924863495323,ir._nilam_gunarto@hotmail.com,"Gang Dipenogoro No. 103, Yogyakarta, SU 35941",9983248540299947
3573,Mumpuni Halimah,F,1962-10-23,3204016310629815,089983964482,80796022270198,5543288674810367,mumpuni.halimah316@outlook.com,"Gang Raya Setiabudhi No. 770, Kota Administrasi Jakarta Pusat, JT 56385",9917390947385754
3574,Xanana Napitupulu,M,1958-11-17,3701011711584039,08538851561,6065259828,5392412274683138,xanana.napitupulu540@gmail.com,"Jl. Rajawali Barat No. 23, Lhokseumawe, Nusa Tenggara Barat 03274",9982302311336363
3575,Mala Ramadan,M,1960-10-02,3303010210606007,+6287726540560,6787436160413,5155501381642107,mala.ramadan@gmail.com,"Gang Ahmad Yani No. 271, Sorong, Aceh 44114",9974720597576673
3576,Elisa Sudiati,M,1991-08-12,7101011208916372,+6283395484025,48237183489,5581648234261760,elisa.sudiati576@ymail.com,"Gg. Raya Ujungberung No. 812, Sorong, SN 04009",9926886587346041
3577,Oman Anggraini,M,1985-04-22,3101012204859288,08115938606,369441391,6011269081648121,omananggraini295@ymail.com,"Gg. Ir. H. Djuanda No. 518, Sukabumi, SG 40005",9931246618109742
3578,Maras Iswahyudi,F,1968-11-26,3272016611681035,087743944875,1689659165175,5304553986214335,marasiswahyudi316@gmail.com,"Gg. Rajawali Barat No. 2, Bukittinggi, Sulawesi Tengah 44503",9974716832201554
3579,Gadang Laksmiwati,M,1982-05-30,3272013005828822,+628185429515,584652428,4345337262293706,gadang_laksmiwati@gmail.com,"Jalan Kebonjati No. 537, Sukabumi, LA 26716",9994650491654082
3580,Halima Situmorang,M,1970-10-04,3701010410703043,08559394562,581334370,5598263924952606,halimasitumorang@gmail.com,"Gang Tebet Barat Dalam No. 26, Madiun, Nusa Tenggara Barat 85558",9945599946498476
3581,Ir. Cinthia Usada,M,1982-03-22,3271012203820619,08140302973,245575178795016,6011041440173261,ir.cinthiausada@yahoo.co.id,"Gang Erlangga No. 4, Tidore Kepulauan, Nusa Tenggara Timur 39111",9918529507009449
3582,Reksa Nasyidah,M,1967-04-05,3274010504675171,08310820181,72100799480,6011870798922379,reksa_nasyidah@gmail.com,"Jl. Dr. Djunjunan No. 17, Bogor, Nusa Tenggara Timur 97310",9965255857270616
3583,"Mujur Rahimah, M.TI.",M,1963-03-16,3172011603633787,081696335100,885520772971,5388620750644694,"mujur_rahimah,_m.ti.@hotmail.com","Jl. Bangka Raya No. 28, Ambon, Bengkulu 49888",9972884346924720
3584,Garda Rajasa,F,1981-02-01,3171014102816471,08218623889,84681794,4491952571544008,gardarajasa@hotmail.com,"Jalan Stasiun Wonokromo No. 086, Padang Sidempuan, NB 53936",9974211345317852
3585,Prasetya Permadi,M,1963-08-14,7101011408635631,083117372883,8721789767,5396446594087089,prasetyapermadi@yahoo.co.id,"Gang Joyoboyo No. 49, Palangkaraya, Papua 05488",9927026072202663
3586,Jarwa Prabowo,F,1983-07-06,3602014607832935,08134720397,479696756015,5151355447689071,jarwa.prabowo@outlook.com,"Jalan Tubagus Ismail No. 907, Cimahi, Sulawesi Barat 52320",9966269565248749
3587,"Halim Agustina, S.E.I",M,1987-09-21,3104012109879660,082259530795,3660973506993,4322136440990430,"halimagustina,s.e.i@hotmail.com","Jalan Rajiman No. 120, Purwokerto, LA 75882",9924068019283480
3588,Dian Wastuti,M,1962-04-01,3101010104624811,088492394028,7984728116,6011817865873781,dian.wastuti@yahoo.co.id,"Jl. Yos Sudarso No. 5, Pekalongan, SU 40538",9957296144821658
3589,Talia Waskita,F,1976-08-04,3602014408762628,088254465954,855086261404485,5502154503089234,talia.waskita@ymail.com,"Jl. Ronggowarsito No. 3, Salatiga, RI 28036",9924192644611772
3590,Nyana Permata,M,1979-02-25,3402012502791386,081103315748,9010554447,4714742656080098,nyana.permata@outlook.com,"Jalan Dipatiukur No. 357, Cirebon, KS 97083",9958581089242894
3591,Eka Waluyo,F,1971-09-28,3203016809719169,08236976025,14101277772963,5316299697247350,ekawaluyo@ymail.com,"Gg. Rajawali Timur No. 14, Pasuruan, Sulawesi Tengah 59941",9927980751140979
3592,Harjasa Mulyani,F,1982-04-12,5102015204821858,+6282260576357,26268886,5296912394301722,harjasa.mulyani282@ymail.com,"Jl. Asia Afrika No. 96, Kupang, Sumatera Utara 75525",9971144937675969
3593,Limar Haryanto,M,2000-04-19,7101011904003803,08984304151,58629899,5461107663301618,limar.haryanto802@hotmail.com,"Jalan Raya Ujungberung No. 030, Dumai, Sulawesi Utara 02787",9949948002425420
3594,Yono Prayoga,F,1958-03-29,3501016903581448,08812196810,76847739600,4222812998037578,yono.prayoga777@gmail.com,"Jalan Medokan Ayu No. 30, Tarakan, Jawa Barat 86743",9925535809578820
3595,Ayu Siregar,M,2007-01-14,3274011401076723,08573984949,482488327,4295866140067964,ayu.siregar@yahoo.co.id,"Jalan M.H Thamrin No. 1, Tegal, Maluku Utara 60947",9950414048343955
3596,Kasusra Melani,M,2007-12-17,7301011712070312,088414727630,9379965479942,5324800168796745,kasusra_melani642@yahoo.co.id,"Jalan Moch. Ramdan No. 914, Salatiga, Sulawesi Barat 30746",9958004021797005
3597,H. Harsaya Putra,F,1998-06-05,3175014506982007,08787237242,304085397613,5287825423427625,h.harsayaputra@outlook.com,"Jalan Cikutra Barat No. 7, Cimahi, ST 94917",9912320813022231
3598,"dr. Oliva Suryatmi, M.Pd",F,1978-02-20,3104016002787029,+628771531790,248838109562,5111074521576536,"dr..oliva.suryatmi,.m.pd479@outlook.com","Gg. Ir. H. Djuanda No. 04, Kotamobagu, Jambi 62333",9976274211636788
3599,"Dasa Kusumo, S.Sos",F,1983-12-07,3302014712833346,+628569262799,65137976750241,5451928802600538,"dasa.kusumo,.s.sos446@outlook.com","Jl. Moch. Toha No. 24, Banjarmasin, BB 95130",9953588296340570
3600,Karimah Maulana,F,1981-08-03,3273014308816644,+6281949162343,842965556874868,4345084573367766,karimahmaulana583@yahoo.co.id,"Gg. Kendalsari No. 057, Purwokerto, Kalimantan Selatan 26303",9992449146090312
3601,KH. Daruna Utami,F,1958-02-16,3302015602582970,+6281192601572,23401151,5101646134477155,kh..daruna.utami417@gmail.com,"Gang Ir. H. Djuanda No. 9, Tegal, RI 25798",9948867092819788
3602,Surya Marbun,M,1991-01-17,3303011701915079,083179525101,112252413,5301456927640060,surya.marbun@hotmail.com,"Gg. Astana Anyar No. 089, Tangerang, Papua 31140",9992401759763877
3603,"Cinta Tampubolon, S.Kom",F,2001-08-03,5102014308016552,08226535079,77303336424,6011959238358060,"cinta.tampubolon,.s.kom@hotmail.com","Jalan Jamika No. 61, Pasuruan, Gorontalo 89332",9934026015890021
3604,Hamima Mandala,M,1967-01-18,3204011801674621,089784031755,79218984050,5234507559024489,hamima_mandala195@hotmail.com,"Gg. Yos Sudarso No. 1, Cirebon, Jambi 27656",9925515371189688
3605,"Cut Natalia Anggraini, S.E.I",F,1973-06-30,6101017006735758,081293994096,54573588487,5207386425945481,"cutnataliaanggraini,s.e.i288@hotmail.com","Gg. Lembong No. 02, Kotamobagu, Kalimantan Barat 06114",9962283467811287
3606,Pangeran Wibisono,F,2002-06-30,3601017006029217,08337173367,842254335774,6011539768648920,pangeran.wibisono@ymail.com,"Jalan Abdul Muis No. 941, Kota Administrasi Jakarta Timur, BB 16194",9919623701248070
3607,Hilda Hariyah,F,1999-03-09,3271014903994038,08776579909,15619457951079,4580935853816129,hildahariyah860@outlook.com,"Gg. Rungkut Industri No. 3, Sorong, Kalimantan Timur 36770",9930721366697183
3608,dr. Farhunnisa Salahudin,M,1987-06-25,3303012506877631,089798108488,185289637464169,4625454360683717,dr.farhunnisasalahudin@outlook.com,"Gg. Cikutra Barat No. 358, Tangerang, Jawa Timur 55524",9961270532380979
3609,R.A. Zelda Adriansyah,M,1985-05-29,3173012905856781,088536516910,355922397351871,4166568704030689,r.a.zeldaadriansyah26@yahoo.co.id,"Jl. Dr. Djunjunan No. 18, Lhokseumawe, YO 21261",9934444983246902
3610,"Nalar Uyainah, S.Ked",M,1957-11-27,3302012711577599,+628330795008,78323260087898,4074636324449998,"nalar.uyainah,.s.ked542@yahoo.co.id","Jl. Joyoboyo No. 74, Tarakan, SU 80349",9972226871607514
3611,Ibrani Pradipta,F,1997-06-19,3201015906972288,08569431866,544912449,5326496259963976,ibranipradipta340@outlook.com,"Gg. Siliwangi No. 49, Probolinggo, Nusa Tenggara Barat 47177",9975756700565124
3612,Laila Siregar,F,1960-12-31,3302017112603939,089811955886,33022975,5461298753012634,laila_siregar@hotmail.com,"Jl. Jakarta No. 4, Semarang, PB 18158",9915691309581284
3613,Ade Rahmawati,F,1987-05-11,3401015105871444,085786014742,34991813180102,4547542530630087,ade_rahmawati413@hotmail.com,"Jalan Pasir Koja No. 092, Cilegon, Bali 82401",9955418275453929
3614,Dalima Hidayat,F,1998-09-20,7101016009984692,08167781550,236819038115,4943339097242815,dalima_hidayat610@outlook.com,"Jl. Cikutra Timur No. 8, Kendari, KT 47152",9974513869328754
3615,"Ir. Raisa Sudiati, S.Sos",M,1973-08-28,3171012808735037,081706185859,10224666769,5165345945914369,"ir..raisa.sudiati,.s.sos@outlook.com","Jl. Dr. Djunjunan No. 97, Pematangsiantar, GO 84073",9966281137555103
3616,Ghaliyati Hutasoit,F,1998-01-11,3302015101989509,+628966504843,96912695614,5182768853290380,ghaliyati_hutasoit@gmail.com,"Jalan Pelajar Pejuang No. 98, Tarakan, Sulawesi Tenggara 89701",9958549776490934
3617,"Talia Suwarno, S.E.I",F,2008-05-06,3174014605086212,085365452652,18979023476709,5500191798412905,"talia_suwarno,_s.e.i78@outlook.com","Gg. Soekarno Hatta No. 72, Banjarbaru, Maluku Utara 68890",9939918779208792
3618,Humaira Prasetya,F,1985-02-16,5103015602850806,08844236382,57971898610,5542558688340423,humaira_prasetya645@hotmail.com,"Jl. Dr. Djunjunan No. 7, Padang Sidempuan, ST 29441",9979324897240706
3619,Gawati Usamah,F,2003-05-08,3105014805033461,085806915384,96269851958,5265710354936354,gawati_usamah768@outlook.com,"Gg. Cikutra Barat No. 36, Cirebon, Bengkulu 27244",9981324619203723
3620,Rudi Purnawati,F,1979-09-28,3274016809792271,+628967899963,6034248982941,4322855359846197,rudipurnawati359@ymail.com,"Gang Antapani Lama No. 16, Kediri, JT 26555",9932951475758720
3621,Jessica Handayani,F,1992-07-24,3174016407929877,+628524751344,17037239981,5559731953485616,jessica_handayani@outlook.com,"Jl. Abdul Muis No. 565, Malang, KU 40743",9990683238445125
3622,R.A. Paris Haryanti,F,1989-01-28,3203016801892651,+6285105488236,9327601866,5100297934894665,r.a.parisharyanti@gmail.com,"Gg. Suryakencana No. 93, Manado, Kalimantan Barat 23844",9996812829859609
3623,Dirja Maryadi,F,1985-02-19,3104015902852003,+628818539889,8930336220889,5402877540470651,dirja_maryadi@outlook.com,"Jalan BKR No. 37, Tanjungbalai, Jambi 89383",9953217867700019
3624,"Zaenab Siregar, S.T.",M,1986-10-03,3104010310868565,083859120634,57268357,4507637149976587,"zaenab.siregar,.s.t.@yahoo.co.id","Gang Ciumbuleuit No. 840, Tual, Sumatera Selatan 05887",9921135717865690
3625,Raisa Iswahyudi,F,1997-07-01,7101014107973769,+628975196422,828603675,6011904147146627,raisa_iswahyudi229@hotmail.com,"Jalan Gegerkalong Hilir No. 351, Banjarbaru, Sulawesi Barat 33440",9913157405685407
3626,"Ir. Vanya Winarsih, S.H.",M,1991-08-31,3101013108918722,088328404012,9202381755159,4579748072611774,"ir.vanyawinarsih,s.h.406@hotmail.com","Jl. Cihampelas No. 8, Gorontalo, Kalimantan Timur 80582",9916248853382857
3627,"Ir. Paris Suartini, S.Psi",F,1988-04-15,3701015504888010,08594648995,8166299991565,5457561467926144,"ir.parissuartini,s.psi@ymail.com","Gg. Kendalsari No. 15, Padang Sidempuan, Sumatera Barat 64227",9924245570401046
3628,Heryanto Permadi,M,1965-12-14,5101011412650743,08113612125,787051116,5188728095190027,heryanto.permadi@gmail.com,"Jalan Pelajar Pejuang No. 7, Kupang, JB 48919",9961714082222208
3629,Siti Saputra,F,1962-10-27,3701016710621839,+6285896849323,20747748,5384213097121630,sitisaputra455@ymail.com,"Jl. KH Amin Jasuta No. 7, Yogyakarta, KU 47013",9926082868270549
3630,Jaeman Astuti,F,2000-07-29,3176016907003488,085641825534,20312336358,6011784772590897,jaeman.astuti@gmail.com,"Jl. Yos Sudarso No. 9, Banda Aceh, Nusa Tenggara Barat 97310",9911376324089833
3631,"Ellis Laksita, S.Pt",M,1982-06-09,7102010906829988,08587601150,791098268,5521211443042187,"ellislaksita,s.pt@gmail.com","Jl. Raya Setiabudhi No. 78, Batu, Aceh 22211",9941605300804919
3632,"Ophelia Melani, S.Farm",F,1967-02-12,3203015202675058,085832625286,58826613,5466335635344814,"ophelia.melani,.s.farm939@yahoo.co.id","Jalan Waringin No. 941, Payakumbuh, Jawa Timur 16858",9910345114037224
3633,"Edi Tampubolon, S.Kom",F,2006-10-27,3273016710064766,083352712868,6355413935,5330906358035556,"edi.tampubolon,.s.kom416@gmail.com","Gg. Kiaracondong No. 4, Mataram, KI 74923",9927161725608813
3634,R. Pranawa Hardiansyah,M,1957-06-16,3173011606571475,085209449638,473705113263459,5390514494942639,r._pranawa_hardiansyah833@gmail.com,"Gang Surapati No. 13, Parepare, JI 74533",9945960724525328
3635,Galiono Pertiwi,M,1988-05-31,5103013105887199,+6288195159132,9537215180986,5259041114319986,galiono.pertiwi938@outlook.com,"Jl. Ronggowarsito No. 522, Kendari, Sulawesi Utara 26386",9975140282418841
3636,Carla Wibowo,M,1961-03-29,3273012903616432,08142313402,109130925421,6011203279803782,carlawibowo112@hotmail.com,"Gg. Ahmad Dahlan No. 781, Manado, Jawa Tengah 50357",9954976170900694
3637,Sutan Ghani Saragih,F,2005-12-15,3176015512053808,+628189835131,10843437,5474757146182419,sutanghanisaragih@yahoo.co.id,"Jl. Suryakencana No. 5, Solok, Riau 44400",9929411194125179
3638,Ir. Nova Suartini,F,1972-12-19,3101015912723989,08772327725,363765827,5206943579536246,ir._nova_suartini615@ymail.com,"Gg. Jend. A. Yani No. 791, Balikpapan, SG 65506",9956869376476682
3639,"R.A. Ajeng Nugroho, S.Ked",M,1975-03-01,7101010103751395,085975765018,838709848358,5212840981944448,"r.a._ajeng_nugroho,_s.ked@yahoo.co.id","Gang Suryakencana No. 320, Bogor, Bali 22470",9962809249148620
3640,T. Jais Sihotang,F,1969-05-03,7301014305698441,+628850139350,635082021409658,5256455103807377,t..jais.sihotang170@outlook.com,"Gg. Ronggowarsito No. 450, Bontang, Bengkulu 85875",9980365206363423
3641,R.A. Endah Winarno,F,1963-01-12,7102015201635851,+6287876768732,578844696730,5582031306434271,r.a..endah.winarno@yahoo.co.id,"Gang Merdeka No. 029, Ternate, JB 97658",9998044021321726
3642,Nilam Latupono,F,1966-10-08,3601014810664829,08385108453,65392753751546,5180373328800332,nilam.latupono493@yahoo.co.id,"Jl. M.T Haryono No. 9, Palu, SB 48329",9912751170686308
3643,Jumadi Saptono,M,1968-10-31,3173013110688611,081235169522,18590993,6011223830695538,jumadisaptono98@gmail.com,"Jl. Cihampelas No. 01, Pariaman, Nusa Tenggara Timur 75031",9948421975640316
3644,"Reksa Mulyani, S.IP",F,2008-12-30,3502017012086327,08120411226,32966738487621,5178727409326118,"reksa.mulyani,.s.ip@outlook.com","Gg. W.R. Supratman No. 09, Sabang, AC 20039",9962484452970585
3645,"Drs. Sadina Maheswara, M.Ak",M,1956-04-30,3273013004562239,+6285892789568,445869298531118,6011017788541053,"drs._sadina_maheswara,_m.ak@outlook.com","Gang Surapati No. 95, Kotamobagu, BT 03721",9924202004941173
3646,R.A. Aisyah Samosir,M,2004-09-19,3174011909049915,+628577852789,157444888098,4293205176292782,r.a..aisyah.samosir3@hotmail.com,"Jalan Kutai No. 04, Cilegon, Bengkulu 38432",9980389340951642
3647,Vanesa Wijaya,M,1964-04-12,3201011204646288,083158802360,6788767602,5331991644472447,vanesa.wijaya@hotmail.com,"Gg. Veteran No. 2, Blitar, Kalimantan Utara 54743",9923697332328891
3648,"Ir. Luluh Rahimah, S.I.Kom",M,1993-03-23,3175012303931964,089823704009,12648703406,5116129114192208,"ir.luluhrahimah,s.i.kom547@ymail.com","Gang Moch. Toha No. 3, Bandar Lampung, SN 41390",9981944329308689
3649,Suci Saefullah,F,2009-01-17,3176015701092321,085689071819,785193230,5174724783886879,suci.saefullah@yahoo.co.id,"Gg. Ahmad Yani No. 022, Bitung, JT 70322",9946929820980651
3650,Drs. Olga Kusmawati,F,1983-07-30,5103017007837692,+6288184398029,9303749566,4856067009109306,drs..olga.kusmawati@outlook.com,"Jalan Cikutra Barat No. 5, Banjarmasin, Sulawesi Selatan 08410",9955185359324178
3651,Vanya Padmasari,F,1998-12-04,3174014412987768,088532964638,37629143,5350353011318332,vanyapadmasari@yahoo.co.id,"Gang Kebonjati No. 386, Surakarta, SU 36421",9916276182826695
3652,Tania Wijayanti,F,1979-02-03,3173014302797744,08975548839,8120370034,5123926375483641,tania.wijayanti449@yahoo.co.id,"Jl. Pasteur No. 3, Sibolga, JK 42380",9953150872479762
3653,"Kawaca Fujiati, M.Ak",M,1996-03-01,3173010103961143,+628113689047,827903285340,5212112725896983,"kawaca.fujiati,.m.ak955@outlook.com","Jl. Waringin No. 55, Tasikmalaya, Sulawesi Tengah 37004",9988808173976269
3654,Cawuk Pangestu,F,2005-05-24,5103016405053465,083145315425,6361076337,5114080408844547,cawukpangestu@gmail.com,"Gg. Peta No. 169, Pasuruan, Sulawesi Utara 38931",9923497277520804
3655,"Salimah Aryani, S.T.",M,1991-05-27,7301012705919241,089982427363,34933188611,5591391184855945,"salimah_aryani,_s.t.@yahoo.co.id","Gang Cihampelas No. 688, Bontang, Kalimantan Timur 90101",9959620075723684
3656,Humaira Anggriawan,F,1984-06-28,7301016806840606,+628855615192,543672631,5332744971945628,humairaanggriawan520@outlook.com,"Gang M.T Haryono No. 03, Tanjungbalai, SB 74749",9940871050858339
3657,Raden Kusmawati,F,2002-11-16,3101015611026914,08951586445,1751515360104,6011184066954453,raden.kusmawati780@gmail.com,"Gg. Kiaracondong No. 736, Dumai, Bali 76207",9993938877847879
3658,Yuliana Suartini,F,1964-03-17,3402015703641167,08587845230,16802649060,5549650669619811,yuliana.suartini92@ymail.com,"Gang Jend. Sudirman No. 1, Bontang, Papua 95639",9940374778781222
3659,"Kawaya Lestari, S.Pd",M,1969-06-17,3202011706697958,08534226531,68153222915325,6011439958194524,"kawayalestari,s.pd@yahoo.co.id","Jalan PHH. Mustofa No. 0, Kota Administrasi Jakarta Pusat, Jawa Tengah 92634",9965628223916043
3660,Sutan Adiarja Ramadan,M,1968-12-18,3203011812688352,08156310808,81160411,5225150192011838,sutan.adiarja.ramadan420@gmail.com,"Gang Sadang Serang No. 8, Balikpapan, DI Yogyakarta 77286",9995235389791454
3661,Syahrini Fujiati,M,2008-08-05,5102010508080919,08129785511,2228611124565,5408800222006881,syahrini_fujiati290@gmail.com,"Jalan Rajawali Timur No. 71, Pangkalpinang, GO 80655",9935875390863950
3662,Irsad Sihombing,F,2000-12-02,3101014212004319,085876304785,147474186189,4344711846503186,irsadsihombing@ymail.com,"Jl. Ciumbuleuit No. 64, Banjar, JT 76579",9968958007268982
3663,Usyi Hasanah,F,1978-06-19,3601015906784771,08382866557,8727919029904,6011057032594259,usyihasanah@ymail.com,"Gg. Moch. Ramdan No. 47, Ternate, PB 36966",9920864930423922
3664,Pia Aryani,M,1991-07-25,3171012507914494,+628217763657,783963151,5205549928759334,pia_aryani@gmail.com,"Gg. Setiabudhi No. 7, Padang Sidempuan, Sulawesi Utara 04950",9937923183416724
3665,"Liman Marbun, S.I.Kom",F,1976-08-03,3104014308763966,08826235395,350066299453286,5544592582237320,"limanmarbun,s.i.kom506@hotmail.com","Gg. Kapten Muslihat No. 65, Singkawang, Jawa Tengah 81362",9981039077503690
3666,Dt. Prasetyo Santoso,M,1969-03-01,3274010103695129,08181794097,8073756150,5513252997946818,dt._prasetyo_santoso@gmail.com,"Jalan Kiaracondong No. 3, Tegal, BE 78626",9920330187742549
3667,"Taswir Kurniawan, S.T.",F,1966-02-08,3175014802661810,085948268476,6522096813038,5431468312820479,"taswir.kurniawan,.s.t.@outlook.com","Jalan Kebonjati No. 9, Pontianak, Maluku Utara 41201",9925311920605866
3668,Cut Kiandra Lailasari,M,1959-03-17,3204011703594424,087758680453,22292172354143,4213629791578501,cut.kiandra.lailasari@yahoo.co.id,"Gang Jend. Sudirman No. 3, Yogyakarta, MA 61155",9952551318077995
3669,Restu Widiastuti,F,1983-11-29,3105016911837837,+628974277663,5615506799006,5573219260360360,restu.widiastuti981@ymail.com,"Jalan Abdul Muis No. 1, Banjarmasin, NT 12407",9973692536466714
3670,Novi Nurdiyanti,M,1978-01-22,3102012201784466,089783463619,96390258,4618716974727954,novi.nurdiyanti17@outlook.com,"Gang PHH. Mustofa No. 33, Palu, KI 10747",9966725751945193
3671,Bakianto Gunarto,F,1976-10-21,3176016110764442,+628774133094,97957269068497,5414854137458823,bakiantogunarto14@ymail.com,"Jalan H.J Maemunah No. 33, Kota Administrasi Jakarta Selatan, JK 41275",9921211434046109
3672,"Ir. Paulin Puspasari, S.Ked",M,1981-02-14,3101011402812060,+6289580182262,43342892564,5417324368719496,"ir..paulin.puspasari,.s.ked223@ymail.com","Jl. Kendalsari No. 3, Cilegon, Papua 20987",9981117260988012
3673,Jasmin Saragih,M,2008-07-07,3602010707080110,085225645491,609224330026387,5595652977857053,jasmin.saragih@gmail.com,"Jl. Peta No. 58, Banjar, GO 80870",9953708243265159
3674,Wira Lazuardi,F,1965-07-23,3502016307652072,+628233943775,394294252197,4530490153594473,wiralazuardi@hotmail.com,"Jalan BKR No. 083, Bima, PA 52780",9980346284682945
3675,"Jane Wasita, S.Gz",M,1957-08-28,3104012808578711,089672748576,928560262867,5301406968627507,"jane_wasita,_s.gz@hotmail.com","Jalan Kutisari Selatan No. 28, Bima, BB 74690",9932797386774175
3676,Ratna Marbun,M,1994-03-28,3402012803945890,08524371992,5254497450,5424956072312478,ratnamarbun897@ymail.com,"Jl. Joyoboyo No. 76, Dumai, Sumatera Utara 35624",9938028433340372
3677,Chelsea Hastuti,F,1961-04-15,5103015504617073,08382602948,6014781392,5132093705716352,chelsea_hastuti624@ymail.com,"Jl. Rawamangun No. 6, Padang Sidempuan, SS 96737",9971039704974060
3678,"Zalindra Suryatmi, S.I.Kom",F,1992-05-16,3402015605922323,+628814052393,63654745563416,6011642203128002,"zalindra.suryatmi,.s.i.kom536@yahoo.co.id","Gang Bangka Raya No. 21, Jambi, MA 86480",9949436484236063
3679,Calista Yulianti,F,1961-12-16,7301015612612792,+6289762917974,72424822017598,5275108462583109,calista.yulianti@gmail.com,"Gg. Rajawali Barat No. 022, Mataram, Kalimantan Utara 95788",9931765930596142
3680,Sutan Ganjaran Mansur,M,1956-05-14,3204011405563918,08227034473,725288162103787,5224839970438594,sutanganjaranmansur@outlook.com,"Jalan Otto Iskandardinata No. 2, Mojokerto, BA 70625",9995247532609923
3681,Puti Salsabila Halimah,M,2009-02-05,6101010502094505,081225195847,76554413008560,5254477823741136,puti_salsabila_halimah503@outlook.com,"Jl. Wonoayu No. 8, Sibolga, Maluku Utara 06993",9938484218600225
3682,Cahyo Nababan,F,1994-05-08,3201014805947765,+628555595446,1443043305,5169220025822158,cahyo.nababan@gmail.com,"Gg. Sadang Serang No. 4, Bau-Bau, SU 11120",9983568571724403
3683,Teddy Hariyah,M,2000-10-28,3402012810005973,+6288561401474,7103419285,4510381336851314,teddyhariyah@ymail.com,"Gg. Moch. Toha No. 741, Purwokerto, Jawa Barat 33409",9932093170551212
3684,dr. Dipa Simanjuntak,M,1993-08-27,3273012708936958,08176062517,799897083696042,5344608988747622,dr._dipa_simanjuntak806@hotmail.com,"Jl. HOS. Cokroaminoto No. 62, Bukittinggi, SN 39074",9931139106057025
3685,Lintang Putra,F,1962-04-26,3204016604620496,08383843002,21787900910,5302825140364896,lintang.putra510@hotmail.com,"Jl. Ahmad Dahlan No. 023, Banjarmasin, Sulawesi Barat 93141",9941870120032224
3686,Muhammad Prayoga,F,1979-12-16,5103015612790324,+628591521001,89139450,5507631882824617,muhammad_prayoga241@ymail.com,"Jl. Kutai No. 381, Makassar, KR 51523",9947111007635309
3687,"Ganep Purwanti, M.Farm",M,1996-12-11,3303011112964844,+6285102997369,84893781122185,6011035045285350,"ganeppurwanti,m.farm@ymail.com","Jalan Sukabumi No. 13, Bogor, KI 09031",9972413184075752
3688,Ira Siregar,F,1968-02-29,3271016902688672,083319021032,74625121247,6011876574178155,irasiregar107@outlook.com,"Gg. Tebet Barat Dalam No. 395, Depok, Jawa Barat 50901",9971377013715574
3689,R. Johan Samosir,F,1964-08-18,3103015808640843,088459864761,1877832096,5160743876810823,r._johan_samosir@gmail.com,"Gang Kutisari Selatan No. 300, Pangkalpinang, DI Yogyakarta 46806",9971662308055382
3690,Harjo Situmorang,F,1989-02-12,3401015202898811,08233297408,82621288159881,4965894562312181,harjositumorang@hotmail.com,"Jl. Tebet Barat Dalam No. 47, Padang Sidempuan, SB 34068",9986585821913339
3691,"Maida Mandasari, S.E.I",F,1984-09-20,7301016009844994,+628149322207,406701321,5558146346393027,"maidamandasari,s.e.i@yahoo.co.id","Gg. Sukajadi No. 9, Tarakan, BE 34218",9919233874471259
3692,Ozy Melani,F,2003-12-09,5102014912031510,088363294462,913270948102591,6011949151688871,ozymelani@gmail.com,"Jalan Kiaracondong No. 7, Kota Administrasi Jakarta Barat, Maluku 05668",9932324576640781
3693,Genta Tamba,F,1956-06-14,3701015406560877,081837953882,50221637210707,6011806767014700,genta.tamba616@gmail.com,"Gang Sukajadi No. 29, Medan, Kalimantan Utara 36100",9996313498281457
3694,"Ibrahim Usamah, S.Ked",M,2003-05-24,3172012405035258,08514307827,433463306,5513833427098071,"ibrahim_usamah,_s.ked782@ymail.com","Jl. Dipenogoro No. 9, Ambon, BT 26462",9921859551521556
3695,Mutia Tampubolon,M,1979-06-30,3274013006792579,08848151038,98814101506319,5226689557864945,mutiatampubolon699@gmail.com,"Jalan Rumah Sakit No. 15, Tegal, Jawa Timur 97424",9991600450437712
3696,Eka Yulianti,F,1998-02-20,5102016002982911,083110997478,6716370392766,5556423987644853,eka.yulianti154@outlook.com,"Gang Rajawali Timur No. 51, Pagaralam, PA 31603",9914372725990126
3697,Ir. Kadir Melani,F,1965-03-09,7301014903654648,081490932778,178254958432532,5203385860149964,ir..kadir.melani477@gmail.com,"Jalan Yos Sudarso No. 635, Pematangsiantar, JB 82314",9920872634552686
3698,"Teddy Firgantoro, S.E.I",F,1965-08-11,3271015108653823,083331942909,627052479,5543716552442504,"teddyfirgantoro,s.e.i@gmail.com","Jl. Suryakencana No. 989, Kupang, JI 98087",9958406800168782
3699,Gilda Rajata,F,1984-07-21,5103016107843254,08233649536,11482686,5254060736095670,gildarajata@outlook.com,"Gg. Kapten Muslihat No. 5, Tomohon, SN 61312",9938044487775787
3700,Paris Nasyidah,M,2005-12-11,3203011112057845,+628848015544,9199180949,4538991802016221,parisnasyidah@ymail.com,"Gg. W.R. Supratman No. 98, Kota Administrasi Jakarta Timur, Jawa Barat 33844",9942837677100980
3701,Betania Iswahyudi,M,2007-09-29,3103012909070975,+628110398965,9653931241,4488899889933130,betaniaiswahyudi446@yahoo.co.id,"Gang Erlangga No. 170, Singkawang, BB 15361",9946459875516001
3702,"Puti Silvia Widiastuti, M.Pd",M,1969-02-15,7101011502693786,08564985571,971370888,5469920275053361,"puti.silvia.widiastuti,.m.pd949@yahoo.co.id","Jl. Dipenogoro No. 8, Tanjungpinang, Papua Barat 04915",9967993899117982
3703,Adikara Hakim,M,1976-06-10,7102011006767010,+6289559808547,72456780221169,6011166941075881,adikara_hakim@yahoo.co.id,"Jalan Rawamangun No. 85, Padangpanjang, LA 64005",9943756144372603
3704,"Tania Suwarno, S.Pd",M,1984-12-23,3103012312842495,08130037874,484828073,6011645114398671,"tania_suwarno,_s.pd387@gmail.com","Jl. Ronggowarsito No. 942, Binjai, SN 49724",9945942653772574
3705,Raden Mangunsong,F,1983-07-20,7102016007835263,08312062047,7617864085,5405771575789546,raden.mangunsong109@hotmail.com,"Gang M.H Thamrin No. 91, Gorontalo, SB 99334",9917468144227863
3706,R.M. Purwadi Pranowo,F,1975-01-14,3172015401751864,085735223525,487266645,5335845301913636,r.m..purwadi.pranowo@outlook.com,"Gg. Kutai No. 67, Palangkaraya, Jawa Barat 47680",9991876923846781
3707,Nadine Wijayanti,F,1980-09-21,5101016109808126,081168366684,322157482,5462899358281183,nadine_wijayanti@yahoo.co.id,"Jl. Dipatiukur No. 46, Pagaralam, SB 21360",9988457374683001
3708,Tgk. Yuni Rahayu,F,1978-08-11,3272015108787361,+628228743644,61679570801059,5325900647150548,tgk._yuni_rahayu@outlook.com,"Jalan Yos Sudarso No. 455, Meulaboh, SB 11948",9914769889070326
3709,Mursita Pangestu,M,1987-03-10,3401011003874775,08167716558,704862642114225,5594123047346030,mursita_pangestu450@hotmail.com,"Gg. Astana Anyar No. 447, Mataram, Sulawesi Tenggara 19445",9959465118743451
3710,"Raisa Wijaya, S.Pt",M,1988-11-02,3301010211882466,08820271466,8588110371924,5226380170656718,"raisa.wijaya,.s.pt82@ymail.com","Gang Rajawali Timur No. 841, Metro, BB 53529",9963416384693382
3711,Cahya Hariyah,M,1967-02-23,3602012302672202,08527677800,23449441622,5481659605437705,cahyahariyah316@hotmail.com,"Jl. Raya Ujungberung No. 21, Kota Administrasi Jakarta Utara, NB 26169",9994254385211915
3712,"T. Kemal Pratiwi, S.H.",F,1959-05-04,3204014405592241,08556853488,9534152481604,4884838206176057,"t.kemalpratiwi,s.h.@yahoo.co.id","Jl. Cihampelas No. 9, Pematangsiantar, AC 54700",9911139767958101
3713,Zaenab Purwanti,M,1993-06-04,3103010406931757,085352965444,66706246,6011514673885683,zaenab_purwanti@hotmail.com,"Jl. Ahmad Yani No. 20, Ternate, SR 36409",9964350898222276
3714,Parman Palastri,M,1979-08-24,3402012408796693,08150042351,72749578,5102791134263136,parman_palastri@ymail.com,"Jl. Stasiun Wonokromo No. 2, Kota Administrasi Jakarta Barat, Jambi 96872",9983028048916943
3715,Aurora Farida,F,1975-05-26,3171016605755543,+6281722277726,8764049695,5595714638483095,aurora_farida362@ymail.com,"Gg. S. Parman No. 043, Pematangsiantar, JK 77317",9968291323441336
3716,Shania Narpati,M,1996-01-09,3272010901967833,+6288583563924,487411656,4890510491312677,shania_narpati@yahoo.co.id,"Gg. R.E Martadinata No. 8, Cilegon, KR 75814",9980143619506528
3717,Jane Hakim,F,1956-07-24,3203016407564066,08950363565,3490509600,6011265121230800,janehakim@ymail.com,"Jalan Dr. Djunjunan No. 47, Medan, BB 53407",9989969783034317
3718,"Wakiman Pratama, S.E.",M,1990-01-18,3104011801907049,083322837969,129711687296033,5187462172714014,"wakiman_pratama,_s.e.@gmail.com","Jalan Ir. H. Djuanda No. 817, Bandung, KB 81940",9987215777199679
3719,Qori Kuswandari,M,1966-10-19,3701011910666464,+628991671007,5382859412270,6011957873465556,qori_kuswandari@hotmail.com,"Jl. Sukajadi No. 83, Pekanbaru, LA 49086",9922523342347295
3720,"Drs. Cinta Pranowo, M.TI.",F,1981-07-27,3175016707815986,088138938646,5870395423,5422172183960988,"drs._cinta_pranowo,_m.ti.@outlook.com","Jl. Kendalsari No. 76, Palopo, Maluku Utara 35663",9937769333641198
3721,"Uda Marbun, M.TI.",M,1983-03-18,3301011803838691,08780048350,74570291095,5420306200257324,"udamarbun,m.ti.@hotmail.com","Jalan Surapati No. 9, Payakumbuh, Sulawesi Tenggara 30842",9931579755189429
3722,Tgk. Umaya Halim,F,1986-06-24,3173016406865129,088303281709,2694499516,5299035728844062,tgk..umaya.halim@outlook.com,"Jl. Lembong No. 81, Tebingtinggi, BB 36320",9986642952099413
3723,Yulia Salahudin,M,1959-12-14,5103011412594578,089950646486,934655287104345,5500204596151761,yulia.salahudin166@yahoo.co.id,"Jl. Pasir Koja No. 9, Tegal, KB 86731",9949002458228600
3724,Titi Lazuardi,M,1991-01-17,3302011701911591,08819467221,16555539064815,5466546389678329,titi.lazuardi529@gmail.com,"Gang Tebet Barat Dalam No. 185, Cirebon, AC 31521",9993691349672783
3725,"Syahrini Palastri, S.Ked",M,1991-03-29,3302012903913129,08965267279,5658730889513,5572748671562339,"syahrinipalastri,s.ked841@outlook.com","Gg. Kendalsari No. 018, Tidore Kepulauan, KI 97309",9912346158456890
3726,Jamalia Halimah,F,1983-05-01,3272014105833070,+628114657267,71540057,6011528319878436,jamaliahalimah@yahoo.co.id,"Jl. Dr. Djunjunan No. 58, Mataram, Sulawesi Barat 24540",9939256433681902
3727,Ian Adriansyah,M,1995-01-21,3175012101954062,087844937131,827184523102367,5419371580940574,ian.adriansyah@ymail.com,"Jalan Raya Ujungberung No. 09, Tangerang Selatan, JI 77296",9934573790691767
3728,Labuh Nashiruddin,F,1962-03-28,3171016803623345,081424875534,2366953190056,5578273112015051,labuh.nashiruddin564@outlook.com,"Gang Dr. Djunjunan No. 4, Padangpanjang, DI Yogyakarta 32743",9998778103997998
3729,Kania Winarsih,F,1956-07-30,3172017007560337,08511650746,84882967,5582009938256764,kaniawinarsih780@ymail.com,"Jalan Antapani Lama No. 847, Meulaboh, PA 59607",9910489218174431
3730,Endra Habibi,F,2007-02-03,6101014302075548,081756492909,639242377785545,5597693986425214,endrahabibi@gmail.com,"Gang Jakarta No. 562, Tangerang Selatan, MA 18038",9951619022691990
3731,Reksa Utami,M,1983-09-19,7301011909833248,08963094404,463773975704030,5206276600178892,reksa_utami864@outlook.com,"Jalan Cikutra Barat No. 58, Metro, BE 00750",9922027431777276
3732,"Drs. Jaeman Sirait, S.E.I",M,1980-01-13,3203011301800267,085522137148,821205083,5102548635573071,"drs._jaeman_sirait,_s.e.i823@gmail.com","Jalan Tubagus Ismail No. 77, Pekalongan, DI Yogyakarta 01636",9925397346698883
3733,Dian Anggraini,F,1982-05-03,3501014305824307,08834897568,209622733,6011634737114513,diananggraini@ymail.com,"Jalan M.H Thamrin No. 1, Lubuklinggau, Nusa Tenggara Barat 57272",9934289778385947
3734,"Drs. Carla Wahyuni, M.TI.",M,1984-11-29,3201012911847850,+628836907457,7620632463,5215751776923303,"drs._carla_wahyuni,_m.ti.@outlook.com","Gang Sukabumi No. 380, Mojokerto, SB 94618",9911053403996266
3735,"Jayadi Irawan, S.Farm",F,1978-03-17,5101015703782448,085984084945,775304439,5185428653838182,"jayadi.irawan,.s.farm478@hotmail.com","Gg. Veteran No. 499, Bukittinggi, KI 32280",9956529363374354
3736,"Caturangga Sudiati, M.M.",F,2003-09-20,3271016009037833,08339880587,41983636,5402804845833958,"caturangga_sudiati,_m.m.@outlook.com","Gg. Rajiman No. 096, Kota Administrasi Jakarta Barat, Sulawesi Selatan 75196",9992756594992013
3737,Yuliana Wibisono,F,1975-06-06,3502014606751005,+6285747692096,842720115361,6011010395628675,yuliana_wibisono@hotmail.com,"Jl. Ronggowarsito No. 99, Langsa, KI 97505",9952347708760100
3738,Kunthara Utami,M,2003-04-04,3101010404038266,+6283867385331,822630393407373,5558385240624513,kunthara_utami@outlook.com,"Jalan Dr. Djunjunan No. 67, Malang, DI Yogyakarta 88882",9930867297962869
3739,Dimas Manullang,F,2002-08-05,3402014508022292,081923593908,67140096474,5141713773251352,dimas_manullang560@hotmail.com,"Jl. Sukabumi No. 437, Malang, Papua 66394",9970723800999278
3740,Kenzie Mustofa,F,1956-03-04,5103014403569302,085662507061,942762908237235,5496775343639421,kenziemustofa@outlook.com,"Jalan Rajiman No. 59, Palopo, KB 70192",9971215999669326
3741,Malika Thamrin,M,1968-12-23,3171012312689784,085300534906,1947231166,5171609918212943,malika_thamrin105@yahoo.co.id,"Jalan Pacuan Kuda No. 11, Lubuklinggau, JA 08716",9974717071386931
3742,KH. Balapati Hastuti,F,1972-02-17,3174015702725498,081302858774,715997340289,5523038922732137,kh.balapatihastuti711@hotmail.com,"Gang Cikutra Timur No. 524, Purwokerto, Gorontalo 94538",9913174926377208
3743,Ifa Marpaung,F,1969-03-11,3302015103695303,08162512674,2784383717,5347140567197351,ifa_marpaung@gmail.com,"Gang KH Amin Jasuta No. 53, Sorong, JB 14829",9911580780182376
3744,Rahmi Najmudin,F,1964-04-12,3176015204644499,085675479851,35831174700265,6011523090147736,rahmi_najmudin@hotmail.com,"Gang Antapani Lama No. 60, Bau-Bau, RI 58651",9959901863654604
3745,Dasa Sinaga,F,1959-08-13,3271015308596217,08117147956,89117057,5299180663890254,dasa.sinaga619@yahoo.co.id,"Jl. Tebet Barat Dalam No. 0, Padang, BA 67721",9924970448381786
3746,Anita Gunarto,F,1965-05-09,3402014905655223,+628318272566,62328630,5179615115207582,anita.gunarto834@outlook.com,"Jl. W.R. Supratman No. 993, Pontianak, JB 69109",9948664905274335
3747,"Najwa Wijayanti, M.TI.",M,1991-11-23,3302012311913656,08510584085,51735876,5545948525914452,"najwawijayanti,m.ti.@ymail.com","Jl. Sukajadi No. 091, Magelang, JK 80047",9985537096838097
3748,Faizah Sitompul,F,1965-02-24,3105016402650014,088103585510,9898372757,5125234297817557,faizah.sitompul262@gmail.com,"Jl. Rumah Sakit No. 7, Pasuruan, BE 00555",9923727629597038
3749,Pangestu Palastri,M,1955-12-24,3201012412551449,08110648330,6010435881844,5433301952508361,pangestu_palastri@hotmail.com,"Gg. K.H. Wahid Hasyim No. 9, Bontang, KI 55433",9974466223488389
3750,Mahfud Pranowo,M,1969-02-15,3104011502696239,081882187865,934409383522300,5571238998813948,mahfud_pranowo949@ymail.com,"Gg. Kiaracondong No. 258, Kota Administrasi Jakarta Barat, Bali 61322",9971453988552734
3751,Uchita Prastuti,M,2008-03-28,3301012803087486,08532520091,643541289507,5369411605061991,uchita.prastuti@ymail.com,"Gang Rajawali Barat No. 30, Bitung, Bali 80876",9975385586361563
3752,Paris Samosir,F,1999-10-04,3271014410999857,088514430177,83229299301239,5570429745396164,paris.samosir@outlook.com,"Gg. KH Amin Jasuta No. 3, Malang, SG 37011",9925347077271620
3753,"Arsipatra Napitupulu, S.Kom",M,1982-08-12,3173011208828408,08119999724,99111622,5181511130383034,"arsipatranapitupulu,s.kom16@outlook.com","Gg. Lembong No. 50, Banda Aceh, MU 33511",9930569450422809
3754,"H. Mitra Kuswandari, M.Pd",M,1976-07-18,3601011807766279,+628191644821,5141375453700,5537227553734022,"h.mitrakuswandari,m.pd@hotmail.com","Jalan Tubagus Ismail No. 530, Kota Administrasi Jakarta Timur, JB 02732",9999838306330644
3755,Raisa Sudiati,M,2005-02-24,3176012402052846,08510603962,31900014,4805372059671921,raisa.sudiati@hotmail.com,"Gg. Astana Anyar No. 294, Banda Aceh, Sumatera Barat 11029",9943723000447033
3756,"Samsul Saptono, S.Ked",M,1968-01-06,3172010601681191,08318990867,473546023353,5183874214367480,"samsulsaptono,s.ked432@ymail.com","Gang Stasiun Wonokromo No. 5, Kota Administrasi Jakarta Utara, NT 71303",9945461357973009
3757,R. Violet Purwanti,F,1963-11-26,5101016611634381,08955799976,190489788,6011303478309118,r..violet.purwanti@hotmail.com,"Jl. Dr. Djunjunan No. 843, Blitar, JK 30004",9972752242696294
3758,Luthfi Sitompul,F,1994-09-27,3103016709941482,08952300031,88125287,5308472232933388,luthfisitompul168@hotmail.com,"Jl. Gegerkalong Hilir No. 3, Sawahlunto, NB 20207",9970349648820603
3759,Ajimat Natsir,M,1974-05-30,3102013005747063,08578752376,24302670814064,4216525784081078,ajimat.natsir@ymail.com,"Jalan Ciwastra No. 6, Palangkaraya, JI 14387",9964695279234831
3760,Jumadi Prasasta,M,1970-05-31,3402013105706878,089582524185,4699892383,5420368537919048,jumadi_prasasta326@yahoo.co.id,"Gg. Kendalsari No. 27, Kendari, Aceh 97632",9981801368793398
3761,Sakura Prasasta,M,1972-10-11,3173011110723233,087809574855,30103164428,5183104769363933,sakuraprasasta@ymail.com,"Gang M.H Thamrin No. 1, Sawahlunto, GO 20375",9987984475693131
3762,Tgk. Bella Saragih,F,1997-02-04,3271014402971411,+6289665988805,238302160,6011517981741351,tgk._bella_saragih850@yahoo.co.id,"Jalan Dr. Djunjunan No. 988, Tanjungpinang, Maluku 95337",9951373732355224
3763,Tgk. Umi Nashiruddin,F,1960-10-15,5102015510607303,+628978033459,913461322,5362868509555713,tgk._umi_nashiruddin@gmail.com,"Gang Tebet Barat Dalam No. 802, Bukittinggi, YO 00416",9981680912665926
3764,H. Gatra Iswahyudi,M,1969-08-17,3401011708690839,081158347566,184711717,6011360299254042,h.gatraiswahyudi@yahoo.co.id,"Gang R.E Martadinata No. 03, Bitung, SU 03950",9956390054682301
3765,KH. Taswir Pudjiastuti,M,1994-06-06,3301010606941718,08330448397,422709334,6011206012090205,kh._taswir_pudjiastuti@hotmail.com,"Gg. Wonoayu No. 02, Padang Sidempuan, BT 81356",9945640083518498
3766,"Kiandra Maulana, S.E.I",F,1966-03-25,3204016503661135,08151063163,5259931708451,5151991444693857,"kiandra.maulana,.s.e.i938@gmail.com","Jalan W.R. Supratman No. 56, Mataram, SB 23551",9930021635853696
3767,Jail Setiawan,F,2007-11-30,3601017011072754,+6281580015218,6454996140,5284153003376929,jailsetiawan279@ymail.com,"Gg. Cihampelas No. 99, Kota Administrasi Jakarta Utara, PB 73536",9966539057246899
3768,"Olivia Suwarno, S.Pd",F,1958-03-28,6101016803588627,088122423939,902300399514078,5486814108886878,"olivia.suwarno,.s.pd@hotmail.com","Gang Rajawali Timur No. 912, Bandar Lampung, JT 00711",9974584216281847
3769,Oni Habibi,F,1956-08-10,3176015008561056,08826737138,6761058821,5164412944887286,onihabibi739@gmail.com,"Gg. Tebet Barat Dalam No. 6, Banjarmasin, Gorontalo 84894",9952104082436916
3770,"dr. Hani Hidayanto, S.Pt",M,1976-02-18,3175011802765717,+628217114845,24400153911713,5100129929263886,"dr..hani.hidayanto,.s.pt66@yahoo.co.id","Jl. Kutisari Selatan No. 06, Kota Administrasi Jakarta Barat, Kalimantan Barat 72952",9989419491330701
3771,dr. Irfan Handayani,M,1992-05-04,6101010405922055,08988376552,5295259069,5165267775320923,dr..irfan.handayani385@ymail.com,"Gang Raya Ujungberung No. 76, Sawahlunto, Lampung 37878",9926204004252004
3772,Dr. Carla Hutapea,F,1974-02-02,3273014202749780,081518058927,58849908422,6011420269475527,dr..carla.hutapea722@outlook.com,"Jalan Ahmad Dahlan No. 7, Palangkaraya, KS 78747",9989474083177972
3773,Vivi Handayani,F,1963-06-17,3302015706638532,08212892139,9248459254688,5322686261866522,vivi.handayani@gmail.com,"Jalan Moch. Ramdan No. 15, Padang, Maluku 76202",9949678305053275
3774,R.M. Wasis Dabukke,M,2006-05-18,5102011805067627,+628170473295,665311829387338,4683018197424537,r.m._wasis_dabukke@ymail.com,"Gang K.H. Wahid Hasyim No. 4, Sukabumi, KU 45912",9995586854055622
3775,"Puti Irma Wijayanti, S.Pt",F,1968-03-06,3172014603686883,08228386008,8596709678,5449049406849127,"putiirmawijayanti,s.pt@hotmail.com","Gg. M.T Haryono No. 545, Kota Administrasi Jakarta Pusat, KI 38250",9982582742954376
3776,"Kezia Wulandari, M.Ak",M,1958-04-08,5102010804589296,+628153145731,34782755,5346790555885063,"kezia_wulandari,_m.ak@gmail.com","Jalan Cikutra Barat No. 415, Tomohon, Jawa Barat 49428",9968738825251286
3777,"R. Maimunah Halim, S.Farm",F,1968-07-18,3401015807687802,08857531071,2252087510272,5361922283108722,"r..maimunah.halim,.s.farm@gmail.com","Jalan Pelajar Pejuang No. 7, Kupang, Jawa Tengah 69170",9983014248542793
3778,"R. Ira Natsir, S.E.",M,1967-11-17,3271011711676042,08192065328,798993420888,5220547953796533,"r.iranatsir,s.e.74@hotmail.com","Gg. Suryakencana No. 92, Tangerang, Gorontalo 00524",9997616379642484
3779,drg. Amalia Oktaviani,F,1972-03-06,3272014603720969,089724715771,565120387,5525286535418864,drg..amalia.oktaviani749@gmail.com,"Gg. Gedebage Selatan No. 20, Banda Aceh, Jawa Timur 09431",9998787265055545
3780,Bakiman Sudiati,F,1974-03-09,3101014903748250,085320771396,5887448165432,5581968402738635,bakimansudiati75@ymail.com,"Gang K.H. Wahid Hasyim No. 61, Padang Sidempuan, KU 88646",9922924071474024
3781,Septi Budiyanto,M,1989-07-13,3402011307895512,082399487493,7058202199512,5392375058541141,septi.budiyanto@hotmail.com,"Gang Abdul Muis No. 6, Pematangsiantar, NT 67492",9931678019035317
3782,"R. Karsana Halimah, S.Pt",F,1985-05-19,3602015905854519,08777141493,9726655694804,5149299520038174,"r.karsanahalimah,s.pt@hotmail.com","Jalan Sentot Alibasa No. 31, Kota Administrasi Jakarta Barat, Jambi 27064",9998634912287054
3783,Paris Putra,M,1972-06-29,3273012906725611,08847854992,622560425106,4041250856038384,paris_putra876@hotmail.com,"Jalan Asia Afrika No. 033, Semarang, Jambi 18502",9938360977005849
3784,Maida Habibi,M,1988-06-24,3173012406880566,08552550228,94470580358707,5529008798583508,maida_habibi@hotmail.com,"Jalan Kutisari Selatan No. 057, Pagaralam, JK 06926",9911657708839166
3785,Intan Mangunsong,F,1956-05-29,3302016905561996,08559629234,591357294962600,4057732764256628,intan_mangunsong@gmail.com,"Gang Pelajar Pejuang No. 885, Palembang, MA 44138",9932176650404927
3786,"R. Iriana Namaga, S.E.",F,2005-06-19,3103015906058511,082189796381,960651244755,6011998520085910,"r..iriana.namaga,.s.e.@ymail.com","Jalan Suniaraja No. 733, Meulaboh, Gorontalo 79989",9989655303390161
3787,"R.A. Patricia Irawan, S.Gz",F,1957-08-18,3273015808575487,081445041673,429113590,6011701860831835,"r.a.patriciairawan,s.gz@yahoo.co.id","Jl. Abdul Muis No. 95, Pangkalpinang, Riau 40486",9994164126839901
3788,Setya Wahyuni,M,1982-07-16,3101011607826923,08537268159,7702482346194,4199630288158345,setya_wahyuni349@outlook.com,"Jalan Merdeka No. 2, Banjarmasin, KB 09114",9944130033351169
3789,Drs. Cahyo Latupono,M,1987-10-09,3203010910877596,089951508485,3361514097,5428393733459568,drs._cahyo_latupono@ymail.com,"Gg. Rawamangun No. 3, Surakarta, PB 69061",9961594494221937
3790,Ani Prasetya,M,1955-12-19,3102011912553446,085671062879,1673207788396,6011775978425008,aniprasetya275@gmail.com,"Jl. M.H Thamrin No. 2, Kendari, Papua 75572",9947433552234331
3791,Ganda Suryatmi,M,1980-04-29,3174012904804257,085187805834,1436045510,6011459999872808,ganda.suryatmi959@gmail.com,"Jl. R.E Martadinata No. 8, Bukittinggi, Banten 96577",9934944437130410
3792,"Vera Hastuti, M.Pd",F,1977-02-22,3174016202772045,08584676806,5799858406,5202137439550070,"vera.hastuti,.m.pd345@ymail.com","Jl. Monginsidi No. 4, Sibolga, SB 00663",9967220304078886
3793,Maria Melani,F,1962-03-27,3175016703622388,08836104601,913491516644622,5316892293068220,maria.melani125@ymail.com,"Gang S. Parman No. 3, Pangkalpinang, BA 19750",9998084879643742
3794,R. Rosman Salahudin,M,1955-05-05,3301010505551686,085617514760,913906728,5582670407766878,r..rosman.salahudin@hotmail.com,"Jl. Dipatiukur No. 31, Ambon, Aceh 83534",9954573842137801
3795,Safina Puspita,M,1992-05-03,3171010305920642,083894893403,78204052982616,5359032886833342,safina_puspita@ymail.com,"Gang Suniaraja No. 417, Jambi, ST 01832",9954162651150392
3796,Shania Pertiwi,F,1997-04-12,3105015204972754,085677981701,744093830,5364043696995211,shaniapertiwi239@outlook.com,"Jalan H.J Maemunah No. 24, Tual, Kalimantan Selatan 04259",9984571759401383
3797,Eka Zulaika,F,2005-08-04,5103014408055565,08954380411,559945076744851,5204501338979044,ekazulaika561@hotmail.com,"Gg. Stasiun Wonokromo No. 8, Tarakan, Sumatera Selatan 32445",9989793786765564
3798,Yunita Pradipta,M,1982-01-05,3501010501827064,08995035335,408836414928,5535582636071378,yunita.pradipta168@gmail.com,"Gang Medokan Ayu No. 228, Tual, NB 93821",9938826297689908
3799,Eva Nasyiah,M,2007-10-24,5103012410071086,08981283190,89966172150,4184211774988376,eva.nasyiah@hotmail.com,"Jl. Cihampelas No. 735, Batu, KS 57044",9987965387253105
3800,Raden Rajata,F,1998-04-28,3701016804982982,+628110825382,95816023159,5230919496835795,raden.rajata@ymail.com,"Jalan Asia Afrika No. 595, Madiun, Sulawesi Tengah 93974",9944845807490421
3801,Agnes Palastri,F,1964-04-18,7102015804645834,+628151256707,149540410944246,5522369594817124,agnes.palastri@outlook.com,"Jl. Kapten Muslihat No. 25, Kota Administrasi Jakarta Timur, KU 39595",9917867750088840
3802,"Puti Nadia Marpaung, S.Ked",F,1977-03-15,3171015503776193,089500260663,71697748492,5186479056290363,"puti_nadia_marpaung,_s.ked597@hotmail.com","Gg. Rajiman No. 8, Parepare, KS 30152",9969241265820574
3803,Farah Hastuti,F,1980-09-07,3103014709804574,08954146346,447401722974424,4970580222113324,farahhastuti933@ymail.com,"Gg. Pelajar Pejuang No. 7, Manado, JT 84409",9950664935978765
3804,"R. Jasmin Sinaga, M.TI.",F,1956-06-07,3301014706563299,08533318896,82292469839834,6011910872113989,"r._jasmin_sinaga,_m.ti.107@hotmail.com","Gang Kiaracondong No. 302, Bandar Lampung, KI 35405",9990942059504198
3805,Mahfud Zulaika,F,1989-10-11,3174015110898477,088401199122,76616119342756,5599088903240578,mahfud_zulaika@hotmail.com,"Gg. Pelajar Pejuang No. 7, Surakarta, BE 09337",9977971345518436
3806,dr. Garan Mayasari,M,1958-12-10,3201011012580938,08783259345,35038085116733,6011213289494364,dr.garanmayasari210@ymail.com,"Jl. Cikutra Timur No. 4, Madiun, BB 93220",9927924235823415
3807,Betania Thamrin,F,1997-11-24,3175016411978756,08554384740,11966318364746,5119828719940911,betania.thamrin@hotmail.com,"Jl. Kutisari Selatan No. 779, Salatiga, Maluku Utara 47006",9969025639906252
3808,Yulia Gunawan,M,1965-02-12,3201011202654498,+628565880323,1652201892811,4567668309925790,yuliagunawan904@yahoo.co.id,"Gang Kendalsari No. 748, Serang, Kalimantan Barat 93604",9966178722220619
3809,Anita Hariyah,M,1989-11-03,3274010311892273,+6285138089204,5769897413,6011964397717009,anita.hariyah@gmail.com,"Jalan Setiabudhi No. 96, Blitar, Sulawesi Utara 98311",9911418630704161
3810,"dr. Rika Mardhiyah, S.E.",F,1963-10-31,3271017110636071,08218125116,996189349818,5253523605736112,"dr.rikamardhiyah,s.e.@ymail.com","Jalan Gardujati No. 24, Kota Administrasi Jakarta Timur, Nusa Tenggara Timur 69613",9927298795391792
3811,Elon Dabukke,M,1981-08-03,3301010308817404,08335884261,852467467408496,5286475800265964,elondabukke547@ymail.com,"Jalan Gedebage Selatan No. 02, Subulussalam, LA 93919",9921867207904037
3812,"Kezia Thamrin, S.T.",M,1960-09-04,3174010409606085,08323851638,29370566195008,4154285390656599,"kezia.thamrin,.s.t.330@outlook.com","Gg. HOS. Cokroaminoto No. 952, Singkawang, NB 07250",9989140749152375
3813,R.A. Fitriani Usada,F,2000-08-13,3171015308005102,082392876104,739529405,5244720981023976,r.a.fitrianiusada@outlook.com,"Jl. Veteran No. 2, Balikpapan, Maluku Utara 84528",9932700467066137
3814,Queen Hastuti,M,1961-03-25,3171012503616406,087834111196,97613437396,5566359066799838,queenhastuti78@gmail.com,"Jalan Merdeka No. 661, Gorontalo, JT 18620",9957056720131436
3815,"KH. Artawan Wulandari, S.E.I",F,1996-06-27,3203016706960604,+628839965553,573238272239,5289521826377579,"kh..artawan.wulandari,.s.e.i@gmail.com","Jl. Cikapayang No. 9, Cirebon, MA 64977",9941361166732881
3816,Darimin Siregar,M,1956-02-08,3204010802568838,08164484301,7000172016867,5472276585218083,darimin.siregar167@ymail.com,"Jl. Setiabudhi No. 52, Kota Administrasi Jakarta Pusat, JT 69195",9984932546818361
3817,Yuliana Purnawati,F,1996-03-08,7301014803962277,+628384949676,11636786527,5544278063588988,yuliana.purnawati923@gmail.com,"Gg. Raya Ujungberung No. 90, Madiun, MA 82924",9998009774210514
3818,Drs. Putri Wibisono,F,1958-03-28,5101016803584592,+6289628289493,770156407940,5466801128082018,drs.putriwibisono@ymail.com,"Jl. Ahmad Dahlan No. 00, Kota Administrasi Jakarta Timur, AC 61802",9973476537364766
3819,Balijan Wahyudin,M,2002-05-14,7301011405023752,+6281453439860,85079922765998,5116189161599517,balijanwahyudin619@ymail.com,"Gang Raya Setiabudhi No. 163, Solok, JI 44507",9982660363777946
3820,Ina Hasanah,F,1978-09-03,3104014309789047,+6288552955055,1845477858018,5538666459811863,ina_hasanah@yahoo.co.id,"Jalan Wonoayu No. 9, Pasuruan, Papua 42580",9977373235148844
3821,Dalima Manullang,M,1982-01-22,3172012201826019,08976408090,80115049125,5225822034601373,dalimamanullang@hotmail.com,"Jl. Waringin No. 3, Balikpapan, Aceh 45232",9955064177486166
3822,"Drs. Balangga Suwarno, S.E.I",M,1968-05-26,3401012605682467,+6289737369230,59452309994960,5514967375016950,"drs..balangga.suwarno,.s.e.i@hotmail.com","Gg. Kutai No. 953, Depok, Aceh 18466",9912339316550934
3823,Dimaz Sitompul,F,1955-11-03,3174014311558181,+628316578143,40361458,5182929288224787,dimaz_sitompul@yahoo.co.id,"Jl. Lembong No. 139, Metro, Banten 72073",9939429539295307
3824,Zalindra Wulandari,M,1960-01-02,3101010201605019,082356411846,8598047085913,6011940507111861,zalindra_wulandari@gmail.com,"Jalan Moch. Toha No. 6, Prabumulih, JB 30161",9948733867185281
3825,Anom Winarsih,F,1982-06-03,3174014306829584,+6288233402947,18756775076,5366369602245913,anom.winarsih@hotmail.com,"Jalan Suniaraja No. 405, Tomohon, Sumatera Barat 51569",9962950766992537
3826,Cengkir Sudiati,M,1983-04-19,3303011904830475,+6285235342950,21168060181467,5361584221322124,cengkir_sudiati@ymail.com,"Jl. Rungkut Industri No. 917, Tanjungpinang, Bali 98277",9933726316400746
3827,"R. Jaga Rahayu, S.Psi",F,1990-02-12,3202015202905774,089734669313,1979711340162,5484957790678190,"r..jaga.rahayu,.s.psi165@gmail.com","Gang Suniaraja No. 12, Tasikmalaya, ST 44415",9943774414174254
3828,Mila Suwarno,F,2000-06-21,3101016106002489,08158307168,200902582014831,5317602487632545,mila.suwarno382@yahoo.co.id,"Jalan PHH. Mustofa No. 1, Bontang, Jambi 12955",9933610428572398
3829,"Endra Simanjuntak, M.M.",M,1982-04-27,3502012704822286,087729708747,90510864379,5247533981713105,"endra.simanjuntak,.m.m.791@hotmail.com","Gg. Pasirkoja No. 714, Dumai, Gorontalo 46527",9983192065692433
3830,"Hani Tamba, S.Farm",F,1972-01-04,3104014401726344,081345828442,73437916814235,6011161935428935,"hani.tamba,.s.farm@outlook.com","Jalan Cikutra Timur No. 2, Kendari, SU 65129",9935184102502907
3831,Kemal Padmasari,M,1968-12-29,5102012912689369,088537672083,5435168759,5381735805553549,kemal_padmasari@yahoo.co.id,"Jl. Cihampelas No. 095, Batam, Kalimantan Tengah 22276",9998131192286869
3832,T. Prayogo Maryadi,M,1960-07-19,3601011907600005,+628175208819,730689961706,5514642848413761,t._prayogo_maryadi936@ymail.com,"Gg. PHH. Mustofa No. 231, Pekalongan, KT 32975",9984581854457094
3833,Erik Dabukke,F,1981-09-20,5101016009819818,081344760166,9419811483874,6011068548878169,erik.dabukke@outlook.com,"Gg. Jayawijaya No. 43, Bontang, ST 81873",9985873892146884
3834,"Puspa Sihotang, S.E.I",M,1961-06-22,3701012206613546,08139238397,78094803,4371745512496355,"puspa_sihotang,_s.e.i@yahoo.co.id","Jalan Monginsidi No. 68, Bitung, JT 17586",9962568716026546
3835,Ihsan Suryono,M,2000-02-28,3175012802001426,08555089680,29958526,5184371325443111,ihsan.suryono@yahoo.co.id,"Jl. Wonoayu No. 610, Pekanbaru, DKI Jakarta 11704",9943071897267596
3836,"Najwa Palastri, M.Kom.",F,1956-04-25,3203016504561031,08177831869,258839803662,6011462739400350,"najwa_palastri,_m.kom.@ymail.com","Jalan Soekarno Hatta No. 170, Banjar, Sumatera Barat 97016",9929219593628421
3837,Indra Mustofa,M,1991-11-15,3301011511914672,08560337430,77985007745451,6011141423360214,indra.mustofa@hotmail.com,"Gg. Ronggowarsito No. 967, Pasuruan, BB 66064",9991601147059787
3838,"Drs. Sabrina Novitasari, M.Pd",M,1984-10-23,6101012310840029,08954209884,85916992,5417019947318786,"drs..sabrina.novitasari,.m.pd50@hotmail.com","Jalan Peta No. 04, Kupang, NT 86845",9910312603283909
3839,Julia Nugroho,F,1960-12-18,3601015812604639,087892145158,16195888504,5174609232372734,julianugroho@ymail.com,"Gang Moch. Toha No. 552, Kota Administrasi Jakarta Timur, JK 83211",9987949285068092
3840,R. Kadir Zulkarnain,M,1963-05-20,3101012005636667,085212123974,2988377569,5150167710768003,r.kadirzulkarnain846@ymail.com,"Jalan Rajawali Barat No. 85, Tidore Kepulauan, SB 10456",9976248827420527
3841,"Drs. Elvina Fujiati, S.H.",F,1982-06-22,3701016206827891,+6281758230515,261943541213002,5105803116000078,"drs.elvinafujiati,s.h.168@hotmail.com","Jalan Laswi No. 92, Balikpapan, BA 25136",9954534190162349
3842,"R. Jane Nasyidah, S.Sos",M,1965-01-14,3103011401659524,08811407100,7761362270667,5528315908091125,"r..jane.nasyidah,.s.sos86@outlook.com","Jl. Medokan Ayu No. 08, Tegal, Sumatera Selatan 42615",9920126244486447
3843,Nadia Latupono,M,1989-05-06,3274010605896105,081242496699,921353215269008,5128195941275459,nadialatupono235@outlook.com,"Jalan Waringin No. 73, Tarakan, Kalimantan Barat 06119",9962645559777867
3844,Puspa Suryatmi,F,1997-10-22,3171016210977911,+6289911136761,18152332895644,5547656326415974,puspa.suryatmi61@ymail.com,"Gang R.E Martadinata No. 233, Cilegon, KU 84596",9937517795701698
3845,Sutan Mulya Yolanda,F,1967-12-07,3401014712677289,08239051633,382697710,5480070222358351,sutan_mulya_yolanda@hotmail.com,"Gg. Peta No. 1, Tidore Kepulauan, SU 55561",9919217661902350
3846,drg. Umi Habibi,M,1965-08-29,3104012908659745,08836549980,965393542341377,5187952565609194,drg._umi_habibi@outlook.com,"Jalan KH Amin Jasuta No. 424, Madiun, BB 58993",9920562224508151
3847,"KH. Gandi Kuswandari, S.Pt",F,1966-01-08,5103014801661883,08522817626,333363920384773,5470625428150970,"kh._gandi_kuswandari,_s.pt@outlook.com","Jalan S. Parman No. 99, Banda Aceh, SU 77279",9917795573015307
3848,Kajen Dongoran,M,2005-11-26,3401012611053630,+6281527408426,43366685561157,5386255336709280,kajendongoran@ymail.com,"Jalan Rajawali Barat No. 046, Banjarbaru, Sumatera Utara 98173",9982990491567377
3849,Dr. Gandi Hartati,F,1978-07-17,5103015707785349,088475570170,77310809947,5473223546134211,dr..gandi.hartati@gmail.com,"Gang Jamika No. 642, Tanjungbalai, JK 80829",9948315089636161
3850,"Kanda Yulianti, S.Psi",M,1972-10-25,3301012510722809,08387725672,392855150756,4204768664958902,"kandayulianti,s.psi@yahoo.co.id","Jl. Gardujati No. 5, Pagaralam, Kalimantan Utara 38179",9975955643301951
3851,Dalima Farida,F,1991-05-29,3501016905914142,+6281399328926,11234009915028,5166218144348250,dalima_farida261@gmail.com,"Gg. Rawamangun No. 690, Kediri, KS 01936",9938029043036437
3852,"H. Lurhur Nurdiyanti, S.Farm",F,1967-06-27,3201016706670391,08388529239,3911667927195,5591412968083423,"h._lurhur_nurdiyanti,_s.farm792@gmail.com","Jalan Tubagus Ismail No. 62, Tasikmalaya, BE 45219",9920681701496875
3853,R. Lala Kusmawati,M,1957-05-21,3303012105574147,08593202047,81067903,5485377983213708,r._lala_kusmawati@outlook.com,"Gang Antapani Lama No. 76, Pekalongan, Kalimantan Utara 73546",9982681807371254
3854,"Nova Prastuti, M.M.",F,1957-10-18,5102015810578695,081229229549,45623932453,5566387221174091,"novaprastuti,m.m.@outlook.com","Gang M.T Haryono No. 64, Tomohon, JT 59334",9985189157377997
3855,dr. Kasim Simanjuntak,M,1983-12-18,3274011812831871,088245646059,3253870630938,4895756702270394,dr.kasimsimanjuntak314@ymail.com,"Jl. Gegerkalong Hilir No. 097, Kota Administrasi Jakarta Utara, PB 31759",9946895527398983
3856,Diana Winarsih,M,1973-06-19,3502011906734392,08337893542,308213291,5176087098501962,dianawinarsih417@yahoo.co.id,"Jl. Moch. Ramdan No. 12, Kotamobagu, KU 03752",9951179471011956
3857,drg. Oliva Wahyudin,M,1976-05-27,7102012705760328,+628841051015,161008197,5360491913215451,drg._oliva_wahyudin@yahoo.co.id,"Jl. Sukabumi No. 9, Depok, BB 89332",9958822278295568
3858,Yuliana Irawan,F,1981-05-13,3104015305811291,08151422251,98180297,6011857421592016,yuliana_irawan342@hotmail.com,"Jalan Gedebage Selatan No. 22, Bitung, KB 74815",9966102946305260
3859,Gaiman Astuti,F,1997-07-09,3101014907975180,08787165010,80580941856170,4866506736901455,gaimanastuti@hotmail.com,"Jl. Medokan Ayu No. 0, Malang, Kepulauan Riau 06099",9926868886170292
3860,Hj. Zelda Widodo,F,1993-10-08,3204014810933855,08151986308,39242368826152,5134301201284508,hj.zeldawidodo97@outlook.com,"Gang Joyoboyo No. 506, Pasuruan, Sulawesi Tenggara 38207",9987086862587886
3861,Digdaya Salahudin,F,1974-03-10,3176015003740863,081427424533,21546774,6011337756149228,digdayasalahudin@ymail.com,"Gang Stasiun Wonokromo No. 032, Bogor, JI 01732",9930446921869009
3862,Rahmi Utami,M,1985-05-29,3174012905854712,+628969091607,580762092882403,4733887316776217,rahmi.utami748@ymail.com,"Jl. Ir. H. Djuanda No. 67, Balikpapan, AC 04378",9966878655437590
3863,Betania Latupono,F,1960-08-30,3174017008607923,081321635206,977863401884,5421275323398542,betanialatupono@outlook.com,"Gg. Cikapayang No. 34, Medan, JK 00572",9913310282285755
3864,Farhunnisa Nashiruddin,M,1967-10-17,3273011710674821,081112710830,65824140880862,5370949330615317,farhunnisa.nashiruddin190@outlook.com,"Jl. Merdeka No. 671, Bogor, SR 75481",9941595090624394
3865,"R. Sadina Prayoga, S.H.",F,1970-09-20,3201016009700009,081614218514,291478735304,5128244872502942,"r._sadina_prayoga,_s.h.147@outlook.com","Gg. Surapati No. 232, Payakumbuh, MA 87927",9924535874019558
3866,Kamila Hidayanto,M,1959-11-01,7101010111590027,+6289715603834,1436030307459,5380037764317150,kamila.hidayanto950@yahoo.co.id,"Jl. Sentot Alibasa No. 9, Serang, Sulawesi Tenggara 87841",9930536700895625
3867,Nadine Safitri,F,1979-12-10,3173015012795202,081926097108,247706261581,5512322364454975,nadine_safitri@yahoo.co.id,"Jalan Joyoboyo No. 99, Pasuruan, Kalimantan Barat 20352",9912086654362479
3868,Puput Kuswoyo,M,1961-10-06,3101010610613892,+628789524921,2482750641088,5343049672989423,puput.kuswoyo@yahoo.co.id,"Jalan Pacuan Kuda No. 9, Kota Administrasi Jakarta Barat, DI Yogyakarta 86349",9961287778678351
3869,"Tgk. Marsito Wulandari, S.E.I",M,1962-07-15,3301011507626902,+6281494444685,649596667433433,5497609812977522,"tgk.marsitowulandari,s.e.i87@hotmail.com","Jalan Cihampelas No. 17, Denpasar, NB 03016",9928334205699770
3870,Okta Santoso,F,1970-01-10,3602015001706882,088585926587,917216027,5364100585268387,oktasantoso961@gmail.com,"Gang Gegerkalong Hilir No. 188, Palangkaraya, Banten 38911",9911035541013445
3871,R.M. Bagiya Sudiati,M,1971-08-18,5103011808715849,08567875624,688308424174,5519099363761338,r.m..bagiya.sudiati@ymail.com,"Gg. Ir. H. Djuanda No. 41, Tomohon, Bali 66415",9999614153441081
3872,Lukita Suryatmi,M,1999-08-04,3171010408997475,089915600877,1496092440,6011112828285426,lukitasuryatmi947@yahoo.co.id,"Gang Ahmad Dahlan No. 134, Batu, NB 29314",9980845366811887
3873,R. Unjani Maryati,M,1986-10-17,3303011710866738,+6289869452108,377045967516,4045952710500268,r.unjanimaryati341@ymail.com,"Gg. Kendalsari No. 34, Cimahi, Sulawesi Selatan 47193",9936177533791147
3874,Jamalia Marbun,F,1986-02-01,5102014102868109,08966968269,768345557935852,4355924890340073,jamalia_marbun@gmail.com,"Jl. R.E Martadinata No. 24, Kediri, RI 80025",9915723738943571
3875,"Edward Anggriawan, S.Farm",F,1999-09-02,5103014209992961,+6288554790956,29044940550,4103439314159815,"edward.anggriawan,.s.farm709@gmail.com","Gang Siliwangi No. 727, Tarakan, MU 29123",9951919733129815
3876,Unjani Sitorus,F,1989-07-25,5101016507894235,08333298877,378551334238,5553114100638282,unjanisitorus@ymail.com,"Jalan Pasirkoja No. 3, Bandar Lampung, YO 90382",9943844120952285
3877,Dasa Hardiansyah,F,1968-12-04,3104014412685677,088412668167,563407141014,6011974891697600,dasahardiansyah745@yahoo.co.id,"Gg. Kiaracondong No. 44, Meulaboh, Sulawesi Selatan 09066",9959467984899587
3878,Dt. Wardi Suwarno,M,1986-01-14,3171011401869753,081216693349,468875636976,6011493999697881,dt..wardi.suwarno89@yahoo.co.id,"Gang Rajawali Barat No. 65, Magelang, SG 79230",9939094175542004
3879,Karsa Mardhiyah,M,1955-11-23,3171012311556040,+6281872037497,3228929905,6011828428390333,karsa_mardhiyah803@outlook.com,"Gg. PHH. Mustofa No. 50, Lhokseumawe, Jawa Timur 80379",9984707644519028
3880,Ana Habibi,F,1992-03-01,3176014103929742,08235003827,41337495698697,5100605172780425,anahabibi@hotmail.com,"Gg. Bangka Raya No. 9, Parepare, Bengkulu 64964",9942157666496280
3881,"Candra Latupono, S.Sos",F,1971-06-29,3274016906718529,+6281407604836,83978543,5169024591150337,"candra_latupono,_s.sos348@outlook.com","Gang Indragiri No. 93, Pekalongan, MU 35722",9927246586141282
3882,"Daliono Hutasoit, S.Psi",M,1998-09-08,3303010809987037,+6281440254883,91278075599971,5330821503150996,"daliono_hutasoit,_s.psi155@ymail.com","Gg. Erlangga No. 4, Lubuklinggau, Sulawesi Tenggara 81001",9953175598222191
3883,Ina Haryanti,F,1995-07-27,3103016707952636,083876966095,6026870762012,6011595810712824,ina_haryanti@yahoo.co.id,"Gg. Soekarno Hatta No. 37, Pekanbaru, BT 20328",9950968309671545
3884,"Prabawa Habibi, M.M.",M,1981-11-24,3272012411812314,082260915953,8757794531,6011803199212022,"prabawahabibi,m.m.@ymail.com","Jalan Jakarta No. 2, Surakarta, BE 55732",9961285955819979
3885,Cengkal Prasasta,M,1964-10-22,7102012210640499,089538856459,773010561178,5229664369118880,cengkal_prasasta216@gmail.com,"Jl. Erlangga No. 42, Solok, Sumatera Utara 20991",9935687280435158
3886,Daniswara Saragih,M,1962-07-23,3502012307622935,+6283321192895,574849643113501,4747337391274785,daniswarasaragih344@ymail.com,"Jalan M.T Haryono No. 56, Bontang, Sulawesi Tengah 73023",9937431573130890
3887,Tgk. Puti Siregar,M,1990-11-30,3274013011902259,08216252378,2023972999,4880695891317751,tgk..puti.siregar@yahoo.co.id,"Gg. Suniaraja No. 33, Solok, JT 37018",9950722314905258
3888,Jayeng Saptono,F,1966-09-05,5102014509660574,08198349006,76267206426022,5194147911326737,jayeng.saptono@ymail.com,"Gg. Kutai No. 74, Kota Administrasi Jakarta Selatan, DKI Jakarta 57651",9928238592831401
3889,Caket Kuswoyo,F,1975-05-25,3202016505754300,08988313901,158187306,5527213045221455,caket.kuswoyo@yahoo.co.id,"Jalan Dipatiukur No. 4, Mataram, JK 63861",9920340755410864
3890,Cut Pia Tampubolon,M,1985-01-04,5102010401859987,+6283815325470,9981629714679,5422194497632289,cut.pia.tampubolon@yahoo.co.id,"Jl. Kebonjati No. 535, Magelang, PA 97205",9955840476104898
3891,Ade Usada,M,1999-04-14,3302011404993755,+628337206737,935108895837112,5446751852567126,adeusada740@hotmail.com,"Jl. Rungkut Industri No. 259, Kota Administrasi Jakarta Barat, SR 07106",9918329421856910
3892,Waluyo Januar,F,1993-05-06,3171014605937698,089975351126,13035769249574,5157821016834188,waluyo.januar@ymail.com,"Jl. HOS. Cokroaminoto No. 323, Tarakan, Maluku 37453",9982141019764573
3893,"Zulfa Sitorus, S.Sos",F,1999-05-28,3501016805994194,+628171785781,317620892566496,5128959827809950,"zulfa_sitorus,_s.sos572@gmail.com","Gang Rajawali Timur No. 216, Pekanbaru, Jawa Timur 59622",9952190603062571
3894,Vino Safitri,M,2006-09-15,3501011509065735,08535546193,21060094614,5223659908777244,vino.safitri366@hotmail.com,"Gang Lembong No. 6, Serang, PB 79391",9956778497429764
3895,Garan Usamah,F,1955-06-07,3173014706558138,+628786853968,605512509277,5386910002962401,garanusamah736@yahoo.co.id,"Jl. Ahmad Dahlan No. 653, Samarinda, Papua 53209",9953870480526657
3896,Martani Wahyudin,F,1964-06-04,3271014406641327,088531420425,800810183199,5150783667966223,martaniwahyudin@ymail.com,"Gg. KH Amin Jasuta No. 5, Tarakan, DKI Jakarta 28006",9910997783932416
3897,dr. Banawi Utami,M,1969-06-01,3105010106692072,+6283373746912,79440174598240,4243896021298809,dr.banawiutami@hotmail.com,"Jalan Tebet Barat Dalam No. 469, Tanjungbalai, KR 89638",9987542812871110
3898,Ir. Laras Melani,M,1988-07-30,3301013007886480,085156422285,18818651888,5375098292264446,ir.larasmelani129@outlook.com,"Gg. Sukabumi No. 9, Banjarbaru, Banten 47642",9986077522353769
3899,Tgk. Ina Megantara,M,1995-02-21,3176012102958624,082159610092,82728121086444,5154554363139596,tgk..ina.megantara@yahoo.co.id,"Jl. Sadang Serang No. 12, Mojokerto, DI Yogyakarta 82729",9939291490185268
3900,Balidin Permadi,F,1979-12-22,3172016212791387,+628966512879,53498195966591,4093139095125283,balidinpermadi@gmail.com,"Gang Asia Afrika No. 296, Batu, SR 01240",9922352895231132
3901,"Adikara Wastuti, S.Kom",M,1971-03-10,3102011003710822,08818561353,823957016,5240725288286025,"adikara_wastuti,_s.kom@hotmail.com","Gang Abdul Muis No. 9, Binjai, KS 77938",9978785962824516
3902,Eluh Hastuti,M,1975-08-30,3202013008756465,08110839478,8377410763,4008541768691984,eluh_hastuti759@ymail.com,"Jl. Kapten Muslihat No. 6, Tebingtinggi, Maluku 86359",9946051445427535
3903,Aditya Hutagalung,F,1992-04-06,5103014604925388,+6281671501727,400638939514939,5598753723163677,aditya.hutagalung317@gmail.com,"Gang Gedebage Selatan No. 35, Dumai, Jambi 05098",9915036708064466
3904,Atmaja Wasita,F,1999-06-01,3402014106994761,081577190810,3944438773,4558206694567395,atmajawasita@gmail.com,"Jl. K.H. Wahid Hasyim No. 08, Subulussalam, Bali 49383",9923234441034696
3905,Hasim Mandala,M,1969-07-09,3174010907693158,+6283387624776,55816342,5580534544260218,hasimmandala49@gmail.com,"Jalan Monginsidi No. 44, Bogor, Jambi 32276",9935027480462133
3906,"R.A. Rini Najmudin, S.IP",M,2001-06-27,3271012706014602,087706745270,25712744171664,5583695550952510,"r.a..rini.najmudin,.s.ip@yahoo.co.id","Jalan Sukajadi No. 38, Magelang, DI Yogyakarta 99866",9987576003043070
3907,"Puti Padma Zulaika, S.Ked",F,1993-02-22,3203016202933773,08191325009,41597207943132,5572880764252200,"putipadmazulaika,s.ked293@hotmail.com","Gg. Suniaraja No. 0, Metro, KS 07731",9939052175875927
3908,Tgk. Tirta Oktaviani,M,1984-10-11,3701011110845143,+6282164757737,257332116,5458312868741477,tgk.tirtaoktaviani374@yahoo.co.id,"Gang Moch. Toha No. 594, Salatiga, Maluku Utara 32433",9977252150938882
3909,Anita Wijaya,M,2001-03-09,3402010903019754,08149333241,2376388101,6011135827136896,anita.wijaya365@gmail.com,"Jl. M.T Haryono No. 0, Madiun, KR 12780",9996615248853806
3910,Keisha Ramadan,F,1999-11-22,3102016211991088,085670852664,96371104051,6011483678670018,keisha_ramadan417@gmail.com,"Gang M.H Thamrin No. 6, Mojokerto, SS 51270",9920233181005889
3911,Karsana Putra,M,1995-03-04,3103010403954361,082204906139,262019700192056,5457379338724296,karsana.putra@gmail.com,"Jalan Yos Sudarso No. 554, Padang Sidempuan, NB 54142",9984067034276911
3912,"Paulin Andriani, S.Pt",M,2004-12-24,3274012412045048,083376969577,9215123645899,5548595066208005,"paulinandriani,s.pt@yahoo.co.id","Gg. Gedebage Selatan No. 822, Yogyakarta, SS 40101",9942355799586259
3913,Cut Jelita Firmansyah,M,1991-06-18,3271011806916353,087889128981,1803302577774,5136097117152580,cutjelitafirmansyah@hotmail.com,"Jl. Veteran No. 58, Sungai Penuh, SU 06355",9943490787359299
3914,Violet Megantara,F,1960-09-01,5103014109605676,08822811336,2991612987701,5453171424830793,violet.megantara@ymail.com,"Gang Setiabudhi No. 65, Kupang, SB 82584",9979755937577414
3915,Diana Maryadi,F,1974-06-29,3201016906740726,081359274926,378746666677,6011015407953179,dianamaryadi@ymail.com,"Jl. Ciwastra No. 00, Pagaralam, Sumatera Utara 96777",9913048508495354
3916,Lanang Nugroho,M,1978-08-05,3103010508788287,083854074052,4532939185,5141211398616417,lanangnugroho@ymail.com,"Gang Pacuan Kuda No. 75, Mataram, Sulawesi Tengah 31936",9944700650541407
3917,Cornelia Iswahyudi,M,2008-02-16,3601011602081063,087760146508,6907026849255,4345285090279319,corneliaiswahyudi85@ymail.com,"Jalan Rumah Sakit No. 293, Cimahi, JK 93759",9988961521147414
3918,"Jaeman Usada, S.E.I",M,1996-11-17,5101011711967618,081763975948,2408889032,6011496793835762,"jaeman_usada,_s.e.i@gmail.com","Jl. Ciumbuleuit No. 86, Banda Aceh, SU 38947",9960476728552326
3919,"Kadir Sirait, S.Pd",F,1991-03-08,3203014803917319,081906989105,652885920557,5505812113747947,"kadir.sirait,.s.pd@outlook.com","Gang Pacuan Kuda No. 3, Bau-Bau, Gorontalo 36462",9947163218430510
3920,Tgk. Asirwanda Waluyo,F,1990-02-20,3172016002901644,082322126014,944611861,6011955940995983,tgk._asirwanda_waluyo@outlook.com,"Jl. Suniaraja No. 74, Tasikmalaya, NB 03750",9985918753509414
3921,"Laila Adriansyah, S.Psi",M,1961-11-28,3601012811613563,08171698465,76882163099,5142155548867981,"lailaadriansyah,s.psi@gmail.com","Gg. Ronggowarsito No. 7, Blitar, KI 28735",9960793899966196
3922,"Drs. Kani Fujiati, S.T.",M,1981-08-13,5102011308815767,08592737382,129722913,4530994396921231,"drs.kanifujiati,s.t.@yahoo.co.id","Jalan Wonoayu No. 9, Solok, Maluku Utara 71774",9927477782452223
3923,Indra Novitasari,F,2002-09-05,3105014509029393,+6285238082311,4009814169,6011878184556723,indranovitasari716@outlook.com,"Gang Ahmad Dahlan No. 9, Bitung, NB 60080",9936640208482914
3924,Galih Nasyiah,M,1968-12-18,7102011812687727,08962798067,9611229219,5169455156880012,galih_nasyiah349@outlook.com,"Jl. Cikapayang No. 70, Sorong, Sulawesi Selatan 34530",9916552107892926
3925,"H. Jagapati Usada, S.Kom",F,1956-11-29,3102016911567306,087752790329,269807013,5585601586976426,"h.jagapatiusada,s.kom@ymail.com","Jalan Ronggowarsito No. 21, Prabumulih, JA 30943",9961362690515880
3926,Dt. Banawa Pudjiastuti,M,1997-11-08,3102010811973323,081173165754,64705347508,5438624964213076,dt.banawapudjiastuti@ymail.com,"Jalan Erlangga No. 12, Banda Aceh, Bali 67458",9987125029693854
3927,"Drs. Qori Usada, S.T.",F,1976-01-20,3175016001764070,089886877056,90954704396,5422995269322803,"drs..qori.usada,.s.t.@hotmail.com","Jalan PHH. Mustofa No. 8, Pekalongan, Jawa Barat 28253",9937273331174398
3928,Kamaria Simanjuntak,M,1997-03-26,3271012603976034,+628587544165,254023156,6011544772718056,kamariasimanjuntak@yahoo.co.id,"Gg. Kebonjati No. 4, Kediri, Aceh 51571",9916908867353892
3929,"R. Luhung Sirait, S.Pd",F,1976-05-09,3173014905763416,089992829693,86360483682,4400364016007427,"r..luhung.sirait,.s.pd@yahoo.co.id","Jl. Kutisari Selatan No. 441, Tangerang Selatan, BT 11383",9934476673125249
3930,"Gangsar Hidayat, S.T.",M,2000-07-06,3175010607004205,082354623418,616276735454409,5328044153710079,"gangsar_hidayat,_s.t.310@hotmail.com","Gang Rawamangun No. 58, Prabumulih, MU 76206",9984357805414895
3931,"R.A. Tiara Yuliarti, S.Pd",M,2007-08-06,3204010608073695,08327544161,50642090,5500012247643377,"r.a..tiara.yuliarti,.s.pd@gmail.com","Gg. Asia Afrika No. 2, Tarakan, SU 17432",9912983235303596
3932,Tantri Hutasoit,F,1998-01-10,6101015001980445,088555731378,5363047814,5134591307562907,tantrihutasoit244@ymail.com,"Gg. Siliwangi No. 458, Banda Aceh, JA 99909",9984415057388221
3933,Asman Narpati,M,1960-03-22,3272012203605361,081797975826,634273693555,5112509088593734,asman.narpati758@ymail.com,"Jl. Otto Iskandardinata No. 990, Tebingtinggi, KI 88340",9993581885053776
3934,Cut Lintang Wastuti,F,2001-10-03,3401014310013892,08569048991,519828026162684,5484805499587539,cut.lintang.wastuti775@gmail.com,"Jalan Jayawijaya No. 29, Banjarbaru, Kalimantan Selatan 50588",9964500901472642
3935,"Artawan Narpati, S.T.",F,1995-01-17,3502015701953348,082182561100,7246019976,5428429549563505,"artawan.narpati,.s.t.231@yahoo.co.id","Jalan Kendalsari No. 7, Denpasar, JT 77983",9988126623555857
3936,"Hj. Diah Jailani, S.T.",F,1955-09-23,3176016309551145,087860832298,761447070530,5548652479045524,"hj._diah_jailani,_s.t.491@hotmail.com","Jl. Moch. Toha No. 130, Semarang, KT 82267",9912082192634437
3937,Gangsa Andriani,F,2007-05-06,3301014605079606,+6287740125671,97787903099,6011010793051864,gangsaandriani188@outlook.com,"Jalan Tubagus Ismail No. 475, Bogor, Sulawesi Tengah 35531",9946095797779725
3938,"Hj. Tina Usada, S.T.",M,2005-03-13,3602011303059272,088233101546,431090377,5422730813664369,"hj.tinausada,s.t.@hotmail.com","Jalan Rajawali Barat No. 8, Magelang, RI 47168",9941293848602213
3939,Balamantri Halimah,F,1989-12-27,3101016712890709,+6285203093803,9294618143714,5387634224941197,balamantri.halimah605@gmail.com,"Gg. Kutisari Selatan No. 54, Mojokerto, PA 02356",9996066885886475
3940,"R. Emin Firmansyah, M.Kom.",M,1994-04-21,3701012104947554,+6281463248578,423799944021,5414491788121133,"r.eminfirmansyah,m.kom.@gmail.com","Jalan Ciwastra No. 0, Lhokseumawe, KU 13718",9925075603093334
3941,Zahra Rahayu,F,1967-11-03,5101014311679587,+628956935149,65318961120,5289079907097064,zahra.rahayu@yahoo.co.id,"Jl. Cikutra Barat No. 8, Palembang, ST 85991",9967570410578441
3942,Kamidin Rahmawati,F,1991-11-06,3701014611914865,08117384270,49179865329,5286442295187702,kamidinrahmawati104@yahoo.co.id,"Gang Kutai No. 03, Kota Administrasi Jakarta Selatan, Sumatera Barat 26461",9965129144991565
3943,Gamblang Yulianti,M,1994-03-01,3301010103948986,+6285352847133,732504099,5530673809745323,gamblang.yulianti82@hotmail.com,"Jalan Sadang Serang No. 350, Sungai Penuh, Sumatera Barat 11407",9942997909298519
3944,Daru Sihombing,F,1978-06-23,3172016306788651,08838321699,82981944105,5495043532087629,darusihombing21@yahoo.co.id,"Jl. Suniaraja No. 746, Metro, JT 50747",9998261873738532
3945,Kardi Pudjiastuti,F,1978-09-21,3176016109782165,+628332470772,155471433597804,5124478707948966,kardi.pudjiastuti928@outlook.com,"Jalan Antapani Lama No. 684, Banjarmasin, Sulawesi Tengah 99257",9949971058649498
3946,Jagapati Hutagalung,F,1972-11-15,3102015511729364,08123344806,568838662916,5298772228364525,jagapati.hutagalung@yahoo.co.id,"Jl. Peta No. 875, Palembang, KS 10176",9987765153127553
3947,"R. Maida Suryatmi, S.Pt",M,1976-01-12,3101011201762740,083341456917,1556113791,6011379931726236,"r.maidasuryatmi,s.pt@ymail.com","Gg. Pelajar Pejuang No. 985, Sibolga, DKI Jakarta 39348",9924671511816493
3948,Dimaz Nainggolan,F,1961-10-17,5103015710615994,083334217233,57545538707,6011815753301159,dimaznainggolan341@outlook.com,"Jl. Gardujati No. 7, Tebingtinggi, JB 16598",9951016912207554
3949,Unjani Kuswandari,F,1960-06-05,3101014506608852,+628550247421,95310740744,5141395472183876,unjani.kuswandari628@ymail.com,"Gang Otto Iskandardinata No. 9, Kota Administrasi Jakarta Barat, Sulawesi Tengah 80639",9940377037137356
3950,"Kenes Mansur, S.T.",F,2003-11-16,3303015611035044,085568189911,3884212643,5272840526099698,"kenesmansur,s.t.631@outlook.com","Gg. Dr. Djunjunan No. 115, Madiun, Bengkulu 34211",9963199479481040
3951,Mustofa Palastri,F,2007-09-30,3601017009073233,08179086552,28528070001461,4851959264743524,mustofa.palastri468@yahoo.co.id,"Gg. Sentot Alibasa No. 70, Kotamobagu, Kalimantan Utara 21259",9976456961972445
3952,"Rosman Sihombing, S.Kom",M,1993-02-20,3173012002930532,085693840661,509339170,5160958747822252,"rosman.sihombing,.s.kom@hotmail.com","Jalan Kendalsari No. 207, Bandar Lampung, Nusa Tenggara Barat 89894",9910957876546626
3953,Panca Namaga,F,1994-09-07,7102014709947635,08575482517,498733636655748,5471267461397617,panca.namaga@hotmail.com,"Jalan Pacuan Kuda No. 693, Bengkulu, Banten 38515",9983565443102600
3954,Edward Utami,F,1998-12-07,3402014712987167,085319838359,503923036,5114919767272857,edward.utami@outlook.com,"Gang Kutai No. 15, Surakarta, Aceh 61745",9933387927721128
3955,Putu Lestari,F,1972-06-11,3172015106722011,081658572554,92039164345,5520290487244676,putu_lestari@hotmail.com,"Jalan Raya Ujungberung No. 300, Depok, Lampung 96129",9965750823811361
3956,Harja Maryadi,M,2006-05-17,3202011705067851,085761277052,462394036838642,5101593925217582,harja_maryadi@yahoo.co.id,"Jl. Siliwangi No. 97, Padang Sidempuan, Lampung 37885",9915616892660709
3957,Cut Syahrini Usada,F,1957-03-17,3171015703573811,081673755879,976798889497,5400754300795721,cut.syahrini.usada109@yahoo.co.id,"Gang Jamika No. 033, Sorong, BA 23290",9922218045642950
3958,"R. Parman Latupono, S.E.",F,1999-10-14,3104015410992864,+628190043356,171354631221798,5583627243153816,"r.parmanlatupono,s.e.824@gmail.com","Jalan Medokan Ayu No. 82, Bau-Bau, JI 51108",9951092696672091
3959,"Cut Tira Suartini, M.Pd",F,1984-05-24,3402016405844546,088547635095,651038803474659,5117282887595891,"cut_tira_suartini,_m.pd695@gmail.com","Gang Soekarno Hatta No. 3, Mojokerto, GO 00814",9943410026890962
3960,Tri Yuniar,F,1991-09-07,3201014709916679,+628846048362,82866604,4427522771139288,triyuniar308@ymail.com,"Jalan Dipatiukur No. 44, Tebingtinggi, BA 49522",9977899034316805
3961,Tgk. Salimah Sudiati,F,1971-03-25,3301016503714709,08952689155,40509036920,5289913603881611,tgk._salimah_sudiati896@outlook.com,"Jl. Sukabumi No. 076, Bau-Bau, SR 87015",9953553431561007
3962,dr. Anastasia Agustina,M,1962-01-06,3102010601620950,+6281257404420,17461303752529,4404437749169477,dr..anastasia.agustina@gmail.com,"Jalan KH Amin Jasuta No. 6, Pontianak, Nusa Tenggara Barat 04456",9985203574286001
3963,Septi Prastuti,M,1980-05-04,3203010405804225,08114104929,36891119185677,6011514062325678,septiprastuti782@gmail.com,"Jl. KH Amin Jasuta No. 33, Balikpapan, Nusa Tenggara Timur 12748",9947974090429808
3964,"Cinthia Winarno, S.E.I",M,2005-02-01,3402010102052716,08311272576,8628944123590,5567875638823926,"cinthia.winarno,.s.e.i268@hotmail.com","Jl. Sadang Serang No. 60, Tanjungbalai, KS 19746",9988251667416404
3965,Farhunnisa Usamah,F,1975-06-13,3102015306759412,089900650578,419300913,5197173631654092,farhunnisausamah756@yahoo.co.id,"Jalan Jamika No. 7, Bekasi, Sulawesi Tengah 81389",9923740665736736
3966,"Puti Ayu Mustofa, S.Gz",M,2009-03-18,3274011803095785,+628815106974,992352666625,5305367869736148,"puti_ayu_mustofa,_s.gz576@hotmail.com","Jl. Jayawijaya No. 9, Padangpanjang, NB 03190",9984943174888127
3967,Puti Puspita,F,1983-12-10,3274015012837249,08199157903,688271143,4513101405747620,putipuspita@hotmail.com,"Jalan K.H. Wahid Hasyim No. 865, Banjarbaru, Sulawesi Tenggara 48602",9910561464986915
3968,Gina Kusmawati,F,1974-04-20,3302016004741125,+628513720323,4681639862,5293239019887123,gina_kusmawati410@gmail.com,"Jalan Rungkut Industri No. 27, Cirebon, Sumatera Selatan 57797",9911097397438253
3969,Ulva Adriansyah,M,1969-08-13,3273011308694608,08847797573,47915959423619,5157501402150165,ulva_adriansyah346@outlook.com,"Gg. Dipatiukur No. 8, Palembang, JT 06576",9971788536167029
3970,"H. Lasmanto Rahimah, S.Farm",M,1982-09-16,3175011609829681,+628839326647,476549104,5478329233770244,"h._lasmanto_rahimah,_s.farm75@ymail.com","Gg. Dr. Djunjunan No. 9, Pekalongan, RI 42887",9910431360749057
3971,R. Jane Purnawati,M,1982-10-24,3175012410824101,081989029017,17912704113,4118981613390757,r._jane_purnawati63@ymail.com,"Gg. Gedebage Selatan No. 5, Bitung, PA 17626",9950514926241159
3972,Zalindra Natsir,F,1985-12-18,3203015812858766,+6289581973767,47014086807712,5459119584695978,zalindranatsir873@gmail.com,"Gang Sentot Alibasa No. 51, Palangkaraya, Papua 14309",9924215017146082
3973,Ghaliyati Manullang,F,2005-02-23,3103016302053101,08383071461,456454629,5460442918499115,ghaliyati.manullang@gmail.com,"Gg. Pacuan Kuda No. 586, Kota Administrasi Jakarta Selatan, Kalimantan Tengah 88067",9988537132486974
3974,Jumadi Suryono,F,1961-02-02,3105014202611791,087773013925,260681474,6011284968583680,jumadisuryono@yahoo.co.id,"Gg. Wonoayu No. 56, Surakarta, Sulawesi Utara 75240",9932438278380543
3975,"Kamaria Maryati, S.Sos",M,1988-04-30,5102013004885597,08386716658,222932250,4917705561292329,"kamaria.maryati,.s.sos@outlook.com","Gg. Waringin No. 95, Banjarbaru, Maluku 18500",9967051110327801
3976,Ani Nababan,F,1995-02-16,3272015602957448,+6288335930560,89749978233327,5294129664771983,ani_nababan@ymail.com,"Jalan Sukabumi No. 486, Madiun, Sulawesi Selatan 88793",9993423291279444
3977,Uda Utami,F,1970-12-24,3101016412706405,+6281955604447,1567955281,4114432282043729,uda_utami938@hotmail.com,"Gg. Ciumbuleuit No. 707, Bandar Lampung, KI 01411",9979924399418530
3978,Siti Hakim,F,1982-07-22,5101016207822692,08227247626,77994423,4132409421505182,siti.hakim449@outlook.com,"Jalan Ciwastra No. 97, Kota Administrasi Jakarta Timur, RI 05742",9989328512032956
3979,Marsudi Halim,M,1955-03-22,3501012203556191,+628332877689,106670588,5264930942889332,marsudi.halim351@hotmail.com,"Jl. Ahmad Dahlan No. 2, Ambon, Riau 01199",9936445927807868
3980,Zahra Nasyiah,F,1955-08-20,3502016008551212,08958644082,67252215,5479653464581578,zahra.nasyiah@yahoo.co.id,"Jl. Rajawali Timur No. 326, Jayapura, KR 64504",9930961169808922
3981,"Natalia Rahayu, S.Pd",F,1997-01-09,3302014901978423,085987693170,553234873350,5266404898699034,"nataliarahayu,s.pd805@yahoo.co.id","Jl. Antapani Lama No. 139, Blitar, Bali 64359",9910809386280897
3982,Lili Maheswara,F,1966-11-20,3173016011669408,082377141102,283774386975,4838098350774452,lilimaheswara@hotmail.com,"Jl. Sadang Serang No. 74, Bau-Bau, Sulawesi Barat 21459",9957616267836524
3983,"Marwata Maryati, S.T.",M,1982-12-31,3401013112820898,+6281157346083,850546868003033,5363303566397413,"marwata.maryati,.s.t.@yahoo.co.id","Jalan Veteran No. 1, Tangerang, MU 82681",9958986886505297
3984,Salsabila Latupono,M,2002-09-01,3301010109023602,08592165529,64332347765,5235274605304434,salsabila.latupono732@outlook.com,"Jl. KH Amin Jasuta No. 57, Balikpapan, LA 17337",9991901034464783
3985,Baktiono Uyainah,F,1973-04-02,3303014204735229,+628598267857,39904558,5572618620407699,baktiono_uyainah892@yahoo.co.id,"Jl. Gedebage Selatan No. 8, Singkawang, Nusa Tenggara Barat 70160",9943082714885312
3986,Mitra Suryatmi,M,1960-06-18,3273011806600195,081429070626,92741611175313,5102070601724558,mitra_suryatmi153@ymail.com,"Gg. Pacuan Kuda No. 25, Palopo, AC 20659",9983462277075472
3987,dr. Sadina Wahyuni,F,1999-12-14,5101015412997514,085577890185,417752399,4582697234650045,dr..sadina.wahyuni@gmail.com,"Jl. Indragiri No. 5, Sungai Penuh, SU 15496",9930805501027612
3988,Johan Prakasa,F,1965-06-03,3601014306654198,085250449324,50611258652,5374166590161134,johan.prakasa785@outlook.com,"Gg. Gardujati No. 8, Depok, NB 49102",9980668714505714
3989,Lembah Palastri,F,1998-06-27,3501016706989266,081798061763,7488330425,4504708598801293,lembahpalastri86@yahoo.co.id,"Gg. PHH. Mustofa No. 99, Balikpapan, ST 54538",9947911088217122
3990,Chandra Permadi,M,1984-09-22,3173012209840151,083159682724,24245983009,6011276781465626,chandra.permadi644@hotmail.com,"Gg. BKR No. 9, Pasuruan, MA 82678",9929972024289280
3991,Irnanto Thamrin,F,1963-04-22,3204016204633836,+628563154484,7894048781,6011276252711167,irnantothamrin635@gmail.com,"Gg. Joyoboyo No. 1, Manado, JA 14692",9983240252756788
3992,R.A. Farhunnisa Utami,F,1986-08-06,3102014608864308,+6281281804112,50228525667,6011831316448907,r.a.farhunnisautami@ymail.com,"Gang S. Parman No. 23, Kota Administrasi Jakarta Barat, PB 85849",9977313083767640
3993,Rizki Uyainah,F,1984-08-19,3274015908846062,08773604458,841791540082,5592154577684675,rizki_uyainah@hotmail.com,"Gang Ahmad Dahlan No. 7, Prabumulih, SR 50745",9916104667460665
3994,Elma Sihombing,M,1960-06-01,3103010106600535,+6285208687315,4284089939409,4176524516096939,elma.sihombing@outlook.com,"Jalan Asia Afrika No. 0, Tual, KS 03527",9935854192443504
3995,Jaiman Usada,M,1972-09-27,3103012709725137,+628560734525,34805035956056,5153060041066497,jaiman_usada8@ymail.com,"Jl. Pelajar Pejuang No. 4, Tanjungpinang, Sumatera Selatan 60029",9916159276364094
3996,"Syahrini Uwais, S.I.Kom",M,1982-06-29,3271012906827868,083818065949,39157534,5302054974954761,"syahrini_uwais,_s.i.kom387@ymail.com","Gang Medokan Ayu No. 727, Bau-Bau, Jambi 88721",9961316400197262
3997,Mahdi Namaga,M,1981-05-16,6101011605811816,088257438827,54243139871,5488699807416754,mahdi.namaga@outlook.com,"Gg. Rungkut Industri No. 68, Kota Administrasi Jakarta Pusat, Sumatera Barat 93173",9928800791720601
3998,Cager Dabukke,F,1965-11-20,5102016011655818,+6283334993354,1854646751,5185343960490075,cagerdabukke100@outlook.com,"Jalan Rawamangun No. 743, Pekanbaru, PA 93287",9972667460061808
3999,Tira Prasasta,M,1995-05-11,3301011105953133,08789098145,969016358354937,5259676742554917,tira_prasasta@hotmail.com,"Gg. Asia Afrika No. 409, Manado, BT 45037",9961153008822985
4000,Amalia Sudiati,F,1998-12-29,7101016912982889,08971810175,35250109,4515072720074509,amaliasudiati697@hotmail.com,"Gg. H.J Maemunah No. 617, Bau-Bau, Papua 18822",9951456436847475
4001,drg. Anggabaya Hakim,M,2005-08-05,3401010508059661,+6285954986638,24012702282676,5160022904022240,drg..anggabaya.hakim602@ymail.com,"Gg. Suryakencana No. 399, Gorontalo, Jawa Tengah 98744",9970038033911270
4002,"R. Dalima Hastuti, S.Farm",F,1972-12-08,3203014812723665,+6285354388603,1783686730725,5476309742735004,"r..dalima.hastuti,.s.farm831@yahoo.co.id","Gang Abdul Muis No. 64, Sungai Penuh, Jawa Barat 70771",9960980487791222
4003,"Hairyanto Wulandari, M.Farm",M,1967-09-12,3273011209678699,089851220003,5017845385,5153926928520658,"hairyantowulandari,m.farm@gmail.com","Jl. Jend. Sudirman No. 9, Binjai, DKI Jakarta 05423",9949095563607816
4004,Marwata Marbun,M,2009-01-11,3172011101090836,08990651023,29089177586869,5123812210188547,marwata.marbun488@ymail.com,"Gang Pasteur No. 9, Mojokerto, RI 46550",9932154548573677
4005,Sakura Haryanto,M,1974-10-21,3271012110746293,08832400268,73441012,5511257878725022,sakuraharyanto@yahoo.co.id,"Jalan Sadang Serang No. 82, Surakarta, AC 11549",9982111155752159
4006,Shakila Wahyudin,M,2004-10-13,3203011310049819,085310138154,60772519824,5400816890217200,shakila.wahyudin496@gmail.com,"Gang Lembong No. 25, Sungai Penuh, Jawa Tengah 88032",9984708753176552
4007,Kairav Kuswandari,F,1977-12-17,3175015712776978,083874395828,2792870081634,5397305785607858,kairavkuswandari119@outlook.com,"Gang Kutisari Selatan No. 87, Gorontalo, NT 01889",9964151833709452
4008,"Puti Chelsea Habibi, M.Ak",M,1979-09-28,3103012809798623,085843484512,869871259437,4361524782680009,"putichelseahabibi,m.ak@gmail.com","Jl. Jamika No. 6, Tebingtinggi, NT 58189",9968254354162145
4009,Yuliana Hariyah,F,1999-11-19,3175015911999377,089955659317,13253138,4902299039533481,yuliana.hariyah481@gmail.com,"Jl. Pasirkoja No. 6, Subulussalam, Kalimantan Utara 51510",9995032243348169
4010,R.A. Hafshah Waskita,F,1997-03-03,3204014303975278,08524478727,456622700828,5587387724595377,r.a.hafshahwaskita12@gmail.com,"Jl. S. Parman No. 0, Probolinggo, AC 27274",9959426681586564
4011,Bajragin Maheswara,M,1978-06-18,3201011806783972,+6285331860121,960812247878,4902741356763992,bajragin.maheswara@hotmail.com,"Gang Moch. Toha No. 1, Bandar Lampung, Sumatera Selatan 85579",9984435070966721
4012,Satya Suartini,F,1990-02-19,3172015902905853,+6289930235349,30059676929,5515844547913062,satya_suartini@outlook.com,"Gg. Asia Afrika No. 476, Sawahlunto, Riau 84615",9947369290459315
4013,Balijan Salahudin,M,1988-06-01,3175010106880866,+628786568956,138912860775,5437807206736160,balijansalahudin117@ymail.com,"Jalan Erlangga No. 3, Kota Administrasi Jakarta Utara, KS 13875",9941851668391593
4014,R.A. Belinda Usada,F,1955-08-05,3274014508552100,+6289839703144,13928940121,5381331843390581,r.a._belinda_usada@gmail.com,"Gg. Merdeka No. 59, Bitung, Sulawesi Utara 72166",9962340640586263
4015,Tugiman Hutapea,F,2007-12-28,3701016812076741,08785544626,52240379275,5534245139328081,tugiman_hutapea920@yahoo.co.id,"Gang Kiaracondong No. 54, Singkawang, SU 80893",9959836212764622
4016,Ratih Tampubolon,M,1981-12-09,3401010912814056,08158588200,822330978862781,5443316911383109,ratih_tampubolon720@hotmail.com,"Jalan Yos Sudarso No. 5, Bima, MA 02703",9929375900077724
4017,Tina Waskita,F,1976-08-28,3402016808766076,+628983992144,1079528861,5215264436051148,tina_waskita@ymail.com,"Jalan Medokan Ayu No. 527, Depok, SB 43547",9930490298725079
4018,"Asman Lazuardi, S.Psi",F,1981-04-01,3204014104818987,+6282140259346,566702174,5150481339463534,"asmanlazuardi,s.psi@hotmail.com","Gg. PHH. Mustofa No. 6, Makassar, Sumatera Selatan 97847",9969478228639111
4019,"Silvia Waskita, S.Sos",F,1987-07-25,3203016507872307,+628784117513,6518073171543,4904611855872887,"silvia.waskita,.s.sos944@outlook.com","Gang Pasirkoja No. 03, Tarakan, KS 24891",9946384121072298
4020,"R. Nurul Saptono, S.E.I",M,1996-05-26,7101012605967802,08111806526,26671556,4416457425717265,"r..nurul.saptono,.s.e.i@hotmail.com","Gang Raya Ujungberung No. 58, Pariaman, KT 20416",9968551657142115
4021,R.A. Rachel Santoso,F,1982-08-15,3202015508826966,08229076433,238156723561925,5512970672170764,r.a.rachelsantoso@outlook.com,"Gg. Asia Afrika No. 89, Balikpapan, Papua Barat 67087",9920287484856154
4022,Embuh Dabukke,F,2008-07-09,3502014907086636,089652088323,71645805992,6011653053623212,embuhdabukke@yahoo.co.id,"Jl. Astana Anyar No. 9, Parepare, Kalimantan Tengah 85289",9913651957990261
4023,"dr. Nilam Dongoran, S.E.I",F,2000-08-03,3203014308009634,+6285275414064,7265660307,5204880043105262,"dr.nilamdongoran,s.e.i682@gmail.com","Jl. R.E Martadinata No. 571, Palopo, SB 17536",9995613427617201
4024,Paulin Wibowo,M,1967-06-18,3204011806671680,+628851219081,56948580713,5391538687287212,paulin.wibowo378@outlook.com,"Jalan Ahmad Dahlan No. 39, Prabumulih, Jawa Timur 98336",9990832133291942
4025,dr. Maida Kurniawan,F,1986-09-17,3701015709867772,08822231258,6689534814172,5103564424973867,dr.maidakurniawan@hotmail.com,"Jl. Kebonjati No. 564, Bau-Bau, MU 89748",9920368104834793
4026,"Drs. Mutia Simanjuntak, M.Pd",F,1963-03-30,3201017003635608,08218892578,41536030873363,5150814696554081,"drs..mutia.simanjuntak,.m.pd286@outlook.com","Jl. Otto Iskandardinata No. 0, Bekasi, Maluku Utara 32083",9939337489476941
4027,Sabar Waluyo,M,1993-02-12,3176011202931766,08991319278,1885893765671,5507113934517474,sabarwaluyo@ymail.com,"Gang Waringin No. 110, Banjarmasin, Lampung 61133",9989377700657035
4028,Kalim Pudjiastuti,M,1978-05-19,7101011905787528,083301062727,53489363231455,5128603859749625,kalim_pudjiastuti@ymail.com,"Jl. Soekarno Hatta No. 9, Parepare, GO 52630",9949841630937875
4029,"drg. Lili Susanti, M.TI.",M,1964-02-26,3172012602646423,088261848634,9524783918813,5427919707463242,"drg._lili_susanti,_m.ti.763@ymail.com","Gg. Laswi No. 9, Palangkaraya, Papua Barat 90913",9919847577154442
4030,Betania Manullang,F,1979-11-13,3602015311799158,081511981763,58444068,5545657305785740,betania.manullang847@hotmail.com,"Gang Otto Iskandardinata No. 73, Banjar, Kalimantan Barat 04730",9918187714504645
4031,Eluh Permata,F,1960-05-07,3101014705607757,081445484376,47242479,5315593640674419,eluhpermata501@outlook.com,"Jalan Pelajar Pejuang No. 833, Padangpanjang, Sulawesi Tenggara 07190",9910284736287220
4032,"Novi Prasetyo, S.T.",F,1961-02-12,5101015202610017,08539689885,147569597,5429381992428007,"novi.prasetyo,.s.t.@hotmail.com","Jl. Cikapayang No. 9, Prabumulih, Aceh 15174",9940693530549170
4033,"Drs. Johan Wasita, S.E.I",M,1990-12-22,3102012212904098,+628115163246,58913407,5144288946775047,"drs..johan.wasita,.s.e.i@outlook.com","Gang Ronggowarsito No. 643, Batam, Papua 35982",9946733038160608
4034,Taufan Mansur,F,2008-04-07,3201014704081530,088232625392,442988038,6011740861825941,taufanmansur640@ymail.com,"Gang Soekarno Hatta No. 517, Pasuruan, Sulawesi Tengah 34366",9994577566918701
4035,Maida Oktaviani,M,1988-12-31,3173013112885993,081569030950,546076889991618,5546964592916288,maida.oktaviani@gmail.com,"Jalan Lembong No. 504, Pekalongan, BE 52765",9983162291496751
4036,"dr. Anom Prayoga, S.Gz",M,1957-03-31,3204013103574570,089763013158,63111448335044,5538638476492298,"dr.anomprayoga,s.gz304@ymail.com","Gang Rungkut Industri No. 3, Kediri, JB 99194",9935776529750240
4037,"Gandi Laksita, S.Sos",F,2008-07-25,3272016507080049,088420099329,92913680987949,5526867435761758,"gandi_laksita,_s.sos6@hotmail.com","Jl. Kutisari Selatan No. 7, Cirebon, Kalimantan Utara 30619",9992691486807422
4038,"Dr. Tina Widiastuti, M.M.",F,1967-04-15,3271015504673248,08837754252,48189859,5187711095510147,"dr.tinawidiastuti,m.m.@yahoo.co.id","Gg. Jayawijaya No. 0, Purwokerto, Sulawesi Tenggara 66993",9984087120120520
4039,Asman Sitompul,M,1969-08-17,3203011708692389,08330524342,2381258184,4128087611676669,asman_sitompul@yahoo.co.id,"Jalan Pasirkoja No. 742, Subulussalam, ST 27171",9966171236705654
4040,"dr. Lalita Samosir, M.Pd",M,1965-08-02,3271010208655112,08774953258,48921816546,4293144249577402,"dr._lalita_samosir,_m.pd634@yahoo.co.id","Gg. Merdeka No. 48, Metro, JK 59088",9939588047811929
4041,Shakila Budiman,F,1989-01-24,3175016401892181,085920938317,46002332,5190262981307320,shakila.budiman680@hotmail.com,"Jalan Ahmad Dahlan No. 2, Mojokerto, Banten 53344",9978785674460098
4042,"Puti Ade Narpati, S.E.",M,1958-12-10,3203011012588042,083323592394,1306674968,5545285966296000,"puti.ade.narpati,.s.e.@outlook.com","Jl. Ciumbuleuit No. 09, Bukittinggi, Sumatera Utara 70997",9951456462218436
4043,Hesti Permadi,M,2005-04-02,3171010204051869,08388386219,6567522467,6011593996559810,hesti_permadi@gmail.com,"Jl. Antapani Lama No. 328, Cilegon, Jambi 40062",9986059283467749
4044,Jayadi Sihombing,M,1962-04-04,7101010404629458,082130749340,507563947,5268389459738417,jayadi_sihombing@gmail.com,"Gg. Pasteur No. 8, Kota Administrasi Jakarta Pusat, SG 90290",9957188190881870
4045,Jaiman Wacana,F,2001-11-22,3274016211015949,+628969652633,202786579,6011873409608086,jaimanwacana335@gmail.com,"Jalan Tebet Barat Dalam No. 2, Subulussalam, Jawa Timur 92782",9947672010165049
4046,Dr. Elisa Sitompul,M,1999-07-04,3701010407996229,08816816717,27151404303,6011897643859373,dr..elisa.sitompul423@outlook.com,"Gang Raya Setiabudhi No. 740, Tidore Kepulauan, Kalimantan Barat 84908",9928807597809891
4047,Faizah Megantara,M,1973-10-18,7101011810738160,081684401244,5896170357,5357020786555017,faizah.megantara640@outlook.com,"Jalan Gedebage Selatan No. 483, Palopo, Bengkulu 54573",9919896989727091
4048,H. Gambira Saputra,M,1969-06-11,3171011106698295,+6287896080661,855046889687673,5358358769481003,h.gambirasaputra@gmail.com,"Jl. Bangka Raya No. 16, Medan, Kalimantan Barat 08197",9959981521707484
4049,"Febi Usada, S.T.",F,1966-12-14,3175015412668088,+628983923172,503393746823,5583198340473929,"febi_usada,_s.t.543@hotmail.com","Jl. Pasir Koja No. 24, Sungai Penuh, BE 26738",9988388793988469
4050,Drs. Warsita Budiman,F,1990-03-24,3602016403901853,08973353760,72753028,5435043322600772,drs.warsitabudiman403@outlook.com,"Jl. Gedebage Selatan No. 8, Tanjungpinang, PB 95400",9970739104581513
4051,Rendy Mandala,F,1999-01-15,3303015501999889,089902549157,70995062501,5193416042634306,rendy_mandala@yahoo.co.id,"Gang Stasiun Wonokromo No. 6, Bima, Jawa Timur 05702",9948381789531425
4052,"Ajimat Zulaika, S.H.",M,1981-04-16,5101011604815045,081474766835,4142455198312,5351938458435380,"ajimat.zulaika,.s.h.654@hotmail.com","Jl. Otto Iskandardinata No. 390, Binjai, Bengkulu 09282",9986447328439956
4053,Dalimin Palastri,F,1961-04-12,3273015204613947,08174683318,735514284157757,5523237800644006,daliminpalastri@ymail.com,"Jalan PHH. Mustofa No. 789, Pagaralam, PA 01624",9931223325624249
4054,dr. Shania Utama,F,2001-12-08,3174014812012663,08179809193,511904256024,6011182715564921,dr.shaniautama@hotmail.com,"Jalan Joyoboyo No. 91, Surabaya, MA 20583",9951803759096887
4055,"Putri Pradana, M.Kom.",F,2006-04-14,3104015404065651,+6281512012588,93078529056,5250406551803365,"putri.pradana,.m.kom.@yahoo.co.id","Gang Rajawali Timur No. 96, Denpasar, Kepulauan Bangka Belitung 46604",9967097744660845
4056,Tgk. Oni Santoso,F,1981-06-02,3271014206814828,+628566592036,5978645505678,5249136257733755,tgk..oni.santoso@ymail.com,"Jl. Antapani Lama No. 431, Batam, Sulawesi Selatan 97067",9927167847100473
4057,Tantri Prasasta,M,1990-04-12,3602011204903000,08828335674,802901753,4839513052708003,tantriprasasta@gmail.com,"Jalan Kendalsari No. 508, Medan, Kepulauan Riau 33574",9970815802744433
4058,Yusuf Pudjiastuti,M,1959-04-02,3203010204597319,+628145315518,3964354273556,6011765731926203,yusuf_pudjiastuti839@yahoo.co.id,"Jalan R.E Martadinata No. 8, Mataram, DKI Jakarta 73990",9933220612677749
4059,Ratna Yolanda,F,1972-10-21,3203016110721353,088462577125,69509677,6011133355354314,ratna_yolanda@ymail.com,"Gang Jakarta No. 7, Purwokerto, Maluku 81628",9941096917424708
4060,Respati Napitupulu,F,1965-04-27,5102016704652940,+6281931841805,233507573130051,5503973409024596,respati.napitupulu488@ymail.com,"Jalan KH Amin Jasuta No. 19, Pangkalpinang, KS 93295",9918585310903341
4061,Tari Dabukke,M,2002-07-29,5102012907020895,089822102342,6190530868660,5276893662974885,tari.dabukke121@ymail.com,"Gang Moch. Toha No. 2, Purwokerto, KB 00626",9953188948487886
4062,Cinta Gunarto,F,1985-02-09,3171014902858949,08859804637,4933946585042,4406366071278134,cinta_gunarto@yahoo.co.id,"Gang BKR No. 7, Serang, SS 28674",9970029783273126
4063,Raden Safitri,M,1966-12-30,3402013012664169,081835663385,63692319131080,5520581456456155,raden_safitri@outlook.com,"Jalan Rajawali Timur No. 6, Manado, JI 58031",9952007703088386
4064,Lukita Sitorus,F,1997-07-30,3171017007977349,088222870115,8093778992,5562335497060023,lukita.sitorus277@yahoo.co.id,"Jl. Lembong No. 21, Tebingtinggi, Sumatera Selatan 75174",9973760486500504
4065,"R. Luluh Nashiruddin, S.Farm",M,1967-11-21,7101012111673107,+628186997801,54726765369,5454779949061659,"r..luluh.nashiruddin,.s.farm977@outlook.com","Jalan Dr. Djunjunan No. 57, Pagaralam, Papua 25866",9999499113464966
4066,Kairav Saptono,F,1955-05-18,5103015805551370,+6281288659794,115766566109325,5535473048031670,kairav.saptono541@outlook.com,"Gg. Abdul Muis No. 1, Pasuruan, MA 25486",9921708529102925
4067,"dr. Azalea Nuraini, S.I.Kom",M,1961-07-27,3203012707615039,08571124805,954366864,5343898123820262,"dr._azalea_nuraini,_s.i.kom@gmail.com","Jl. KH Amin Jasuta No. 0, Balikpapan, RI 54710",9915607250820234
4068,Paulin Hastuti,F,2007-12-26,3701016612077842,08569056144,5088972147476,5529122781830114,paulin_hastuti@gmail.com,"Jalan Laswi No. 194, Tanjungbalai, Sulawesi Tenggara 00366",9918222406751388
4069,Ibrahim Pranowo,F,2008-02-23,3402016302084844,+6283257100380,56708641231865,5143746100944090,ibrahim.pranowo670@hotmail.com,"Gg. Indragiri No. 56, Mojokerto, Nusa Tenggara Barat 99152",9912371301809006
4070,Elvina Kusmawati,M,1995-11-16,3602011611958571,08840585858,241594628399,6011043726305155,elvinakusmawati@hotmail.com,"Jl. Sukabumi No. 1, Dumai, RI 43162",9928675620322429
4071,Salman Prayoga,F,1967-02-25,3203016502673566,+628778114543,71299885,5359658165014504,salman.prayoga710@yahoo.co.id,"Gang Suryakencana No. 082, Lubuklinggau, Aceh 88883",9924460482886607
4072,Rika Waskita,F,1958-10-24,5101016410589498,08196768613,350864382,4852643562017968,rika.waskita308@gmail.com,"Gang R.E Martadinata No. 44, Surabaya, Jawa Tengah 91706",9979515296662793
4073,Luis Kusumo,F,1963-03-12,5101015203635344,081931968728,928643006,5129342581367522,luis.kusumo189@gmail.com,"Gg. Abdul Muis No. 200, Surabaya, BA 91542",9912332456698475
4074,Tira Mangunsong,M,1974-03-17,3103011703740363,+6285353078807,20270379353712,5400920779253560,tira_mangunsong@gmail.com,"Jl. Gardujati No. 597, Bau-Bau, Kalimantan Barat 42360",9966441023186647
4075,Lidya Lestari,M,1992-12-17,7301011712928258,+6281695161832,14003220,6011623724086894,lidyalestari@outlook.com,"Jl. Cihampelas No. 232, Serang, Maluku Utara 40934",9965651509180150
4076,Tina Melani,F,1967-08-05,3701014508675619,08198398231,3425839278,5557499109718460,tinamelani@ymail.com,"Jalan Lembong No. 665, Tangerang Selatan, KS 09038",9949683785827692
4077,Syahrini Sitompul,M,1991-08-10,3101011008913818,08192554832,522974745,5161475682239688,syahrini.sitompul@outlook.com,"Jalan Moch. Ramdan No. 28, Kediri, KS 43047",9920014535410675
4078,Jayeng Mansur,F,1960-01-29,6101016901604096,+6288350998163,69564718,5273440401097180,jayeng.mansur@yahoo.co.id,"Jl. Rungkut Industri No. 41, Salatiga, Jambi 11128",9982839784432574
4079,Zulfa Zulkarnain,M,1968-12-31,3502013112687164,088549788799,504589317,5526935201195534,zulfa.zulkarnain702@outlook.com,"Jl. HOS. Cokroaminoto No. 6, Bontang, Papua 37727",9979531495485194
4080,"Limar Ardianto, S.I.Kom",F,1976-08-08,3402014808769791,+628594276948,69083932,6011789111969752,"limar.ardianto,.s.i.kom@hotmail.com","Gg. Kapten Muslihat No. 3, Balikpapan, KT 46943",9911787700204930
4081,Intan Riyanti,M,1958-04-24,3102012404588594,083121576938,22170355782,4174055943064490,intanriyanti349@gmail.com,"Gang S. Parman No. 278, Tomohon, DI Yogyakarta 26995",9990949325794662
4082,Cut Zulfa Andriani,F,1959-12-25,3274016512591721,08566541828,9070826707061,5598724261615570,cut.zulfa.andriani@gmail.com,"Jalan Astana Anyar No. 20, Bandung, Sulawesi Selatan 71287",9971787094391156
4083,Darimin Widiastuti,M,1974-05-05,3204010505748447,+6281388793808,51318513217673,5220785481227385,dariminwidiastuti@ymail.com,"Jl. Kiaracondong No. 04, Payakumbuh, BB 14254",9970540745751208
4084,"Drs. Elvina Hasanah, S.IP",M,1995-02-16,3501011602955229,08580780582,51133625,6011350107488038,"drs._elvina_hasanah,_s.ip@yahoo.co.id","Gang Suniaraja No. 2, Salatiga, Sulawesi Selatan 58470",9920130297740342
4085,Bambang Halimah,F,1981-03-10,3701015003810269,08310286872,5428525023764,5149853413418802,bambanghalimah@outlook.com,"Gg. Merdeka No. 443, Sukabumi, SG 06395",9985878848195233
4086,Jatmiko Adriansyah,F,1988-09-28,3101016809888681,08587526470,877906797,5231101361323108,jatmikoadriansyah169@gmail.com,"Jalan Rawamangun No. 397, Madiun, Jambi 90933",9931679853162639
4087,dr. Mustofa Mulyani,M,2008-08-03,5103010308083865,+628826601032,446904450852731,5575160766949690,dr._mustofa_mulyani75@yahoo.co.id,"Gg. Sukajadi No. 3, Metro, Papua Barat 91890",9936629390887499
4088,Jais Adriansyah,F,1957-06-27,3201016706571190,089864376610,734661358037,5475339170386168,jaisadriansyah@outlook.com,"Jl. M.T Haryono No. 5, Kota Administrasi Jakarta Timur, YO 34860",9946208338042111
4089,Jaeman Laksita,F,1979-08-12,3273015208795162,08994993129,9129292311092,5354790276782340,jaeman_laksita@gmail.com,"Jalan Rajiman No. 5, Pekalongan, SN 47790",9946124590836021
4090,Bakianto Usamah,M,1997-05-20,3176012005973521,+6285770823226,589765828859630,5262277684132606,bakianto.usamah364@yahoo.co.id,"Gang Ciumbuleuit No. 1, Solok, Kalimantan Barat 17059",9969209443259696
4091,Keisha Rahmawati,F,2000-10-05,3271014510001923,082153063703,9666064630355,4036899162012927,keisharahmawati@gmail.com,"Gang Indragiri No. 93, Mojokerto, KR 33529",9961758507097876
4092,"Zamira Setiawan, S.Gz",F,1991-03-27,3104016703916675,08239019003,969549561,5203895151049034,"zamirasetiawan,s.gz312@yahoo.co.id","Gang Moch. Ramdan No. 421, Tebingtinggi, Kalimantan Utara 66518",9961739343599393
4093,Ir. Hamima Dongoran,M,2003-03-25,3202012503039732,+6289984924364,18237166,5252741365037199,ir._hamima_dongoran171@yahoo.co.id,"Jalan HOS. Cokroaminoto No. 8, Palangkaraya, Sumatera Selatan 83326",9918710873139174
4094,Ajimin Prasetyo,F,1963-09-29,7301016909630364,081906058734,641330850709792,5409078899904221,ajiminprasetyo780@gmail.com,"Jalan Ahmad Yani No. 551, Surakarta, KB 98362",9951499755277506
4095,"Ana Nasyiah, S.Pt",M,1966-10-04,5103010410665922,082300517929,78622188465305,5386419701183416,"ananasyiah,s.pt172@outlook.com","Jalan Ronggowarsito No. 12, Blitar, BE 41568",9924908565495827
4096,"Hj. Yuni Halim, M.Kom.",F,1992-05-03,3701014305927044,+6281891109713,24307967954,6011810243912166,"hj.yunihalim,m.kom.978@outlook.com","Gang Medokan Ayu No. 189, Meulaboh, Sulawesi Selatan 93674",9993031002367975
4097,"Heryanto Uwais, S.Farm",F,1958-03-31,3204017103582982,+6283152986005,880430325235839,4240888152393900,"heryantouwais,s.farm@yahoo.co.id","Jl. Indragiri No. 70, Langsa, Kalimantan Selatan 53417",9983676916995845
4098,Rahayu Nurdiyanti,M,1976-03-17,5103011703765571,087735099253,45211117156,5163222983396832,rahayu.nurdiyanti@hotmail.com,"Jalan Veteran No. 8, Serang, NT 09846",9978652960568124
4099,Waluyo Suryono,M,1992-12-07,3204010712926471,081624067835,282272631414493,5497597446827204,waluyo.suryono146@hotmail.com,"Gang Dr. Djunjunan No. 46, Sorong, KT 41901",9970533691592379
4100,Cemani Prastuti,M,1964-10-07,3204010710644531,+628839291775,8944940167223,6011923801627955,cemaniprastuti157@gmail.com,"Gg. Ir. H. Djuanda No. 748, Batam, Nusa Tenggara Barat 97205",9983645400314633
4101,Cawisono Hasanah,F,1975-12-30,3401017012757384,+6285813114663,6085945228885,4753123428260457,cawisono.hasanah26@gmail.com,"Jalan Rawamangun No. 00, Palu, Aceh 38880",9955559030854241
4102,"drg. Wisnu Prakasa, S.Kom",M,1978-05-14,3271011405789896,+6281221169743,1515831886,4542060667880728,"drg.wisnuprakasa,s.kom@yahoo.co.id","Gg. Jakarta No. 528, Manado, Gorontalo 69928",9974690008302249
4103,"Aisyah Dongoran, S.E.",F,1982-02-23,6101016302820280,08512487155,90151667316,5421194192818391,"aisyahdongoran,s.e.645@gmail.com","Jalan Pasteur No. 134, Tanjungbalai, Papua 63888",9951300475866789
4104,Johan Suryatmi,F,1995-12-16,5101015612952128,08510725706,145363952,5268765453070740,johan_suryatmi@yahoo.co.id,"Gg. Rawamangun No. 49, Binjai, YO 98166",9927030987684921
4105,Nyoman Palastri,F,1999-05-30,3273017005997023,08176603041,600931768467,5472744039253367,nyomanpalastri880@hotmail.com,"Jl. Rajawali Barat No. 14, Purwokerto, Lampung 11540",9914773912398208
4106,"Sutan Daliman Siregar, M.Ak",F,2004-03-25,3202016503045561,08852643482,20419069265,6011497879122895,"sutan.daliman.siregar,.m.ak86@hotmail.com","Gg. Cihampelas No. 53, Solok, SN 77186",9992191648141360
4107,Paulin Napitupulu,M,1986-10-21,3273012110869635,081933006514,287941067462108,4367458781557954,paulin_napitupulu@gmail.com,"Gang W.R. Supratman No. 609, Tegal, Jawa Tengah 45379",9963386726593237
4108,"Himawan Safitri, S.Farm",M,1975-04-08,3204010804751096,088255279259,89004788201443,5279463190835176,"himawan_safitri,_s.farm518@hotmail.com","Gg. Rungkut Industri No. 804, Palopo, Papua 03350",9932472951895260
4109,Ibun Winarno,F,1956-09-06,3701014609563574,+6285685353326,80211301051302,6011173255149237,ibunwinarno@outlook.com,"Jl. M.T Haryono No. 50, Sabang, KR 10689",9999453285883083
4110,Prayogo Hutagalung,F,2006-05-02,3602014205069200,+628231069605,325584451,5472495903843530,prayogo_hutagalung514@hotmail.com,"Gang Jakarta No. 101, Solok, LA 97513",9925052083354153
4111,Adikara Mandasari,F,1956-11-10,3102015011567973,08197068650,27175499,5393906545260785,adikara.mandasari903@gmail.com,"Gg. Kiaracondong No. 81, Banda Aceh, Nusa Tenggara Barat 27257",9924040684847780
4112,Victoria Natsir,F,1998-03-14,3103015403989290,+6287801731928,72132104,6011216340492630,victoria.natsir652@hotmail.com,"Gang Pacuan Kuda No. 12, Depok, NT 82434",9973009063960172
4113,Cakrabirawa Novitasari,F,1983-08-03,3501014308835118,081162389843,72559385768,6011463545238571,cakrabirawanovitasari@ymail.com,"Gang Jend. A. Yani No. 3, Cimahi, Kalimantan Utara 61350",9984794181330335
4114,Ir. Ozy Siregar,M,1962-12-03,3502010312623029,+628840617207,45704634,5213374130645650,ir._ozy_siregar@hotmail.com,"Gang Monginsidi No. 08, Mojokerto, KT 72989",9922181791600014
4115,Putu Situmorang,F,1984-11-17,3105015711841153,+6283111223521,58604249,5124547791748415,putu.situmorang503@yahoo.co.id,"Gg. Jend. Sudirman No. 2, Cirebon, ST 64316",9937568373848219
4116,"Ir. Kuncara Halim, S.Gz",M,1988-09-20,3274012009884530,088417949226,672997710540,4456928167984630,"ir._kuncara_halim,_s.gz784@hotmail.com","Jl. W.R. Supratman No. 201, Bontang, GO 58472",9928415338108238
4117,Yessi Saragih,M,1967-12-24,3402012412675410,+628521332260,5894836335,5470971698250735,yessi.saragih455@gmail.com,"Jalan Gegerkalong Hilir No. 509, Jambi, PA 81374",9980520078043408
4118,"Puti Ilsa Hutapea, S.Psi",F,1965-01-07,3204014701656181,+6283145681642,622971254239,6011798638479854,"puti_ilsa_hutapea,_s.psi517@ymail.com","Jalan Gedebage Selatan No. 460, Solok, JI 11044",9985248109686230
4119,Uli Winarsih,F,1994-07-29,3172016907945205,08989397613,80655925,5526704943880460,uli.winarsih408@gmail.com,"Gang Kiaracondong No. 05, Bau-Bau, KI 81945",9934002296256441
4120,Yessi Rajasa,F,1979-10-02,3101014210790621,08557930943,39971699,5104209932979443,yessi_rajasa973@ymail.com,"Gg. Soekarno Hatta No. 9, Blitar, MU 05524",9917780248965493
4121,Karja Laksita,M,1958-11-29,3203012911588943,085141564706,35166768280,5186952368538280,karja.laksita472@yahoo.co.id,"Jalan Kendalsari No. 2, Solok, Kalimantan Selatan 66297",9926991539222705
4122,"Ida Puspasari, S.H.",M,1963-10-30,3102013010632392,081140462851,315222034,4613958825712891,"idapuspasari,s.h.@gmail.com","Gang Erlangga No. 634, Magelang, AC 23097",9918552540572236
4123,drg. Silvia Hasanah,F,2006-01-23,3271016301069877,085987642495,96993337,5405678493720922,drg._silvia_hasanah@hotmail.com,"Jalan Joyoboyo No. 2, Solok, Bali 06209",9943936227407799
4124,"R.A. Wirda Suryono, S.IP",F,1989-09-15,7301015509893067,081385017470,3163621881023,5347886024166982,"r.a..wirda.suryono,.s.ip663@yahoo.co.id","Jl. Dr. Djunjunan No. 3, Ternate, Jambi 32633",9979490243664819
4125,dr. Kamidin Salahudin,M,1987-06-28,6101012806870375,08780948852,97949066928,5495430555340679,dr._kamidin_salahudin261@ymail.com,"Gang Ronggowarsito No. 481, Tangerang Selatan, KU 22190",9984631162205785
4126,"Vera Wahyuni, S.Sos",M,1968-12-06,3104010612681253,+628831421610,186440172894225,5242250086435825,"verawahyuni,s.sos@yahoo.co.id","Jalan Pasteur No. 644, Tebingtinggi, Papua Barat 42110",9930938280839373
4127,Latif Suryatmi,M,1977-05-13,3502011305774675,081565663827,2230386491,5546509395200327,latif_suryatmi658@outlook.com,"Jl. Moch. Ramdan No. 615, Sorong, Sulawesi Tenggara 04044",9990721903585161
4128,Vanya Wacana,M,2005-06-04,3201010406055978,08968844941,39632040,5263562183794708,vanyawacana@hotmail.com,"Gg. BKR No. 449, Samarinda, Banten 73580",9964745948902395
4129,Carla Astuti,M,1973-02-27,3176012702730745,081158197259,82822690,6011966952181042,carlaastuti930@yahoo.co.id,"Gg. Setiabudhi No. 069, Bima, Nusa Tenggara Barat 90050",9992242368760517
4130,"Novi Suwarno, M.TI.",M,1993-05-28,5101012805937653,+6285779435586,7351706016528,5559294081578052,"novi.suwarno,.m.ti.@outlook.com","Jl. Tebet Barat Dalam No. 3, Kendari, Kalimantan Utara 58130",9990448872709472
4131,"R. Clara Haryanti, S.Ked",F,1992-06-25,3174016506928700,+628221841592,27092017763823,5150740874923498,"r..clara.haryanti,.s.ked@gmail.com","Gang Cikutra Timur No. 1, Kota Administrasi Jakarta Pusat, JA 29061",9971935242770075
4132,Puti Yance Palastri,F,2003-10-02,5101014210038705,08333262860,4625126978,5534685017811026,putiyancepalastri416@hotmail.com,"Jalan Cikutra Barat No. 70, Mojokerto, PB 02589",9982723632762778
4133,Jaswadi Jailani,M,1961-11-05,3201010511619644,088173824608,549681991,5351294201025459,jaswadi.jailani@gmail.com,"Jl. Suniaraja No. 5, Prabumulih, YO 52894",9932102268175896
4134,"Hj. Shakila Puspasari, S.Farm",F,1958-08-06,3303014608584161,08579779911,81212325620986,6011970087204632,"hj..shakila.puspasari,.s.farm642@ymail.com","Gang Gegerkalong Hilir No. 5, Palu, Papua Barat 87905",9979222587251576
4135,Dewi Hutapea,M,2003-10-28,5101012810033094,08534113323,429915587187243,5187909605289180,dewihutapea@gmail.com,"Jl. Setiabudhi No. 405, Yogyakarta, MA 69969",9962872034198798
4136,Dr. Laras Maryati,M,1997-10-11,3175011110973458,08320578406,20152455,5135247456744169,dr..laras.maryati@ymail.com,"Gg. Stasiun Wonokromo No. 816, Kota Administrasi Jakarta Selatan, JA 79640",9914219259397640
4137,Dr. Azalea Pranowo,M,1970-11-15,3101011511704951,08974223576,168061928737,6011341694532122,dr._azalea_pranowo@ymail.com,"Jl. Moch. Toha No. 115, Pasuruan, Sulawesi Utara 18307",9967293724967851
4138,Cut Ophelia Najmudin,M,1982-08-18,7301011808821930,08788563455,70419472914087,4796520617550470,cut_ophelia_najmudin215@yahoo.co.id,"Jalan Wonoayu No. 32, Bitung, KS 22393",9984191592410186
4139,Anastasia Prayoga,F,1990-04-15,3103015504902944,081796378206,82551921192100,4840305146618903,anastasiaprayoga314@hotmail.com,"Jl. Kiaracondong No. 4, Pasuruan, JI 81219",9922868574999457
4140,"Narji Sihotang, M.Kom.",F,1976-04-09,6101014904761694,088155324198,895046319315,4493450650248280,"narji_sihotang,_m.kom.225@outlook.com","Gg. Kapten Muslihat No. 96, Tangerang, Papua Barat 07664",9917740922721722
4141,Empluk Pranowo,M,1981-05-25,7301012505816323,081970366531,83199799,5150570069353328,empluk.pranowo@outlook.com,"Gg. Ahmad Dahlan No. 49, Makassar, GO 79800",9915629450687358
4142,Sutan Cakrajiya Anggraini,F,1972-02-25,3171016502728775,08145029506,87838985084258,5273418389280075,sutancakrajiyaanggraini45@hotmail.com,"Jalan Bangka Raya No. 017, Tasikmalaya, JK 95927",9980063194710952
4143,Tirta Pradipta,M,1985-02-15,3105011502854596,08568651524,3203512401,5241446627340845,tirta.pradipta@yahoo.co.id,"Jalan Pasirkoja No. 11, Tanjungpinang, DI Yogyakarta 65151",9962476044564189
4144,Wardi Narpati,M,1966-11-30,3303013011665632,+628330944511,186189023,5386644606819899,wardi.narpati662@hotmail.com,"Jl. Sukabumi No. 88, Kota Administrasi Jakarta Utara, Papua Barat 52048",9919105319858546
4145,Dalima Wibowo,M,1984-08-20,3601012008848757,08337373750,35303482,5431076145763207,dalima_wibowo6@hotmail.com,"Gg. Dipatiukur No. 86, Bandung, MA 18829",9911587413374047
4146,"Jarwa Nasyidah, S.Ked",M,1988-03-14,3204011403882732,081485543864,5622573962636,5356559070667487,"jarwa_nasyidah,_s.ked@yahoo.co.id","Jalan Siliwangi No. 58, Surabaya, SN 87001",9999442402190309
4147,Iriana Hidayat,F,2008-02-26,3401016602088691,081954987113,3551818154279,5263084627279958,iriana.hidayat@outlook.com,"Jl. Veteran No. 576, Kendari, Riau 72598",9932110851304791
4148,Puji Saputra,M,1999-07-30,3101013007992834,+628839165103,159531571459,6011151150198094,puji_saputra603@outlook.com,"Jl. Monginsidi No. 8, Gorontalo, Maluku Utara 14301",9996454836071767
4149,"Drs. Dwi Nugroho, S.Sos",F,1989-09-09,3402014909898810,+6288491237092,8114189189,5252628333672532,"drs.dwinugroho,s.sos27@gmail.com","Jalan Jakarta No. 15, Bekasi, BT 30804",9925198889590346
4150,Anom Firgantoro,M,1972-07-08,3174010807722225,081710797111,77388360371,5345259511165991,anom.firgantoro779@gmail.com,"Gg. Cihampelas No. 47, Serang, DKI Jakarta 13595",9930272633450797
4151,T. Hendri Prastuti,F,1958-11-08,3502014811587824,081135997972,60987231,5115541486443977,t._hendri_prastuti1@hotmail.com,"Gg. Waringin No. 271, Pasuruan, Jawa Timur 19878",9959080282600227
4152,"R.A. Gina Prabowo, S.Gz",F,2000-09-28,3175016809004246,08826387736,6159681130792,6011898583424571,"r.a.ginaprabowo,s.gz735@outlook.com","Gang Suniaraja No. 355, Tarakan, JB 22796",9939741650224480
4153,Mutia Widiastuti,M,1960-07-28,3502012807607333,+628222086659,5071742842815,5243168032877315,mutiawidiastuti@yahoo.co.id,"Jl. Jayawijaya No. 855, Palopo, Kalimantan Barat 88983",9965740725617536
4154,"Calista Iswahyudi, M.Farm",F,1967-03-08,3602014803677968,08185005600,76991343447894,5237818716460679,"calistaiswahyudi,m.farm@ymail.com","Gang BKR No. 25, Kota Administrasi Jakarta Pusat, BA 05643",9955350587931163
4155,Cut Alika Melani,F,2004-06-03,6101014306045025,+628383201162,788100847,5479612683040676,cutalikamelani487@yahoo.co.id,"Gg. Yos Sudarso No. 2, Madiun, AC 36229",9918456929455968
4156,Sakti Marpaung,M,1984-03-12,3104011203841014,08193245841,306945195567457,5248947050793930,saktimarpaung601@yahoo.co.id,"Jalan Monginsidi No. 53, Blitar, KS 84842",9988680819485803
4157,Tgk. Cornelia Novitasari,F,2008-09-21,3203016109088308,08533065604,928140131303,4522612827728667,tgk._cornelia_novitasari@hotmail.com,"Gang Jamika No. 424, Tegal, SB 27313",9980356789672908
4158,"Ir. Elisa Irawan, S.IP",F,2003-12-10,3102015012032763,08566896999,143823886,5339814107045842,"ir._elisa_irawan,_s.ip@ymail.com","Jl. Erlangga No. 38, Yogyakarta, Sulawesi Tenggara 90321",9940702012967563
4159,Dewi Simanjuntak,F,1990-10-15,3401015510905018,08831548406,225601798600,6011289504922330,dewi.simanjuntak566@hotmail.com,"Jalan Kebonjati No. 61, Palu, JB 78765",9927999316818876
4160,"Rachel Lestari, S.H.",F,2007-03-09,3271014903071993,08125496412,602580754562502,5220926531950442,"rachel.lestari,.s.h.@gmail.com","Jalan Soekarno Hatta No. 7, Malang, Bali 11925",9965106541589747
4161,"Tgk. Kajen Wijayanti, S.Kom",F,1955-10-12,3201015210551648,08229538708,336256920412042,5353051460212774,"tgk..kajen.wijayanti,.s.kom43@ymail.com","Jalan Erlangga No. 245, Sungai Penuh, JT 74693",9977991351747002
4162,Fitriani Nugroho,M,2007-02-20,3174012002076834,+6281244126741,423879034,6011438864578013,fitriani.nugroho@hotmail.com,"Gg. Jend. A. Yani No. 302, Gorontalo, Kalimantan Barat 04484",9956668339091274
4163,Adinata Saputra,M,1955-09-19,3501011909558456,082129786206,82044206031564,5549226848161827,adinata_saputra@ymail.com,"Gang Pelajar Pejuang No. 22, Tebingtinggi, JB 72724",9924263450763396
4164,Eluh Hastuti,M,1996-12-18,3176011812969970,08839111624,624304303808051,5116353342716879,eluh.hastuti@ymail.com,"Gg. Jayawijaya No. 4, Kendari, SB 28255",9995181253603907
4165,Wirda Puspita,F,1986-01-22,3175016201869503,+628322354114,17330056066271,6011609509220885,wirda.puspita877@ymail.com,"Gang Joyoboyo No. 55, Palangkaraya, BB 30087",9940820336563700
4166,Dalima Prasetya,F,1960-03-31,3173017103600429,08983713696,931664604,6011236119274111,dalimaprasetya613@outlook.com,"Jalan Dr. Djunjunan No. 2, Tidore Kepulauan, KR 49566",9995526877910828
4167,Lalita Agustina,F,1991-06-22,3104016206914181,082118349907,126340963283,5151499746421824,lalitaagustina863@ymail.com,"Gg. W.R. Supratman No. 2, Tegal, Maluku Utara 30961",9933777555324707
4168,Jagaraga Prasetyo,M,2001-03-24,3201012403014645,+6285855343360,4822343524,4964646791469546,jagaraga.prasetyo377@gmail.com,"Gang Wonoayu No. 18, Tanjungbalai, MA 65495",9961008947758397
4169,Gading Halimah,F,1967-04-01,3101014104676304,08125630706,3409512058,5360219283519881,gading.halimah@hotmail.com,"Jalan Rumah Sakit No. 7, Kota Administrasi Jakarta Timur, JA 02229",9944547281363936
4170,"Puji Wahyudin, M.Pd",F,1972-12-28,3301016812729901,08976924822,91538648,6011004840281346,"puji.wahyudin,.m.pd@ymail.com","Jl. Sukabumi No. 5, Ambon, SU 49087",9965850072195154
4171,Puti Yessi Wahyudin,F,1978-01-01,5103014101788328,081811025956,54003311058284,5246871439849176,putiyessiwahyudin307@yahoo.co.id,"Jl. Rajawali Barat No. 8, Yogyakarta, BT 26782",9930798284476860
4172,Cut Uchita Suartini,F,1963-11-25,3175016511635668,08177538356,737434142,5484984328563498,cut_uchita_suartini141@ymail.com,"Gg. Pasteur No. 7, Palu, Maluku Utara 28155",9962041591854390
4173,Fitria Uyainah,M,1959-05-23,5102012305591684,083839066500,76004495362387,5507480167995556,fitria.uyainah@ymail.com,"Jalan Kutai No. 5, Bandung, KR 01604",9936824673325678
4174,Zamira Pradana,M,1962-09-24,7102012409620432,+628187728056,83955569648,5199584830040378,zamira.pradana580@ymail.com,"Jalan Joyoboyo No. 4, Sorong, SU 85760",9923729106670716
4175,"Yoga Sinaga, M.Kom.",F,1975-03-31,3273017103758833,08995346742,38227800977318,5315529703525479,"yoga.sinaga,.m.kom.@ymail.com","Jalan Wonoayu No. 918, Solok, BB 54846",9991118344249562
4176,Laksana Hutapea,M,1994-06-01,3102010106947274,081612906212,12496781,5463038276906743,laksanahutapea@yahoo.co.id,"Gg. R.E Martadinata No. 076, Tangerang, Aceh 42602",9920829273320209
4177,Dian Lazuardi,F,1995-10-07,3303014710952299,+628239738603,86562330494,5400449444312152,dian_lazuardi@ymail.com,"Gg. Kendalsari No. 27, Kota Administrasi Jakarta Barat, Sulawesi Barat 85070",9941214751105635
4178,"Ilsa Mandala, S.E.",F,1958-10-23,3502016310588523,082275492717,93465575242,6011758634350980,"ilsa_mandala,_s.e.877@outlook.com","Jalan Pelajar Pejuang No. 05, Tebingtinggi, Jambi 62080",9981664838372258
4179,Martaka Jailani,F,1963-06-17,3602015706633028,08553525597,921997249,5509596028086744,martaka.jailani@gmail.com,"Jl. Siliwangi No. 8, Tanjungbalai, Banten 96022",9956400653661756
4180,R. Silvia Dabukke,M,1972-02-17,3204011702722434,081647548952,567400424142977,6011024115632407,r.silviadabukke@gmail.com,"Gang Jamika No. 17, Pematangsiantar, Jawa Barat 02612",9950278447430268
4181,Pranata Farida,F,1975-05-24,3271016405755957,089632898286,494608829194,5194860875897257,pranata.farida@gmail.com,"Gg. Cihampelas No. 718, Balikpapan, JA 08495",9957551759903652
4182,Ani Anggriawan,M,1963-02-14,3105011402635611,+6285514104796,35397415,5248520685002105,anianggriawan@hotmail.com,"Jl. Pelajar Pejuang No. 5, Meulaboh, Lampung 78979",9955941430899664
4183,"Umi Widiastuti, M.Farm",M,1963-08-01,3701010108636641,08153587493,6142251352849,5305578291611783,"umi_widiastuti,_m.farm@outlook.com","Jalan Tubagus Ismail No. 4, Metro, Riau 26631",9992973945475866
4184,Lembah Farida,F,1982-11-28,6101016811827667,08176718486,6929247242,4069910893459781,lembahfarida500@yahoo.co.id,"Gg. Soekarno Hatta No. 4, Bekasi, RI 26357",9955896625726736
4185,Talia Melani,F,1997-07-07,3303014707976156,081209403610,367237810,5180657337135050,talia.melani588@outlook.com,"Gg. Astana Anyar No. 41, Prabumulih, KS 14214",9983341941968068
4186,"Dasa Maryati, S.Gz",M,1980-06-14,3272011406803947,+6281160750547,29582497529870,4099052328768315,"dasa_maryati,_s.gz422@ymail.com","Jalan Raya Ujungberung No. 44, Cimahi, Sumatera Barat 12432",9960845536354016
4187,"dr. Paris Rahayu, S.E.",M,2008-11-20,3204012011082690,08168073977,876100030791,5156840321921354,"dr.parisrahayu,s.e.@ymail.com","Gg. Suryakencana No. 661, Metro, Sulawesi Tenggara 34852",9962732058979534
4188,Silvia Maulana,M,2003-01-07,3301010701036437,+6281863014134,894045465076,5518818957172332,silvia_maulana@hotmail.com,"Jl. Jakarta No. 132, Ternate, RI 59652",9995926050869492
4189,Jaswadi Lestari,M,1959-05-19,5101011905598657,087885015140,12755489735769,5419382815904735,jaswadi_lestari@yahoo.co.id,"Jl. Cikutra Barat No. 93, Kota Administrasi Jakarta Barat, Bengkulu 41670",9912062364051567
4190,Gada Pratiwi,F,1964-02-14,3501015402642481,089608889888,746993431974,5574668484210585,gadapratiwi377@hotmail.com,"Jalan Pelajar Pejuang No. 107, Surakarta, Jawa Barat 02109",9920034900302466
4191,Restu Pratama,F,1984-09-21,3171016109840535,+6288309404931,72295948,6011894461030375,restupratama@outlook.com,"Gg. Kiaracondong No. 2, Kota Administrasi Jakarta Barat, Papua 94118",9927816429402108
4192,"drg. Cakrabirawa Hastuti, S.T.",F,2000-05-26,3602016605001465,+628327392685,45735879,5128165086313006,"drg._cakrabirawa_hastuti,_s.t.778@yahoo.co.id","Jl. Rawamangun No. 61, Palangkaraya, Kalimantan Selatan 15969",9968760473667463
4193,"Gatra Sihombing, M.Ak",M,1998-06-02,3273010206988772,+6289977932168,726546598972,5470269338332982,"gatrasihombing,m.ak777@outlook.com","Gg. Sadang Serang No. 63, Bitung, Sulawesi Selatan 53164",9918210128184385
4194,Nalar Pranowo,F,1956-10-05,3601014510566429,+628837505314,542796953672651,4979880387501323,nalar_pranowo682@ymail.com,"Jl. Pasteur No. 74, Tangerang, JB 03779",9975821575180162
4195,"dr. Hana Mangunsong, S.Psi",F,1996-01-14,3105015401968935,08173341602,951059279,4226861864719239,"dr.hanamangunsong,s.psi@ymail.com","Jalan Gegerkalong Hilir No. 77, Bengkulu, Sulawesi Tenggara 28782",9947437926626877
4196,Ajeng Hardiansyah,F,1996-08-20,3102016008965993,08325556223,8216772605,5414460292102314,ajeng_hardiansyah42@ymail.com,"Jl. Soekarno Hatta No. 83, Padangpanjang, Jawa Timur 39671",9986797534898280
4197,Yono Maulana,M,1984-11-28,3172012811840654,+6285741324642,26733259375360,5277937632015590,yonomaulana843@outlook.com,"Jl. Ir. H. Djuanda No. 559, Denpasar, Jawa Tengah 93159",9954818138097411
4198,"Mahfud Hutapea, S.Gz",M,1993-05-28,3701012805933317,081643205945,80078621162211,5515151873243827,"mahfud.hutapea,.s.gz@hotmail.com","Jalan Suryakencana No. 97, Cilegon, SS 08918",9917868551199229
4199,Ajeng Maryati,M,1992-09-13,7101011309929577,+628577171112,9855637965162,5124056104331747,ajeng.maryati766@yahoo.co.id,"Jl. Merdeka No. 8, Bengkulu, KI 03609",9930002154979539
4200,Darsirah Lailasari,F,1976-07-23,3171016307760130,08536988926,1362132967,4867361900906436,darsirahlailasari498@ymail.com,"Jl. Surapati No. 0, Blitar, SS 79344",9986308722138452
4201,Rachel Waluyo,F,1997-12-28,3272016812975684,085584166358,437724427318202,4317598531643492,rachel.waluyo381@hotmail.com,"Jl. Lembong No. 937, Kota Administrasi Jakarta Timur, Kepulauan Riau 00791",9933412779340428
4202,Rini Narpati,F,2002-10-02,3501014210021389,+628591878794,79619570257936,5465274874494153,rininarpati@hotmail.com,"Jl. Jend. Sudirman No. 30, Samarinda, Sumatera Barat 55014",9924777985454557
4203,Gawati Adriansyah,F,2005-02-02,3173014202054513,08970642063,96767096862,5599876762505850,gawati.adriansyah@yahoo.co.id,"Gg. Rajiman No. 512, Banjarmasin, Sulawesi Utara 35354",9995729978250358
4204,Panca Prayoga,F,1992-01-21,3201016101929490,+6281695620866,229486558115,6011202740667878,panca_prayoga@outlook.com,"Gg. Sentot Alibasa No. 84, Blitar, KB 42491",9936445092501914
4205,Tgk. Sabri Safitri,F,1969-09-24,3176016409699244,081809402399,1251224209,5432021737188621,tgk.sabrisafitri393@gmail.com,"Gang Raya Ujungberung No. 8, Kota Administrasi Jakarta Pusat, ST 98930",9960839793338148
4206,Devi Nugroho,M,1959-09-26,3202012609596450,088169784692,21218051174,6011599137627733,devi.nugroho985@yahoo.co.id,"Jalan Sukabumi No. 811, Banda Aceh, ST 68923",9924648594604895
4207,"R. Umar Laksita, S.IP",F,1963-01-14,5102015401637673,+628533935448,529512029834,4227463356027233,"r.umarlaksita,s.ip@gmail.com","Gang Raya Setiabudhi No. 015, Banjarmasin, Nusa Tenggara Barat 70143",9998829124193596
4208,"Cut Dalima Handayani, S.Sos",M,1999-09-05,3302010509993665,08121355825,57981734,4231949592474200,"cutdalimahandayani,s.sos@hotmail.com","Gg. Pelajar Pejuang No. 428, Blitar, BB 00954",9950122855034575
4209,KH. Umaya Sihombing,F,1959-08-13,3173015308592260,083101163956,1297775761,4740591432410127,kh._umaya_sihombing@outlook.com,"Gang Suniaraja No. 26, Tebingtinggi, Kalimantan Timur 13256",9956831126431997
4210,Tasnim Natsir,M,1999-10-04,3272010410995232,08148891131,918143606350191,5317131876735457,tasnim_natsir510@yahoo.co.id,"Gg. Antapani Lama No. 5, Bengkulu, SN 97729",9937471445617615
4211,Muni Andriani,M,1958-12-04,3204010412587219,+628821338067,37040730817,4783200579025820,muni.andriani742@ymail.com,"Jalan Erlangga No. 64, Sorong, Sumatera Selatan 07952",9943775451585054
4212,Jessica Halimah,M,2007-12-30,5103013012075050,+628337673251,81685342,5565225583632347,jessicahalimah323@gmail.com,"Gang Jayawijaya No. 3, Bau-Bau, Maluku Utara 03763",9982561433200667
4213,Indah Mayasari,M,1991-11-26,3101012611919850,+6285952603816,328232471742359,6011873172600765,indah_mayasari102@yahoo.co.id,"Gang Merdeka No. 218, Palu, Jawa Tengah 96734",9926300501064699
4214,Fitriani Yuliarti,F,1991-02-10,3102015002912571,081378879611,183401383,6011461050013343,fitriani_yuliarti872@hotmail.com,"Jalan W.R. Supratman No. 4, Tegal, Nusa Tenggara Barat 09157",9987240626242243
4215,Ika Jailani,F,1994-08-02,7102014208940996,083182951716,381341660,5234106192187977,ikajailani@outlook.com,"Jalan Kapten Muslihat No. 28, Kediri, KR 82097",9951807852557623
4216,Dian Mangunsong,M,1983-08-28,3202012808836251,+6281965070207,8382918382708,6011360631299178,dian_mangunsong598@hotmail.com,"Gg. Jend. Sudirman No. 132, Prabumulih, Sumatera Barat 32598",9931710900755655
4217,Anastasia Suryatmi,M,1989-06-30,3303013006891515,08529149612,550413983159,5505747025314367,anastasiasuryatmi@outlook.com,"Gang R.E Martadinata No. 98, Langsa, Kepulauan Bangka Belitung 28019",9967435717812641
4218,Lasmanto Suryono,F,1969-01-16,7102015601696805,+628585871051,43231871974,4778733574002478,lasmantosuryono@yahoo.co.id,"Gang Kutai No. 171, Tual, LA 95053",9988726257122128
4219,"drg. Dian Permadi, S.Farm",F,1992-02-25,3171016502924206,087851746712,61800126236,5133205125344524,"drg.dianpermadi,s.farm@yahoo.co.id","Jalan Bangka Raya No. 740, Pekalongan, Maluku Utara 46521",9957601236927430
4220,Dalima Suwarno,M,1972-12-13,7301011312720993,08985368493,953682231295019,5241824751983758,dalimasuwarno608@gmail.com,"Gang Pelajar Pejuang No. 43, Tangerang Selatan, KT 70046",9913312404338191
4221,Najib Tarihoran,M,1977-04-28,3176012804772969,08772256524,10512710576638,4294305578293053,najib_tarihoran379@hotmail.com,"Jalan HOS. Cokroaminoto No. 71, Banda Aceh, Nusa Tenggara Barat 06409",9973101416624606
4222,Hj. Cindy Hartati,F,2008-06-12,3602015206087952,08389686169,24580062382866,5546319459624864,hj.cindyhartati@ymail.com,"Jalan Raya Setiabudhi No. 89, Tarakan, Bali 11409",9939047354301248
4223,Wulan Nasyidah,M,1959-11-12,6101011211599664,+6282354855654,91653009933,5226549204631232,wulannasyidah474@hotmail.com,"Jalan M.T Haryono No. 399, Ambon, Lampung 56327",9973097985059004
4224,Halim Hidayat,M,1980-08-14,5103011408801522,+628148450361,4404033861,5167578673654677,halim.hidayat@gmail.com,"Gang HOS. Cokroaminoto No. 76, Malang, Kalimantan Barat 43797",9937962402700777
4225,"KH. Lega Lestari, S.Psi",M,2004-12-15,3102011512049999,08189335398,850839799807445,5458196618350629,"kh._lega_lestari,_s.psi@outlook.com","Jalan Dipenogoro No. 19, Padangpanjang, Sumatera Utara 95982",9926345133050095
4226,Gasti Saragih,F,2001-05-11,3102015105019932,082199429441,6609120923331,4956258122589786,gastisaragih@yahoo.co.id,"Gg. Lembong No. 54, Kota Administrasi Jakarta Utara, NB 14101",9943478240079727
4227,Drs. Malika Yuniar,M,1955-07-31,3172013107559472,08317094764,38698799280623,5494259362188239,drs.malikayuniar481@yahoo.co.id,"Gg. Wonoayu No. 71, Payakumbuh, Kalimantan Selatan 66695",9941032651717666
4228,"Sidiq Suryatmi, M.TI.",M,1996-08-16,3273011608960486,+6285766196659,1007262098,5318206944610399,"sidiqsuryatmi,m.ti.872@hotmail.com","Jalan Kebonjati No. 4, Ternate, Kalimantan Timur 25497",9930374463206550
4229,Cinta Sihombing,F,1957-09-05,3173014509578078,08313526727,163237538826,5592832759385207,cinta.sihombing@yahoo.co.id,"Gang Cikutra Barat No. 286, Kota Administrasi Jakarta Pusat, GO 07319",9913676099419630
4230,Tgk. Arsipatra Saputra,F,2005-01-30,3103017001055162,089770021888,53470224,5278362382850020,tgk._arsipatra_saputra@gmail.com,"Gang Sukajadi No. 6, Denpasar, JI 08287",9925054673202178
4231,"R.M. Ilyas Uyainah, S.Pd",F,1994-09-26,3273016609940831,089920416050,379956988257,6011522386596888,"r.m..ilyas.uyainah,.s.pd436@yahoo.co.id","Gang Cihampelas No. 8, Bandung, Kepulauan Bangka Belitung 91607",9938178867575572
4232,Rusman Maryadi,M,1993-02-09,3172010902937355,+6281628228657,3900771773220,4038867594133215,rusman.maryadi@ymail.com,"Gang Kebonjati No. 050, Bandung, KR 65960",9922746618184207
4233,Jessica Setiawan,M,1999-03-04,3273010403993457,08994594825,444107968,5165673320951290,jessica.setiawan613@hotmail.com,"Jl. Lembong No. 606, Depok, MA 29693",9937705752912229
4234,Saka Sitompul,M,1963-09-18,7301011809634410,082190596013,5781025788,5542380824572766,sakasitompul@ymail.com,"Jalan Cihampelas No. 0, Kota Administrasi Jakarta Timur, Jambi 64909",9929017739629050
4235,"Elvina Uwais, S.Pd",F,1968-09-29,3104016909684116,08169954604,315123880961,5122215407014018,"elvina.uwais,.s.pd125@yahoo.co.id","Gang Laswi No. 034, Prabumulih, LA 94308",9935739418087053
4236,Hilda Uyainah,F,1986-01-07,3175014701862489,08197906614,70741619417,5478556714516638,hilda.uyainah@hotmail.com,"Gang Yos Sudarso No. 0, Lhokseumawe, SU 99613",9996093762133292
4237,"Hj. Samiah Gunawan, S.Farm",M,1995-09-23,3175012309955225,087824269749,58160311478834,5545918528517195,"hj._samiah_gunawan,_s.farm151@yahoo.co.id","Gg. Gedebage Selatan No. 080, Surabaya, SS 85272",9982190698635413
4238,Ana Agustina,F,1994-04-22,3203016204942596,088561615019,615235070,6011897047391292,ana_agustina@yahoo.co.id,"Jalan Yos Sudarso No. 711, Bontang, YO 17236",9950647430760511
4239,Budi Yuliarti,M,1994-03-27,7102012703949117,08147075051,73550047140,4564945160377220,budiyuliarti936@ymail.com,"Jl. Kutisari Selatan No. 94, Pematangsiantar, Sulawesi Utara 95033",9922649492283052
4240,Ana Uwais,F,1968-12-07,3171014712684478,08789185048,1070624942,6011421987331858,anauwais@ymail.com,"Gg. Otto Iskandardinata No. 14, Cirebon, KB 95620",9988188630810926
4241,T. Niyaga Yuniar,F,1988-12-09,3501014912883598,+6289655978628,2976204672619,4722138292559062,t.niyagayuniar@outlook.com,"Jl. Ahmad Dahlan No. 2, Salatiga, SS 37721",9962575787913035
4242,Laswi Yuliarti,F,1959-03-09,3301014903599453,088211944700,9996985229,5421623462495683,laswi_yuliarti734@outlook.com,"Gg. Raya Setiabudhi No. 3, Solok, Sulawesi Utara 04868",9930866741020112
4243,Asmadi Setiawan,M,1960-07-04,3101010407600490,083122722638,36701021381025,6011040228595332,asmadi_setiawan440@yahoo.co.id,"Gg. Cihampelas No. 98, Cirebon, DI Yogyakarta 45686",9964948249219540
4244,Galak Wasita,F,2002-12-23,3102016312025729,08778772772,260572554,5185734411203145,galak.wasita@outlook.com,"Jalan Dipenogoro No. 16, Sawahlunto, NB 39218",9928914848379384
4245,"Cici Wastuti, S.E.I",M,1960-07-15,3301011507605308,+628218265816,414314802512,5275512631999385,"cici.wastuti,.s.e.i816@hotmail.com","Jalan Cihampelas No. 8, Payakumbuh, BE 73098",9957165903258903
4246,R. Elma Najmudin,M,2005-09-27,3202012709055295,085871670199,24570164,5300263142033244,r..elma.najmudin@yahoo.co.id,"Jl. Gedebage Selatan No. 23, Tangerang Selatan, Sumatera Utara 17193",9957653527168574
4247,"R. Julia Hassanah, S.Pt",F,1961-12-20,3271016012616368,+628980693649,30517636805,5375574837405842,"r.juliahassanah,s.pt@hotmail.com","Gg. Cihampelas No. 41, Tanjungpinang, SB 20360",9991300072692269
4248,Radika Siregar,M,2002-12-27,3103012712022496,08327522766,99412211,6011259210643178,radika.siregar789@ymail.com,"Gg. Ahmad Dahlan No. 4, Medan, SU 76314",9965436942182693
4249,Mursita Januar,F,1961-09-16,3171015609610918,08387844187,977159596809,4644867970955985,mursita_januar@outlook.com,"Jl. Moch. Ramdan No. 4, Surakarta, Banten 05067",9967188813452408
4250,"drg. Sakura Waskita, S.Kom",F,1961-06-04,3601014406616283,08843759273,909171761,5315116569492436,"drg.sakurawaskita,s.kom@outlook.com","Jalan Cikutra Timur No. 999, Gorontalo, BB 90450",9927358069963737
4251,Gabriella Mahendra,F,2003-01-14,3402015401037074,08856283792,85023284,5573493358551135,gabriella_mahendra@hotmail.com,"Jl. Setiabudhi No. 25, Bontang, JB 70914",9920452708404710
4252,"Martaka Nasyiah, M.TI.",M,1971-12-30,7101013012710545,+6289510851113,5186572050,5100852414920404,"martaka_nasyiah,_m.ti.511@ymail.com","Jl. W.R. Supratman No. 496, Solok, GO 30772",9966191150378940
4253,"Dina Riyanti, S.E.I",M,2002-07-09,5101010907020771,08191881594,2502487565,5252136972758030,"dina.riyanti,.s.e.i@yahoo.co.id","Gg. Setiabudhi No. 282, Probolinggo, PA 25769",9969169995882972
4254,Tgk. Kambali Padmasari,M,1986-08-25,3402012508869799,08236902500,90138574,4066395421601779,tgk._kambali_padmasari226@hotmail.com,"Gg. Dr. Djunjunan No. 896, Langsa, DKI Jakarta 28855",9935334794535917
4255,Drs. Gading Yolanda,M,2004-01-22,3176012201046675,085730656621,57758173,5337435497129019,drs..gading.yolanda390@hotmail.com,"Gang Kiaracondong No. 52, Pontianak, PA 14611",9952456089407109
4256,Asmianto Uwais,F,2004-10-11,5101015110047013,081171298066,446906289758264,5375505871231881,asmianto.uwais803@yahoo.co.id,"Jalan Jend. A. Yani No. 3, Bima, KU 42628",9922307145395127
4257,Drs. Paiman Prabowo,F,1988-05-29,3601016905882066,089639374015,366437625,5121139273162992,drs.paimanprabowo568@gmail.com,"Gg. Tubagus Ismail No. 45, Ambon, KI 66197",9914558842978129
4258,"Sarah Waluyo, S.T.",F,1965-08-22,6101016208658436,08532915103,47559241861157,5524890104483931,"sarah_waluyo,_s.t.@yahoo.co.id","Gang Rawamangun No. 779, Sawahlunto, Gorontalo 00325",9939477164740987
4259,"Harjasa Waluyo, S.Kom",F,2003-03-14,3176015403030457,+628384654916,635465896,5412443732019442,"harjasa_waluyo,_s.kom@hotmail.com","Jl. Tubagus Ismail No. 8, Bandar Lampung, YO 66717",9946542734489046
4260,Darijan Putra,F,1966-12-11,3272015112667088,08534667705,7848868272,5538153758871311,darijanputra@yahoo.co.id,"Jl. Astana Anyar No. 715, Jambi, KT 69018",9939137713576224
4261,"Dadap Andriani, S.H.",M,1981-08-14,3602011408813762,08785265714,9703767412410,5116400910963126,"dadapandriani,s.h.@ymail.com","Gg. Rajawali Barat No. 086, Bandung, KB 91241",9914997773718485
4262,Humaira Yuliarti,F,1977-01-14,3201015401776559,08556640666,49700193599937,5561622406936468,humaira_yuliarti@ymail.com,"Gg. R.E Martadinata No. 3, Dumai, JK 48487",9954613676741964
4263,Hardi Megantara,F,1994-02-21,3171016102948978,08183160130,921810951,5197668652716130,hardimegantara@outlook.com,"Gg. Rawamangun No. 48, Metro, DKI Jakarta 47383",9949940661576393
4264,"dr. Leo Suryono, M.Kom.",M,1994-12-30,3173013012944840,08193805973,258158562,5458585070987286,"dr._leo_suryono,_m.kom.519@gmail.com","Gang Kendalsari No. 8, Metro, Lampung 25536",9958735880237369
4265,"Wani Uwais, S.Psi",M,1972-04-10,5103011004726631,081490100084,159172186064,6011807524890017,"wani.uwais,.s.psi316@ymail.com","Jalan Kebonjati No. 892, Bima, SR 30683",9930666671123153
4266,"Hj. Elvina Riyanti, S.E.I",F,1960-10-06,3171014610604931,+6281143045474,38645208219,6011232326942733,"hj._elvina_riyanti,_s.e.i@hotmail.com","Gg. Ciwastra No. 590, Tidore Kepulauan, BT 71515",9947323628966796
4267,Wulan Pudjiastuti,F,1963-09-28,3272016809630529,+6281555637640,98692032,6011196559537235,wulan.pudjiastuti@outlook.com,"Gg. BKR No. 878, Depok, KB 11182",9957069552925298
4268,"drg. Luluh Palastri, S.Pd",M,2007-03-20,7301012003070217,081752025457,612983712,4073906200104642,"drg.luluhpalastri,s.pd777@gmail.com","Gg. Moch. Ramdan No. 59, Manado, Kalimantan Barat 85824",9990799446891192
4269,Wirda Sitorus,M,1996-04-22,5103012204967247,+6285747198132,64109044,6011360505258280,wirdasitorus371@outlook.com,"Gg. Moch. Toha No. 733, Serang, Maluku Utara 51225",9987290524555568
4270,Lili Yuniar,M,1999-09-16,3101011609993273,085134050831,3330465722,4740422559017227,lili.yuniar@ymail.com,"Gg. Dipatiukur No. 420, Bekasi, BT 56339",9927615560195634
4271,"Azalea Usamah, M.Kom.",F,1960-07-15,3202015507608670,089632929791,340158213,5530748378499729,"azaleausamah,m.kom.419@gmail.com","Gang Peta No. 3, Bontang, KS 07423",9990315254353447
4272,R.A. Clara Gunarto,M,1963-04-04,3302010404633074,083152388599,287337502057,5185069522684366,r.a..clara.gunarto930@hotmail.com,"Gang Pasteur No. 637, Batu, KT 61592",9983591735267951
4273,Cemeti Saputra,F,1994-11-22,3105016211944714,085962500908,15808891585935,4316946290208288,cemeti_saputra@yahoo.co.id,"Gg. Sukabumi No. 7, Padangpanjang, JK 55413",9919877069196564
4274,R. Gading Wastuti,F,1966-11-24,3105016411667186,08827891151,966949770,5138791341123701,r._gading_wastuti10@ymail.com,"Jl. BKR No. 058, Bima, Kepulauan Bangka Belitung 34249",9999122466688637
4275,Wakiman Sirait,F,1991-01-07,3103014701918124,08857608492,81478050246,5456514021858677,wakiman.sirait715@ymail.com,"Gg. Rajawali Timur No. 63, Palembang, KS 56561",9935778450395057
4276,"Ir. Belinda Iswahyudi, S.E.",M,2000-03-27,3502012703003177,+628971124738,98498774544,4077404031962819,"ir._belinda_iswahyudi,_s.e.797@hotmail.com","Jalan Ciumbuleuit No. 724, Singkawang, SB 02887",9949917208504201
4277,R. Ibun Saptono,F,1965-11-27,3104016711652643,08960718947,54945353604,5117446699776091,r.ibunsaptono@yahoo.co.id,"Gang K.H. Wahid Hasyim No. 57, Palopo, SG 21867",9934790409078221
4278,Nrima Handayani,F,2003-02-28,3301016802035942,+6281150639576,5996418854633,4098749484660637,nrima_handayani@gmail.com,"Gang Ahmad Dahlan No. 720, Kotamobagu, Maluku Utara 65591",9959463252401662
4279,Shania Namaga,F,1972-12-02,3171014212725222,081856194887,259169723,5111548960475894,shania.namaga@gmail.com,"Jl. Sadang Serang No. 214, Bengkulu, Sumatera Barat 19989",9914375440044760
4280,Darmaji Handayani,M,2001-07-23,3105012307013005,08584943097,1291555913905,5174163684660735,darmajihandayani@yahoo.co.id,"Jalan Monginsidi No. 344, Solok, Bengkulu 12230",9918779338767819
4281,Gabriella Winarsih,F,1963-09-11,3601015109633025,088481791850,585126214893,5380993138422936,gabriellawinarsih188@ymail.com,"Jalan Merdeka No. 484, Kota Administrasi Jakarta Pusat, Kepulauan Riau 51374",9980651861418607
4282,drg. Asman Tamba,M,1989-05-16,5101011605894362,085814817159,19960456916695,5582863229602176,drg..asman.tamba268@hotmail.com,"Jl. Setiabudhi No. 25, Samarinda, BB 93099",9992211346652257
4283,Raden Napitupulu,F,1983-03-28,3173016803835853,087804473170,1544155518,5499088701284772,raden_napitupulu125@ymail.com,"Gg. Laswi No. 2, Jambi, Kalimantan Utara 01861",9997843616650960
4284,"KH. Harimurti Narpati, S.Sos",M,2008-05-01,3701010105085104,08223513908,6007110043,5580213038422152,"kh..harimurti.narpati,.s.sos186@hotmail.com","Jalan Kutai No. 0, Pematangsiantar, ST 11384",9911689589338663
4285,"Cut Ina Habibi, S.E.",F,1981-06-21,3101016106815112,081902153992,904346202,5298030099636735,"cut.ina.habibi,.s.e.336@outlook.com","Jalan Antapani Lama No. 0, Pekanbaru, Jawa Timur 53631",9968178213005853
4286,"Wirda Hariyah, S.H.",M,1973-12-21,3401012112734064,08951201208,46297208505,5357044643760665,"wirda_hariyah,_s.h.652@yahoo.co.id","Gg. Cihampelas No. 26, Yogyakarta, KT 36063",9950345161545802
4287,Hj. Rika Suartini,F,1973-10-30,3201017010739962,+6288422965174,507820901888,5380232894615353,hj..rika.suartini628@yahoo.co.id,"Jalan HOS. Cokroaminoto No. 175, Pontianak, Gorontalo 53521",9937542985024672
4288,Cagak Permata,M,1978-08-30,3274013008787239,081688361085,814660374,4064411878307184,cagakpermata@hotmail.com,"Jl. Dr. Djunjunan No. 986, Ternate, KR 13341",9930214807749402
4289,Limar Januar,M,1983-04-07,3274010704830835,081743483947,5889540634412,5425662461241774,limar_januar984@yahoo.co.id,"Gg. K.H. Wahid Hasyim No. 36, Gorontalo, SU 84878",9946631151775741
4290,Najwa Halimah,F,1998-05-07,7102014705989989,083819268762,83250021,5336093731425142,najwa_halimah183@ymail.com,"Jl. Indragiri No. 933, Balikpapan, ST 25731",9931654688426141
4291,Mala Maryadi,F,1976-01-21,3273016101766810,08116634790,402486012989520,5256702631364417,mala.maryadi765@yahoo.co.id,"Jalan Setiabudhi No. 2, Solok, JK 03667",9996650121664211
4292,Dt. Mahesa Namaga,M,1998-02-15,3273011502985548,088275482412,1571480909,5331948967387903,dt..mahesa.namaga@hotmail.com,"Jl. Rajiman No. 99, Tangerang Selatan, Kalimantan Tengah 58936",9996989755271207
4293,Syahrini Maryati,M,1972-09-23,3502012309722432,+6289589051309,97120996769,5447468359277731,syahrini.maryati460@ymail.com,"Gang Moch. Ramdan No. 2, Parepare, LA 33872",9999469964569471
4294,Dwi Jailani,F,2007-01-13,3601015301077419,+6289650070328,308365362,4998809943680299,dwi.jailani@hotmail.com,"Jl. Ciwastra No. 6, Denpasar, JA 37596",9915020146540802
4295,drg. Pangestu Natsir,M,1970-06-09,6101010906708605,089808974380,990144166,5155585706319927,drg._pangestu_natsir@yahoo.co.id,"Gang Kapten Muslihat No. 384, Pekanbaru, DKI Jakarta 69549",9957603459222301
4296,Bahuraksa Dabukke,M,2006-08-04,3303010408063406,+628994683810,16794392849,4702541220553179,bahuraksa_dabukke@outlook.com,"Jl. Dipenogoro No. 2, Sorong, Lampung 33029",9924559725873238
4297,"Ir. Wulan Prastuti, S.Psi",M,1979-04-16,3303011604796179,08588396991,451612055412,5116869362422664,"ir._wulan_prastuti,_s.psi@yahoo.co.id","Jalan Kiaracondong No. 921, Bukittinggi, Sumatera Utara 90684",9998219085716294
4298,Pardi Simanjuntak,M,1999-04-08,3274010804996625,+628516295739,688134484475137,5513937259537731,pardisimanjuntak@yahoo.co.id,"Jalan Joyoboyo No. 513, Kediri, Maluku 01330",9934187701749980
4299,Eka Narpati,M,1966-04-06,3501010604667100,+6283800459342,781349584786315,5154376558547860,eka.narpati@outlook.com,"Gg. Merdeka No. 565, Tarakan, LA 64556",9961455050516424
4300,"Agnes Prabowo, S.Kom",F,1987-03-30,3104017003871381,08193464811,8354310065,5321203509661661,"agnesprabowo,s.kom675@gmail.com","Gang Pacuan Kuda No. 574, Langsa, SG 56432",9940732903297261
4301,Candra Padmasari,M,1980-11-04,7102010411809617,081979313197,537062953,5133186767902824,candra.padmasari389@hotmail.com,"Jalan Jend. Sudirman No. 611, Bitung, SG 43796",9920741322434395
4302,Warsita Puspita,M,1996-05-26,3272012605969436,+628316606055,2241466844,4293930231593783,warsita.puspita@ymail.com,"Gg. Gegerkalong Hilir No. 17, Semarang, BT 82769",9933197844871448
4303,Silvia Kusumo,M,1984-08-02,3501010208845818,089557674043,86803191,5183056229631969,silvia.kusumo776@outlook.com,"Jl. Suryakencana No. 7, Jayapura, SG 17778",9925029032494552
4304,Ghani Lazuardi,F,2008-01-20,3402016001081075,08215894417,389429241,5382309426083477,ghani_lazuardi207@ymail.com,"Gang Suryakencana No. 8, Sabang, Sulawesi Tengah 19674",9962772169463323
4305,"Dr. Jasmin Pratama, S.Pt",M,1991-02-17,3701011702918244,+6289844121597,957255546001833,6011319402153064,"dr._jasmin_pratama,_s.pt141@outlook.com","Gang Cihampelas No. 69, Malang, JK 40328",9947224747828510
4306,Eka Siregar,F,1988-09-04,3601014409889320,081642935616,51500897236,5394127284871710,eka.siregar752@ymail.com,"Gg. Tubagus Ismail No. 80, Sabang, MA 14554",9919493253028810
4307,Setya Kusumo,F,1975-04-03,3303014304750135,088448066189,31075360305,5194204836926375,setya.kusumo@gmail.com,"Gang Monginsidi No. 982, Malang, ST 95646",9956024383983341
4308,"Rachel Thamrin, S.Sos",F,2003-10-31,3173017110039458,08331265714,1116322312181,5415280421940846,"rachel_thamrin,_s.sos274@yahoo.co.id","Jl. S. Parman No. 54, Jayapura, SR 49374",9965268276626147
4309,"drg. Labuh Budiman, M.Pd",M,2008-05-27,3601012705087134,+628517147956,460932235864,6011369499910875,"drg..labuh.budiman,.m.pd@hotmail.com","Gg. Indragiri No. 697, Tidore Kepulauan, PA 62894",9945686591581920
4310,Usyi Prayoga,M,1985-04-09,3101010904852286,+628144338700,88000606,6011180709500068,usyi_prayoga99@ymail.com,"Gg. Ir. H. Djuanda No. 6, Pangkalpinang, Sumatera Barat 93676",9956807955608640
4311,Mutia Natsir,M,1977-10-12,7102011210772553,+628147707978,20995659,5185210656908645,mutianatsir@yahoo.co.id,"Jl. Gardujati No. 3, Cilegon, Bengkulu 14501",9976020537388531
4312,Diana Suryono,M,1999-09-09,3301010909992101,085285344428,1986834246913,5234936860283095,diana_suryono777@outlook.com,"Jl. Wonoayu No. 372, Langsa, SG 42430",9967377177939884
4313,drg. Silvia Wahyuni,M,1974-03-23,5101012303740756,08833988613,50032430942,5205989403990049,drg..silvia.wahyuni@hotmail.com,"Jl. Kiaracondong No. 067, Tangerang Selatan, Sumatera Selatan 63955",9965459810253333
4314,Yunita Natsir,F,1973-08-27,3103016708731041,083172489275,93456330735,6011160285946797,yunita.natsir103@ymail.com,"Jl. Cihampelas No. 97, Binjai, DKI Jakarta 80479",9980350575395814
4315,Ratna Yuniar,F,1994-10-03,3302014310948185,08952537473,411331499,5162838371908287,ratnayuniar@yahoo.co.id,"Gg. M.T Haryono No. 88, Medan, Sumatera Selatan 20272",9960445198014693
4316,"Dr. Utama Maheswara, S.Pt",F,1972-11-15,3171015511729463,+628139712525,712175680,5233346804081360,"dr._utama_maheswara,_s.pt@outlook.com","Gang BKR No. 57, Bima, KI 85155",9914755761570980
4317,Hani Utami,F,1962-09-07,7301014709624623,085636276100,83775870933,4831106928381400,hani.utami@hotmail.com,"Gang Rawamangun No. 902, Depok, Papua Barat 87808",9959556852122306
4318,"Drs. Jagaraga Dongoran, M.Kom.",F,1993-05-15,3303015505935023,08178298409,1604118349868,5110698527877127,"drs.jagaragadongoran,m.kom.@yahoo.co.id","Jl. Sadang Serang No. 917, Manado, BT 39277",9997342237940852
4319,Hj. Putri Ramadan,F,1993-10-29,3274016910932107,+628177378403,314436593349,6011694293837565,hj._putri_ramadan643@hotmail.com,"Jl. Peta No. 0, Surakarta, Aceh 36689",9927690162880531
4320,Anita Suryono,F,1985-08-23,3272016308854280,085982621245,14242456259956,5401572092346548,anita.suryono@hotmail.com,"Jalan Raya Ujungberung No. 42, Batu, Riau 21963",9969583794984597
4321,Sabrina Hutapea,F,1996-09-28,3203016809963044,08824238559,316402440426537,4296474298281631,sabrinahutapea@yahoo.co.id,"Gang Astana Anyar No. 86, Probolinggo, DKI Jakarta 40579",9942662633682082
4322,"drg. Puspa Mandala, S.T.",F,2006-04-29,3273016904066688,08167457053,58986541,5332399998635928,"drg._puspa_mandala,_s.t.245@yahoo.co.id","Jalan Suniaraja No. 614, Surabaya, Kalimantan Tengah 19573",9982039206733558
4323,Dr. Icha Zulkarnain,F,1957-03-31,3202017103576041,08838662550,52428086839443,6011020596624386,dr..icha.zulkarnain435@gmail.com,"Jalan Rajawali Barat No. 3, Bau-Bau, MA 06453",9985398042553366
4324,"Zelda Riyanti, S.Psi",F,1966-09-18,3102015809669689,08830816310,5810236522353,5283330579418604,"zelda.riyanti,.s.psi28@outlook.com","Jalan Dr. Djunjunan No. 859, Kota Administrasi Jakarta Selatan, SR 80852",9928333270601637
4325,Kenari Marbun,M,2005-07-03,3602010307053838,08579805424,1900578420,5488577589077407,kenarimarbun979@gmail.com,"Jalan Ir. H. Djuanda No. 629, Lubuklinggau, NB 11406",9943992955032442
4326,"Tgk. Umi Habibi, S.Ked",F,1983-05-29,3502016905835129,083240091497,621190925,5570193542670950,"tgk.umihabibi,s.ked@hotmail.com","Gang Rawamangun No. 1, Bukittinggi, Banten 11628",9970366373774667
4327,"Alika Tampubolon, S.I.Kom",M,1965-04-21,3174012104656621,083860587729,640976947,5471311922840537,"alikatampubolon,s.i.kom708@outlook.com","Jl. Suryakencana No. 3, Balikpapan, SU 49221",9937903787101317
4328,"dr. Laras Hidayat, S.E.",M,1955-12-28,3501012812558395,+6287858350001,358992168202,5222378590821186,"dr..laras.hidayat,.s.e.@yahoo.co.id","Jalan Siliwangi No. 70, Prabumulih, Kalimantan Tengah 99447",9945888114896759
4329,Cinthia Mustofa,F,1962-02-08,3701014802623639,+6285258669441,883430141274303,5115107621172384,cinthiamustofa@ymail.com,"Gg. Medokan Ayu No. 50, Pariaman, Banten 94305",9958509474871107
4330,T. Ibun Hutasoit,M,1989-02-22,3601012202890408,081587680925,967020916,5330409705982401,t..ibun.hutasoit@outlook.com,"Gang Gedebage Selatan No. 13, Bengkulu, JT 03601",9962400116912670
4331,Septi Novitasari,M,2006-12-22,3274012212067511,08156272326,463310691989089,5363794135698133,septi.novitasari@hotmail.com,"Jl. Rajiman No. 02, Balikpapan, Jawa Barat 35688",9923362629729357
4332,"Tgk. Ganep Manullang, M.Farm",M,1980-01-11,3172011101803148,+6287800632049,624423086,5269547092996438,"tgk._ganep_manullang,_m.farm@outlook.com","Gg. HOS. Cokroaminoto No. 1, Serang, Sulawesi Selatan 08323",9932196893110839
4333,R.M. Saiful Thamrin,F,1984-07-12,3204015207846962,+628153126798,56868307654656,6011465538599489,r.m..saiful.thamrin421@outlook.com,"Jalan Cikapayang No. 704, Padang, Lampung 03816",9974507175030174
4334,Dadi Megantara,F,1957-11-01,3602014111576178,08129603496,83045179385371,5487513925593513,dadi.megantara800@outlook.com,"Gg. Pasirkoja No. 374, Padangpanjang, SS 82734",9937203476316720
4335,Dina Suryono,F,1981-04-10,3401015004812869,+6289517803076,9193361194432,5509973496348269,dina_suryono@outlook.com,"Gang Indragiri No. 9, Pontianak, SR 05506",9940788195517104
4336,R.M. Daru Wibisono,F,1981-05-01,3602014105814985,08191934844,68937822660,5446735239505952,r.m.daruwibisono@ymail.com,"Jalan Kebonjati No. 919, Bogor, Sulawesi Utara 02874",9942787148171205
4337,KH. Taswir Padmasari,M,2007-08-25,3401012508074086,085253656000,37125672568,4853118327455399,kh..taswir.padmasari448@gmail.com,"Jl. Kebonjati No. 979, Bogor, Kalimantan Utara 65533",9938986518708669
4338,Zelaya Salahudin,M,1974-04-09,3271010904746146,+6281797117491,612881613359,5439194872121855,zelayasalahudin@yahoo.co.id,"Gang Medokan Ayu No. 71, Palu, GO 39516",9915118893256285
4339,Ella Santoso,M,1961-06-22,3272012206613664,08165785944,172757592627513,6011373359904490,ella_santoso847@yahoo.co.id,"Gg. Erlangga No. 23, Jayapura, Kalimantan Timur 61434",9940853926895058
4340,Ilsa Nasyidah,F,1989-12-01,3173014112899815,083372957773,997585681197516,5579294571665795,ilsa_nasyidah617@hotmail.com,"Jl. Sadang Serang No. 957, Tanjungpinang, AC 34160",9922264767479659
4341,"dr. Caturangga Padmasari, S.Gz",M,1971-08-05,3401010508715411,+6281599109020,179417586973224,4839584231429050,"dr._caturangga_padmasari,_s.gz@ymail.com","Jalan Ciumbuleuit No. 27, Mataram, JI 35405",9919638772759246
4342,Bakda Prayoga,M,1982-02-06,3401010602822593,08981166815,430772689,6011094475398057,bakda.prayoga574@outlook.com,"Gg. Kutisari Selatan No. 845, Bekasi, PA 69914",9963680478477524
4343,Ganep Hakim,F,1986-11-24,3303016411862849,08591926886,24676207102,5276763954846433,ganep.hakim998@yahoo.co.id,"Gg. Dr. Djunjunan No. 13, Pasuruan, JA 71185",9994708829091944
4344,"Amalia Andriani, M.Farm",F,1976-03-25,3203016503767804,08836251776,618923629922900,5330337795419251,"amalia_andriani,_m.farm298@hotmail.com","Jalan Kebonjati No. 212, Kota Administrasi Jakarta Pusat, Sulawesi Barat 83516",9945653037927094
4345,"Usyi Nainggolan, S.Pd",F,1959-07-04,3701014407598226,087850486091,500930215159658,5153010906553303,"usyi.nainggolan,.s.pd125@outlook.com","Jl. Suniaraja No. 393, Sawahlunto, BT 58228",9914008710498231
4346,"Dt. Adiarja Permata, S.T.",F,1967-08-07,3102014708673225,+6281818574075,5109506009,5173920609757876,"dt._adiarja_permata,_s.t.287@yahoo.co.id","Jalan M.H Thamrin No. 95, Sawahlunto, SN 68914",9959714650922797
4347,Cut Talia Pudjiastuti,F,1994-07-25,3102016507944781,081544451939,257783142860,5245417031072813,cut.talia.pudjiastuti566@hotmail.com,"Jl. Kiaracondong No. 0, Tangerang Selatan, Sulawesi Tenggara 63656",9992266716470060
4348,Latika Rahmawati,M,1980-08-31,3101013108809567,+628845214424,102461895,5388044235042889,latika_rahmawati23@outlook.com,"Jalan BKR No. 5, Cilegon, ST 04465",9945254165097003
4349,Mila Firmansyah,F,1998-03-11,3402015103984632,+6289792291341,11212706653,5191322413610215,mila_firmansyah@yahoo.co.id,"Gg. R.E Martadinata No. 91, Manado, Sumatera Utara 91441",9988577132379408
4350,"drg. Anita Situmorang, S.E.",M,1975-10-16,3303011610752722,08236398872,2748713151,5314200520193100,"drg._anita_situmorang,_s.e.790@ymail.com","Gg. Rungkut Industri No. 8, Balikpapan, KT 83892",9977709133478294
4351,"Ir. Ulya Halim, S.Ked",M,1969-04-08,3202010804698123,089960043087,130605587,6011499189307144,"ir..ulya.halim,.s.ked67@yahoo.co.id","Jalan Jamika No. 843, Gorontalo, Aceh 48745",9947239073892229
4352,"Ir. Sabri Uyainah, S.Ked",F,1965-05-07,3401014705658334,08810726905,1191313789,5140277612822085,"ir..sabri.uyainah,.s.ked738@outlook.com","Gang Ahmad Yani No. 0, Ternate, Papua 35972",9983585955452358
4353,Gada Wijaya,M,1984-06-01,6101010106840795,08961772681,45969244,5468658430562794,gadawijaya@outlook.com,"Gang PHH. Mustofa No. 3, Manado, GO 49987",9954827531663093
4354,Sadina Dabukke,M,1969-01-31,5101013101692912,+6283379204900,70423515787,5131487742865813,sadina.dabukke@ymail.com,"Jl. Rungkut Industri No. 5, Salatiga, Sumatera Selatan 66655",9966763458437947
4355,Dr. Gatra Prasetyo,M,1963-02-26,3602012602634754,+6285186181626,427018924,5279835852718325,dr._gatra_prasetyo528@outlook.com,"Gang M.H Thamrin No. 73, Kota Administrasi Jakarta Pusat, Bengkulu 09536",9943948549262479
4356,"Ibrani Halimah, S.Kom",M,1974-01-01,3273010101743309,089928885488,12929656418,5348459554895687,"ibrani_halimah,_s.kom612@hotmail.com","Gg. S. Parman No. 61, Yogyakarta, SS 41425",9938728731427449
4357,Imam Budiyanto,M,1967-09-02,3273010209673173,+628157620395,996507474,5128486646174436,imambudiyanto562@yahoo.co.id,"Gg. Ronggowarsito No. 78, Dumai, Papua 46342",9942801496841446
4358,Ghaliyati Tampubolon,F,1982-04-17,3271015704824163,08228536452,46535654,6011754334433544,ghaliyatitampubolon222@gmail.com,"Jalan Cikapayang No. 65, Pasuruan, KI 96552",9983112882685302
4359,Dt. Prakosa Habibi,F,1983-11-01,3274014111835656,+6281751837440,54703866964,5447849088227292,dt._prakosa_habibi@hotmail.com,"Gang Suniaraja No. 71, Padang Sidempuan, Kalimantan Selatan 75925",9916665998788525
4360,Dr. Nadia Yuliarti,M,1998-04-06,3502010604986398,08337691115,13294394757580,6011998142997554,dr.nadiayuliarti47@hotmail.com,"Jl. Asia Afrika No. 731, Pangkalpinang, JB 51255",9980099022149371
4361,Raina Prastuti,F,1985-07-03,5103014307859347,081712635425,74483107,5227514469491809,raina_prastuti932@gmail.com,"Jl. Pasirkoja No. 0, Tanjungbalai, DKI Jakarta 99064",9990780145723521
4362,"drg. Sarah Farida, M.M.",M,1966-07-29,3204012907661332,+628317219099,3993587944528,5473126547322923,"drg..sarah.farida,.m.m.@gmail.com","Gang Peta No. 2, Malang, BT 18273",9976752412793140
4363,"Ir. Mulyono Natsir, S.IP",F,1975-08-04,3274014408752317,+6288473646776,35147390,5508145636661013,"ir..mulyono.natsir,.s.ip155@outlook.com","Gang Ciwastra No. 866, Palopo, Kalimantan Utara 28392",9977412849045785
4364,"Drs. Ciaobella Halimah, M.TI.",M,2003-07-14,3501011407031640,08569036346,74060603287600,5204242339935343,"drs..ciaobella.halimah,.m.ti.@hotmail.com","Gang Joyoboyo No. 300, Malang, GO 97991",9984539161479403
4365,"Lidya Haryanti, S.Pt",F,2004-12-23,3203016312044109,085744953225,171491209796,5284615122621888,"lidya.haryanti,.s.pt@ymail.com","Gg. BKR No. 811, Tarakan, ST 55278",9995104585469723
4366,"Devi Megantara, M.M.",M,1969-01-20,3174012001695488,08830572754,8397441808167,5468771371112564,"devi_megantara,_m.m.554@ymail.com","Jalan Otto Iskandardinata No. 8, Lhokseumawe, Sulawesi Tengah 89415",9963110322598636
4367,Nabila Rahayu,F,2009-01-19,3402015901097242,083236997700,272788141034,5432087208670442,nabilarahayu@yahoo.co.id,"Gang Rawamangun No. 25, Palopo, JI 34617",9953281017913763
4368,Taufik Lestari,M,1982-11-02,3274010211827501,085763587214,82341765,5379609010517735,taufik_lestari174@hotmail.com,"Jl. Cikutra Barat No. 786, Binjai, JA 74717",9926079803159128
4369,Karsa Nuraini,M,1985-08-23,3302012308851279,085207668900,61212916063,5168201705904035,karsa.nuraini60@outlook.com,"Gang Pacuan Kuda No. 2, Meulaboh, ST 68551",9933818911964083
4370,Bakiadi Marpaung,M,2002-02-07,3302010702021749,082168435552,663589532659,4388652249269041,bakiadi_marpaung389@yahoo.co.id,"Jl. Rumah Sakit No. 815, Kota Administrasi Jakarta Utara, KS 12915",9947347903663551
4371,"Harsanto Prabowo, M.Ak",M,1992-09-27,3171012709929255,08833102161,8153541084,5256360425780495,"harsanto_prabowo,_m.ak683@yahoo.co.id","Jl. R.E Martadinata No. 89, Depok, AC 79115",9952331339067714
4372,drg. Cakrabirawa Saptono,F,1988-01-01,3101014101884136,+6282348784794,672527530684050,4043974758961017,drg._cakrabirawa_saptono@yahoo.co.id,"Jl. Medokan Ayu No. 74, Mojokerto, Sumatera Barat 23988",9945468112417526
4373,Nugraha Suartini,F,1988-03-26,3271016603889090,08155734718,44463446,5586960720996947,nugraha.suartini59@hotmail.com,"Gang Jend. Sudirman No. 37, Lhokseumawe, KT 75235",9980499812759040
4374,Halima Hastuti,M,1998-03-10,5102011003988726,+6282273626774,409044402,5407051740040432,halima_hastuti@hotmail.com,"Jalan Kiaracondong No. 61, Subulussalam, Aceh 24719",9938634922263682
4375,Gara Pranowo,F,1975-06-01,3174014106750442,08155573295,77188344416304,4818675979904748,gara_pranowo254@yahoo.co.id,"Jalan Gedebage Selatan No. 7, Metro, Kalimantan Selatan 57848",9996608891313116
4376,Dr. Icha Lazuardi,F,1967-08-30,3273017008672930,+628590835069,50851875611,4094740955059152,dr.ichalazuardi@gmail.com,"Jl. Gegerkalong Hilir No. 469, Tebingtinggi, Sumatera Barat 70124",9997859059034196
4377,Virman Halim,M,2007-11-05,3176010511070375,089893558172,1667417011888,5526308689334032,virman_halim@ymail.com,"Jl. H.J Maemunah No. 311, Semarang, Sulawesi Tengah 44527",9985444853376772
4378,"Yono Aryani, M.Ak",F,1999-07-11,3271015107990666,083183802084,471262595,4688808272034926,"yono.aryani,.m.ak924@gmail.com","Gg. Jakarta No. 2, Pasuruan, SN 37883",9912699867015031
4379,Rendy Aryani,M,1959-12-31,3274013112598611,087823814643,82215373,5553152946069715,rendy_aryani862@outlook.com,"Jl. KH Amin Jasuta No. 786, Jayapura, KS 64548",9930783818115167
4380,Laswi Riyanti,F,1963-05-19,3273015905630153,+6285872809990,471284937176383,6011336839429180,laswi.riyanti@hotmail.com,"Gg. Suniaraja No. 498, Tanjungpinang, GO 82968",9991210332236559
4381,Lukman Mahendra,M,2005-12-31,3401013112059863,083140524498,117406338771,4104132157243921,lukman_mahendra838@gmail.com,"Gg. Waringin No. 155, Kendari, JT 25888",9913210438262352
4382,R.M. Tri Haryanto,F,1974-12-15,3501015512749890,+6283315079596,634106544366,5377006170938394,r.m.triharyanto617@hotmail.com,"Jl. Lembong No. 1, Banda Aceh, Kepulauan Bangka Belitung 98731",9913944326607116
4383,Mujur Mangunsong,M,1967-06-28,3303012806670005,088222788564,535480380416354,5345429260271777,mujurmangunsong@hotmail.com,"Gg. Moch. Toha No. 4, Padangpanjang, NB 55701",9991977872211078
4384,"Ir. Jail Marbun, M.Kom.",F,2006-08-05,3301014508060854,085676515160,48502949,5109969753707012,"ir._jail_marbun,_m.kom.301@hotmail.com","Gang Sadang Serang No. 7, Palangkaraya, KR 49286",9953117713524404
4385,Bambang Purwanti,M,1970-05-31,3102013105704807,081968082804,50035393210,4804527362285256,bambangpurwanti130@ymail.com,"Jl. Indragiri No. 021, Palembang, Sulawesi Barat 66902",9985194257255575
4386,Adinata Rahimah,F,1955-06-08,5102014806559013,+628999914845,3247048190517,5394877888939943,adinata_rahimah578@gmail.com,"Jl. Jend. Sudirman No. 5, Sabang, Nusa Tenggara Timur 20298",9952126169610324
4387,Gandewa Mansur,F,1959-03-16,3103015603594691,082294216619,631046229,5148198909163820,gandewamansur@gmail.com,"Gg. Raya Setiabudhi No. 7, Pariaman, Papua Barat 02359",9929158681936887
4388,Ir. Wasis Widodo,F,1983-04-06,7102014604835455,08976771741,257966995697207,4043808559157284,ir..wasis.widodo946@hotmail.com,"Jl. Asia Afrika No. 68, Manado, Jawa Tengah 15076",9912474904462384
4389,"Ulya Prabowo, S.Kom",M,1974-08-08,3601010808746133,08811688322,755875947,6011387088261922,"ulya_prabowo,_s.kom979@gmail.com","Jl. Indragiri No. 650, Serang, SU 65152",9961569235086174
4390,Bakiono Yolanda,M,1979-06-01,3271010106791288,+628836190514,4172966118,5317988078202715,bakiono_yolanda297@outlook.com,"Jalan Gardujati No. 967, Kota Administrasi Jakarta Timur, Jawa Barat 95476",9915533304031912
4391,R. Yessi Mandala,F,1981-10-31,3105017110810552,081450410519,671107164292567,5384570840870811,r..yessi.mandala@gmail.com,"Jl. Gedebage Selatan No. 3, Malang, SU 76129",9994214210958628
4392,"Dr. Ade Aryani, S.I.Kom",M,1994-12-13,3502011312948315,08838460594,68131509,6011697986807656,"dr..ade.aryani,.s.i.kom655@gmail.com","Jalan Ir. H. Djuanda No. 1, Bogor, Kalimantan Tengah 92814",9998691836329917
4393,Dt. Chandra Marbun,M,1992-05-29,3172012905925390,08594582259,7742842771,4658273085745529,dt.chandramarbun172@gmail.com,"Gang Erlangga No. 41, Kupang, Bali 38428",9998374302077853
4394,"Drs. Gilda Permadi, S.I.Kom",M,2006-09-14,6101011409063804,+6285723246205,5671802172282,4167656541729370,"drs..gilda.permadi,.s.i.kom745@gmail.com","Jalan Waringin No. 0, Kota Administrasi Jakarta Pusat, Papua 85923",9996715326107772
4395,Wani Pradana,M,1970-10-30,3402013010707494,08995214605,875339982958203,5486642760629037,wanipradana876@yahoo.co.id,"Jl. Ciumbuleuit No. 4, Bandung, DI Yogyakarta 72396",9925576170841367
4396,"Bakiadi Rahayu, S.Ked",F,1967-03-28,3101016803674517,+6288299047301,318860160034560,5328846664525720,"bakiadi_rahayu,_s.ked@gmail.com","Gang Jakarta No. 785, Pagaralam, Sulawesi Tenggara 23016",9910780999179374
4397,Widya Prasetyo,F,1982-02-04,3202014402829692,+628820158966,418718701428,4475934933310400,widya_prasetyo365@hotmail.com,"Jl. Astana Anyar No. 63, Ternate, Sulawesi Selatan 39589",9962544781317210
4398,Wira Mangunsong,M,1970-09-29,3203012909706855,081528718633,153325015,5406740745852348,wira.mangunsong502@ymail.com,"Gang Gedebage Selatan No. 663, Makassar, SR 28233",9945539909403405
4399,Nilam Pradipta,F,1958-08-30,3172017008580382,+6289689467247,221646424,5587040817824200,nilam_pradipta@yahoo.co.id,"Jl. Raya Setiabudhi No. 4, Purwokerto, JK 55795",9972398935949010
4400,"Kuncara Hardiansyah, S.Sos",M,1985-03-09,3104010903857716,+6282149151286,4924242593977,5289809392507088,"kuncarahardiansyah,s.sos594@gmail.com","Jalan Kutisari Selatan No. 85, Pariaman, PA 63862",9916456148351296
4401,Dr. Embuh Hutagalung,F,1967-06-04,7301014406670509,+628523737073,262885741377,5148058543831418,dr._embuh_hutagalung@ymail.com,"Gang Jayawijaya No. 495, Surakarta, Sulawesi Barat 35623",9920034184370199
4402,Candra Sirait,M,1991-11-29,3104012911915568,+6282255490528,82946811653,5248119928828224,candra.sirait@outlook.com,"Jalan Ronggowarsito No. 4, Depok, JT 14674",9940146957400899
4403,Martana Maryadi,F,1979-10-11,3402015110794365,083204093708,844082025135,4306676310837869,martanamaryadi@ymail.com,"Gang Tebet Barat Dalam No. 904, Kota Administrasi Jakarta Utara, Kepulauan Bangka Belitung 24167",9991663523091893
4404,Ika Nuraini,M,1969-11-23,5101012311690531,08189305251,55010852014,5184988978886009,ika_nuraini469@hotmail.com,"Jalan Pasirkoja No. 3, Pekanbaru, JB 18148",9987476170720724
4405,Indra Jailani,M,2003-11-27,3202012711037298,081682207590,855617010281661,6011775487517241,indra.jailani@yahoo.co.id,"Gg. Kapten Muslihat No. 06, Ternate, SU 47922",9919482096702511
4406,Patricia Putra,M,1964-02-01,7101010102644290,+6289884030634,876438726135,5486631649400003,patriciaputra@hotmail.com,"Jalan K.H. Wahid Hasyim No. 9, Tegal, Bengkulu 53277",9959118742161742
4407,Ami Tamba,M,1991-12-17,3274011712917576,08183283333,178340200097457,5143746819834720,ami.tamba@gmail.com,"Gg. Dipatiukur No. 1, Bontang, MA 66590",9969684676771209
4408,"R.A. Hasna Riyanti, M.Kom.",F,1973-06-27,3272016706736966,081185390332,26021389990,5135495979610972,"r.a..hasna.riyanti,.m.kom.@yahoo.co.id","Gang Raya Ujungberung No. 015, Makassar, PA 45623",9989250869924185
4409,Jaga Purnawati,M,1964-08-31,3501013108643219,08183277974,797255220134,4834467278350173,jaga.purnawati588@hotmail.com,"Jl. M.T Haryono No. 6, Depok, Nusa Tenggara Timur 16170",9992731956226464
4410,Dr. Vera Nugroho,M,2005-11-11,3171011111050113,087853367162,7873105595,5219880204520719,dr._vera_nugroho762@ymail.com,"Jl. Joyoboyo No. 55, Palangkaraya, SU 61424",9957999241260638
4411,Wisnu Safitri,M,1971-11-11,3303011111719198,+628382862798,5194784257,5549758903254888,wisnusafitri984@ymail.com,"Gang Yos Sudarso No. 308, Batam, JB 94465",9926164818685967
4412,Cornelia Hastuti,F,2005-03-07,7301014703050101,08236218788,851285727,5449779016819938,corneliahastuti@ymail.com,"Jl. Peta No. 382, Probolinggo, Jawa Tengah 65846",9993861077389199
4413,"R.A. Novi Wasita, M.TI.",F,1975-10-07,3102014710754786,08591452026,886528292,5128391350304913,"r.a.noviwasita,m.ti.708@hotmail.com","Jalan KH Amin Jasuta No. 94, Pariaman, Kalimantan Utara 91815",9945821256207366
4414,Dt. Tomi Mardhiyah,F,2008-09-27,3176016709083713,08318101865,529239933923603,5148363267033081,dt._tomi_mardhiyah@ymail.com,"Gang Medokan Ayu No. 27, Probolinggo, SG 48863",9972461989255270
4415,"Ir. Dalima Najmudin, S.IP",F,1972-06-22,7101016206727176,+628326997545,535187028,6011041674560729,"ir.dalimanajmudin,s.ip@gmail.com","Gg. Siliwangi No. 3, Bau-Bau, KR 26995",9934911470853426
4416,"drg. Oliva Namaga, S.E.I",F,1966-12-23,6101016312664882,08326509045,31832347001644,5159354482314743,"drg.olivanamaga,s.e.i@yahoo.co.id","Gg. Medokan Ayu No. 229, Tidore Kepulauan, LA 03489",9966645419753884
4417,Pandu Irawan,F,1988-01-16,3303015601880010,083113510961,114129806267095,4688356954729257,pandu_irawan@gmail.com,"Jalan M.H Thamrin No. 8, Bekasi, Sulawesi Tenggara 49459",9948110527666877
4418,"drg. Novi Pratama, M.Farm",F,1989-12-18,3105015812893796,082117365699,36027090863227,5318041934660637,"drg._novi_pratama,_m.farm@hotmail.com","Jl. Gardujati No. 6, Pematangsiantar, Sulawesi Tenggara 00102",9994962315213343
4419,Carla Nasyiah,F,1987-07-29,3272016907874955,08150409414,83045187,5176315970948226,carla.nasyiah@gmail.com,"Gg. Pasirkoja No. 75, Pasuruan, Papua 46122",9949224366336622
4420,Estiono Hutapea,F,1968-11-03,3202014311681011,085383707899,45504680,5350259302941255,estiono_hutapea@hotmail.com,"Jalan Kendalsari No. 6, Makassar, Banten 76146",9911826389716323
4421,Baktiadi Hasanah,F,1996-07-06,3272014607969719,082192048908,788343960591397,5124370529543846,baktiadi.hasanah@gmail.com,"Jalan Wonoayu No. 109, Tanjungbalai, SG 95273",9982150447449749
4422,Ifa Kuswoyo,M,1995-03-18,3103011803954265,08519706535,339174552,6011182554104226,ifa_kuswoyo@hotmail.com,"Gang Abdul Muis No. 74, Bogor, Kepulauan Bangka Belitung 83739",9951436848203426
4423,"Tina Budiman, M.Kom.",M,1955-05-02,3274010205555438,08560823857,8775959923069,5284456947301627,"tinabudiman,m.kom.@yahoo.co.id","Gang Tebet Barat Dalam No. 1, Palangkaraya, Gorontalo 55496",9951297996158435
4424,"Hana Setiawan, M.M.",M,2002-03-10,3105011003027085,08175615961,337849960387,5209827232962525,"hanasetiawan,m.m.644@ymail.com","Jalan Moch. Toha No. 95, Bitung, Bengkulu 25457",9949310162858925
4425,Jumadi Wastuti,M,2000-12-07,3105010712000326,089794371134,435184227850,4644782895465480,jumadi.wastuti250@ymail.com,"Gg. Erlangga No. 22, Tanjungbalai, Kepulauan Riau 80310",9910822855877705
4426,"Vanya Mulyani, S.Pd",F,2009-02-19,6101015902090014,08133955698,3895983784,6011729985374092,"vanya_mulyani,_s.pd496@hotmail.com","Gang Joyoboyo No. 659, Pekanbaru, ST 88281",9945108352053457
4427,drg. Kiandra Hasanah,F,1983-03-09,3204014903832862,08856012825,36218167898590,5203132822200074,drg.kiandrahasanah@ymail.com,"Gg. Astana Anyar No. 8, Lhokseumawe, Sulawesi Selatan 58080",9957123229479117
4428,Rika Hutagalung,F,1974-11-12,3202015211749146,089694486759,115024717357573,5334593605514685,rika.hutagalung@yahoo.co.id,"Jl. H.J Maemunah No. 8, Singkawang, SU 18624",9938771506165334
4429,Dt. Nalar Kuswoyo,M,1993-07-08,3103010807933315,08854088559,5949060442149,4356661346756354,dt..nalar.kuswoyo@hotmail.com,"Gg. Rumah Sakit No. 306, Padang, Nusa Tenggara Barat 75184",9972346247613513
4430,Daliono Novitasari,M,1993-04-29,3176012904930684,085111636530,5934041385245,5432984353882541,daliononovitasari@gmail.com,"Jl. Surapati No. 63, Blitar, Papua 60223",9939738554059099
4431,"Nilam Padmasari, M.Farm",M,2001-10-02,3402010210017410,081367485684,90295623895052,4679277128024157,"nilampadmasari,m.farm@gmail.com","Gg. Pasir Koja No. 9, Cimahi, JT 49867",9924326220699545
4432,"Galang Manullang, S.E.I",M,2004-11-12,3302011211047779,08216142156,515398797487,5535596280978765,"galang_manullang,_s.e.i@outlook.com","Jalan Rajiman No. 51, Ambon, Kalimantan Utara 32972",9926911176202278
4433,Narji Salahudin,F,1985-10-05,3402014510853168,+6285173308610,60486885,5586753905675505,narji.salahudin@yahoo.co.id,"Gg. S. Parman No. 814, Tidore Kepulauan, Kalimantan Utara 50666",9967002925052407
4434,"Hj. Jamalia Suryono, S.Gz",M,2008-02-17,3271011702087336,+628566150306,822044250503423,4595244558058054,"hj.jamaliasuryono,s.gz249@ymail.com","Gg. Astana Anyar No. 71, Kediri, JI 23566",9923606789428290
4435,Michelle Puspita,M,1964-01-29,3502012901640560,+628145075070,48020529094484,6011697525540020,michelle.puspita@yahoo.co.id,"Gg. Ahmad Dahlan No. 45, Madiun, Maluku Utara 01332",9929275157607085
4436,Vera Putra,F,1955-04-28,3171016804554479,081276503637,66836875,5367627902797728,vera_putra@yahoo.co.id,"Jalan Jend. Sudirman No. 0, Binjai, KB 77191",9976026461337139
4437,Hafshah Yulianti,M,1958-04-29,3301012904586382,+628772032345,6456626214187,5328391771585845,hafshahyulianti756@ymail.com,"Jl. Gardujati No. 9, Palembang, JB 57552",9978433145932110
4438,"Pangestu Nugroho, M.Kom.",M,1988-02-23,5101012302885987,08977824022,504184609,5285235611452328,"pangestu_nugroho,_m.kom.72@ymail.com","Jl. Medokan Ayu No. 229, Ambon, LA 11160",9984505342624320
4439,"Padma Waluyo, S.E.I",F,2007-07-17,3102015707078630,08975857798,7509092830,5337184707225302,"padma_waluyo,_s.e.i815@gmail.com","Gang Jend. Sudirman No. 278, Pekanbaru, Kalimantan Timur 52448",9985833500993030
4440,"Tgk. Damu Jailani, M.Kom.",F,2003-02-24,7101016402035660,08985320343,19041542,5255981380967381,"tgk.damujailani,m.kom.244@ymail.com","Jl. Sentot Alibasa No. 5, Pasuruan, DKI Jakarta 01248",9978869684824392
4441,"Tgk. Calista Handayani, S.Pt",F,2000-11-08,6101014811000680,08228522098,679880370,6011609645589999,"tgk._calista_handayani,_s.pt@ymail.com","Jalan Kutai No. 18, Pasuruan, KS 52349",9987516338197020
4442,"Sutan Mahdi Yuliarti, M.Kom.",M,1987-05-09,5101010905873485,089866271391,66938409537,5255728415208373,"sutanmahdiyuliarti,m.kom.765@ymail.com","Jalan Joyoboyo No. 1, Denpasar, Aceh 85374",9984657648530530
4443,Tgk. Kamidin Hardiansyah,M,1997-12-09,3701010912974674,+6289675553008,8182595684,6011431388830755,tgk.kamidinhardiansyah620@ymail.com,"Gang KH Amin Jasuta No. 23, Padang Sidempuan, KT 91472",9951111851166435
4444,Dt. Lukman Hutapea,M,1956-07-06,7301010607560983,08386526505,34458788,5147835682551646,dt.lukmanhutapea103@outlook.com,"Jalan Yos Sudarso No. 8, Bitung, Banten 67338",9979932802923533
4445,Hari Winarno,M,2008-10-24,3502012410080399,089859562635,709107772,5364473952627776,hariwinarno484@hotmail.com,"Gang Waringin No. 553, Depok, MU 56502",9941317558003115
4446,Cindy Simanjuntak,F,1996-02-05,3171014502966431,081700498745,340720534043582,5307469334706525,cindysimanjuntak27@outlook.com,"Gang Ronggowarsito No. 4, Kupang, Kepulauan Bangka Belitung 71108",9972574823766206
4447,Padmi Halim,F,1997-09-26,3274016609979201,+6285184219763,54681288456734,6011534047630461,padmi.halim908@ymail.com,"Jalan Kapten Muslihat No. 6, Pagaralam, SG 85648",9964684840121552
4448,"Aisyah Lazuardi, S.E.I",M,1984-10-02,3202010210844196,08776812501,124588422568058,5555134339313485,"aisyah.lazuardi,.s.e.i588@outlook.com","Gg. Lembong No. 159, Dumai, SR 40245",9991322480644583
4449,Salman Laksmiwati,F,1993-08-01,3302014108934062,08785507542,43645196764990,6011570881746138,salmanlaksmiwati@ymail.com,"Gang Gegerkalong Hilir No. 3, Magelang, Kalimantan Timur 89601",9936474784480303
4450,Hardi Natsir,F,2008-01-18,3302015801089916,089648500949,10009768653259,5350398224932771,hardi.natsir123@outlook.com,"Gang Kiaracondong No. 95, Manado, Sulawesi Barat 44363",9997669526490697
4451,Reksa Sinaga,F,1963-09-13,3273015309633109,+628515543429,19185394,5203274533883391,reksasinaga244@yahoo.co.id,"Gg. Suniaraja No. 78, Payakumbuh, Kalimantan Timur 26571",9990387127638539
4452,Cindy Mulyani,F,2007-09-10,3271015009079981,08330600909,64567266,5578368405204243,cindy_mulyani@ymail.com,"Gang Erlangga No. 84, Metro, MU 98436",9975189176594218
4453,Bagiya Kuswandari,M,1997-01-17,3202011701977446,+628834694076,285964633,5200784799164146,bagiya_kuswandari@ymail.com,"Gg. K.H. Wahid Hasyim No. 081, Tebingtinggi, Sulawesi Tengah 60346",9928022894100072
4454,"KH. Bancar Hartati, M.TI.",M,1998-01-22,3101012201981958,08810212555,81952168872,6011090353798181,"kh.bancarhartati,m.ti.975@outlook.com","Gg. Rajiman No. 963, Sawahlunto, Sulawesi Selatan 78700",9928442262451608
4455,Uchita Santoso,M,1960-09-15,3303011509604692,08139500777,39025923754119,4413423871427321,uchita.santoso@yahoo.co.id,"Jl. Jakarta No. 974, Bukittinggi, SS 31643",9933413683870658
4456,Talia Pertiwi,M,1956-09-20,3104012009569513,+6288220005990,88478624203007,5288258109898296,talia_pertiwi@gmail.com,"Jl. Asia Afrika No. 105, Denpasar, Maluku Utara 81204",9929848536550029
4457,"Kairav Farida, M.Ak",M,1970-08-22,3176012208704339,+628825276347,16685878449,5416194880126922,"kairavfarida,m.ak@outlook.com","Gg. Kapten Muslihat No. 54, Madiun, JI 80859",9933849292881134
4458,"Tgk. Putri Fujiati, S.H.",F,1973-07-14,3175015407739711,08817765151,8525993573,5246118174519288,"tgk._putri_fujiati,_s.h.765@outlook.com","Jl. K.H. Wahid Hasyim No. 5, Mojokerto, BA 09984",9939962331214065
4459,"dr. Elma Kuswandari, S.Farm",M,1999-05-28,3176012805991132,088442233544,35380154197,6011081262045275,"dr._elma_kuswandari,_s.farm166@ymail.com","Gg. Jakarta No. 43, Bau-Bau, Sumatera Utara 24350",9916181945346340
4460,R. Tasnim Siregar,F,1998-01-13,3602015301980389,08210096786,624407225543160,5587297211449773,r.tasnimsiregar52@hotmail.com,"Jalan Ciwastra No. 5, Kota Administrasi Jakarta Utara, KU 73725",9966500303965597
4461,Maimunah Napitupulu,F,1997-05-02,3271014205978366,08143066077,39360955930,5390941459025519,maimunah_napitupulu@hotmail.com,"Gg. Siliwangi No. 6, Surakarta, Banten 63425",9970814120621883
4462,"Ir. Nadine Farida, S.E.",M,1984-10-23,3105012310849262,089689225169,643216447,4225789563276064,"ir..nadine.farida,.s.e.958@ymail.com","Gang Veteran No. 297, Kota Administrasi Jakarta Utara, SS 82455",9976370023093792
4463,"Dr. Ella Setiawan, S.E.I",F,1967-06-24,3301016406677254,+628230070921,450003978435,4920567345366249,"dr.ellasetiawan,s.e.i@hotmail.com","Gg. Medokan Ayu No. 9, Bukittinggi, Aceh 07718",9962775491726862
4464,Paris Sihotang,F,1983-06-30,3273017006839764,089973994859,23393458755485,5341144646629145,parissihotang485@ymail.com,"Jalan Siliwangi No. 25, Semarang, DKI Jakarta 54349",9989232548071553
4465,Malika Hakim,M,1994-09-13,6101011309948416,085697718114,28115905994774,5216835173311702,malikahakim@yahoo.co.id,"Jl. Otto Iskandardinata No. 281, Banda Aceh, JA 13805",9947058290800594
4466,Heryanto Nababan,M,1989-11-22,3271012211896690,08852302157,71835303877,5457972708042483,heryantonababan@yahoo.co.id,"Gg. Pacuan Kuda No. 40, Tarakan, BA 17720",9922200903892092
4467,"Tgk. Novi Mustofa, S.E.I",F,1979-11-26,5103016611798795,08114713262,11094348995,4508388882209046,"tgk._novi_mustofa,_s.e.i152@outlook.com","Jalan Joyoboyo No. 172, Sabang, KI 51982",9970729743687320
4468,"Ir. Wakiman Uyainah, M.TI.",F,1999-11-14,3103015411993294,08526902166,9702499852,6011067409782124,"ir._wakiman_uyainah,_m.ti.491@yahoo.co.id","Gang Kutisari Selatan No. 93, Purwokerto, SU 61969",9927207588890226
4469,"Belinda Wacana, M.TI.",M,2005-03-12,3204011203053983,08219877552,315633994,5102635891414077,"belinda_wacana,_m.ti.@hotmail.com","Gang Gedebage Selatan No. 847, Cimahi, ST 94979",9956609334189764
4470,"Calista Laksmiwati, S.Pt",M,1960-03-24,3202012403600990,08782901714,48716698628,5305510700171526,"calista_laksmiwati,_s.pt@outlook.com","Gang H.J Maemunah No. 090, Tual, Nusa Tenggara Timur 30452",9976030204415451
4471,Lanjar Januar,M,1965-05-08,7102010805651720,08999071000,303924815557829,5121731135124028,lanjarjanuar994@yahoo.co.id,"Gg. Raya Setiabudhi No. 46, Metro, Papua Barat 42098",9946985889178848
4472,Yani Suryono,M,1976-10-10,3302011010768597,08834219189,500196462,5438823870281936,yanisuryono@yahoo.co.id,"Jalan Yos Sudarso No. 181, Kota Administrasi Jakarta Timur, JI 02090",9978046525852245
4473,"Bakijan Widodo, M.Kom.",M,2007-10-03,3105010310073666,082246106046,109877347,5497554798534775,"bakijan.widodo,.m.kom.@outlook.com","Gg. Dipatiukur No. 3, Dumai, SU 82406",9919342238091308
4474,Dr. Labuh Yulianti,F,1983-04-25,3173016504838082,08968404387,74284590,5293503798987594,dr..labuh.yulianti731@outlook.com,"Gg. HOS. Cokroaminoto No. 62, Palembang, Banten 17702",9981322820147388
4475,Kenes Permadi,M,1973-02-06,3271010602731734,+628147458026,1262738755495,5459612912187530,kenespermadi@yahoo.co.id,"Jalan Asia Afrika No. 9, Surabaya, JB 89695",9965156661556377
4476,"Elisa Usamah, S.I.Kom",M,1982-08-18,3105011808829143,081758205040,519661256751010,5272639667659214,"elisausamah,s.i.kom865@gmail.com","Jalan Pasteur No. 59, Manado, Kalimantan Selatan 60581",9917388185351711
4477,dr. Dina Prasetya,F,1960-04-24,5103016404603717,08838183623,895837899391,5310949023853725,dr.dinaprasetya619@gmail.com,"Gg. Cempaka No. 34, Kota Administrasi Jakarta Pusat, NT 25368",9948987375537203
4478,Silvia Santoso,F,1973-10-19,3701015910739771,087805166916,66064201,5324411194287837,silviasantoso@outlook.com,"Jl. Pasteur No. 93, Tarakan, Bengkulu 70839",9952058716879007
4479,"Enteng Ardianto, S.Farm",M,1974-11-18,3602011811744073,08510055701,82219643,5155294626380656,"entengardianto,s.farm@ymail.com","Gg. Astana Anyar No. 8, Tidore Kepulauan, DKI Jakarta 54830",9959735143777364
4480,dr. Aswani Anggraini,M,1995-02-28,3176012802953160,088107055176,362863096619478,5214699487327290,dr..aswani.anggraini@hotmail.com,"Jl. Jayawijaya No. 218, Banjarmasin, SB 67390",9919423470692973
4481,Ikin Pudjiastuti,F,1970-12-27,3176016712700906,+628977575515,246511263,5193476648076240,ikin_pudjiastuti543@hotmail.com,"Jl. Surapati No. 606, Banjarmasin, Kalimantan Barat 83668",9960116025529225
4482,Muni Suryono,M,2005-07-09,7102010907057677,087809418150,690853570450281,5249960523372025,munisuryono962@ymail.com,"Jl. Peta No. 6, Batam, Gorontalo 49538",9937000826787412
4483,Malika Purnawati,M,2004-03-27,3172012703049484,08132897512,76520499242,5533800582060109,malika.purnawati933@hotmail.com,"Gang Laswi No. 125, Pasuruan, PA 08007",9984029022740588
4484,"Jarwadi Widodo, S.E.",F,1988-07-22,3401016207882709,+628777489512,301904404242630,5368944084092348,"jarwadiwidodo,s.e.100@yahoo.co.id","Gg. Medokan Ayu No. 981, Bontang, Maluku Utara 78537",9957270112745494
4485,"Ir. Digdaya Simbolon, S.Ked",F,1966-10-24,7101016410667032,088363557585,132596603459878,5371574217823172,"ir..digdaya.simbolon,.s.ked47@gmail.com","Gang Jakarta No. 827, Kota Administrasi Jakarta Pusat, Sulawesi Barat 76714",9949505038405782
4486,Kusuma Widodo,M,1985-11-14,3171011411852410,08831762728,49438873936,5520484763357839,kusuma.widodo77@outlook.com,"Jalan S. Parman No. 294, Medan, SB 02491",9952691867736971
4487,Laila Pratiwi,M,2006-11-27,6101012711066047,+6282219267140,908631584248174,5165938228803866,lailapratiwi21@gmail.com,"Gang Jayawijaya No. 664, Bau-Bau, Sumatera Barat 89090",9949382863212964
4488,Ajiono Zulaika,M,1961-06-08,3502010806613590,08144994031,452660832467288,5278402237962746,ajionozulaika154@yahoo.co.id,"Jl. Jamika No. 0, Sungai Penuh, Sulawesi Tengah 46703",9966945106740274
4489,Kajen Zulkarnain,F,1996-06-24,3301016406969640,088263687159,7738999683,4839792627508006,kajenzulkarnain@ymail.com,"Jl. Pelajar Pejuang No. 52, Denpasar, Sumatera Selatan 38632",9951489498510972
4490,Umaya Marbun,M,2001-08-10,3601011008015329,081831357944,428322433068818,4527673080159381,umaya_marbun@ymail.com,"Gg. Cikapayang No. 57, Kota Administrasi Jakarta Timur, Sulawesi Utara 12642",9929116550451239
4491,drg. Kasim Hartati,M,1985-04-14,3273011404853989,08828770613,5092068174,5585284017156785,drg._kasim_hartati833@outlook.com,"Jl. Veteran No. 6, Pangkalpinang, Bengkulu 68618",9935544089437240
4492,Nadia Wibowo,F,1960-08-03,3301014308602548,085277568237,54612493949,5415170629656887,nadiawibowo@hotmail.com,"Jl. Pasirkoja No. 11, Blitar, Sulawesi Barat 53306",9912958532731366
4493,"Dr. Vera Prasetya, M.Ak",M,1999-05-10,6101011005991446,+628554054588,36235314,6011313604998051,"dr._vera_prasetya,_m.ak301@ymail.com","Gang Rumah Sakit No. 68, Madiun, BB 77185",9920246037763545
4494,Irfan Nasyidah,M,1990-05-13,3203011305909755,088284188823,5973327143635,5547876150647570,irfan.nasyidah323@yahoo.co.id,"Jl. Cikutra Timur No. 4, Manado, SN 80356",9999530614363871
4495,Calista Hidayanto,M,1978-11-08,3273010811788830,08168723602,7987369490,5246879274775220,calista.hidayanto784@outlook.com,"Jalan Raya Setiabudhi No. 7, Lhokseumawe, KB 25386",9916805079714761
4496,Mulyono Nuraini,F,2005-02-09,3402014902052309,+628552961882,326803677100005,5254957313460270,mulyononuraini557@ymail.com,"Jl. Pasir Koja No. 090, Banjarbaru, Riau 83691",9925404994610980
4497,Drs. Mursita Haryanti,M,1962-03-17,3101011703621257,+628997646927,40021178673,5132007571515695,drs._mursita_haryanti124@yahoo.co.id,"Jalan Stasiun Wonokromo No. 7, Kota Administrasi Jakarta Pusat, Banten 24324",9927002349600100
4498,Ani Santoso,F,1955-07-15,3101015507553578,08557247338,1220584640,5584418070999180,ani.santoso@yahoo.co.id,"Jl. R.E Martadinata No. 813, Samarinda, Sulawesi Tenggara 41742",9926078067328725
4499,"Saka Zulkarnain, S.Psi",M,2005-12-19,3105011912052515,08961239412,32900906,5421837623154657,"sakazulkarnain,s.psi595@outlook.com","Jl. Dr. Djunjunan No. 211, Surakarta, KS 07814",9981534547296683
4500,Samiah Widodo,M,2006-01-27,3601012701068036,08133975033,71603271031569,5154647739243562,samiahwidodo613@ymail.com,"Gang Ahmad Yani No. 487, Mataram, Kalimantan Utara 59787",9944629439864444
4501,"Ratna Padmasari, S.Farm",M,1989-05-01,3101010105895450,081698302348,95981400219318,5454156468634900,"ratna.padmasari,.s.farm979@ymail.com","Gg. W.R. Supratman No. 29, Surabaya, Kepulauan Bangka Belitung 24417",9923256622785538
4502,Vero Riyanti,F,2007-10-07,3102014710073627,089624014291,98237935,5286599843386834,vero_riyanti@yahoo.co.id,"Gang Merdeka No. 21, Bontang, SB 58107",9922184338441989
4503,Cut Eka Sihombing,F,1998-09-18,3104015809988464,081447305618,7239900826630,5486332485262984,cut.eka.sihombing732@ymail.com,"Gang Medokan Ayu No. 770, Batam, BB 45501",9957290839088202
4504,"Puspa Usada, S.E.I",F,1990-04-12,3602015204906484,+6281992837861,749375766312,5233281506344815,"puspa.usada,.s.e.i131@gmail.com","Jalan Gedebage Selatan No. 4, Surakarta, Sulawesi Tengah 43170",9953047581326974
4505,Widya Puspita,M,2006-05-08,3701010805060296,081559827501,220599187982386,6011901606035656,widya_puspita@outlook.com,"Gang Asia Afrika No. 6, Pematangsiantar, Sulawesi Tenggara 86308",9985306220986037
4506,"Sutan Marsudi Safitri, S.Gz",F,1964-06-14,3171015406649776,+628531563197,6539552337635,6011171915117423,"sutan.marsudi.safitri,.s.gz545@gmail.com","Jalan Cikutra Timur No. 70, Banjarbaru, Kepulauan Bangka Belitung 22406",9930137663774418
4507,Tania Andriani,M,2000-11-03,3204010311005501,+628514651849,775512812,4959733896676458,taniaandriani224@gmail.com,"Jalan Sukabumi No. 62, Pontianak, Sulawesi Selatan 38003",9980316020117552
4508,Simon Halimah,F,1965-10-11,5102015110656693,+6285551946519,43337245332262,4291011069647743,simon_halimah@yahoo.co.id,"Gg. Cihampelas No. 77, Probolinggo, KU 31297",9971514386889547
4509,Eva Permata,M,1982-10-09,3175010910824189,+628996552268,695630077,5261521366384718,evapermata434@ymail.com,"Gg. Gedebage Selatan No. 1, Semarang, NT 43405",9942107933637483
4510,"Muni Hutapea, S.Sos",M,1969-09-01,3201010109695554,+6281406241336,441416930847,4949874989492293,"muni.hutapea,.s.sos@ymail.com","Jalan Monginsidi No. 786, Pariaman, Jawa Tengah 36051",9941381064105235
4511,Mursita Pangestu,F,1996-11-16,3176015611961560,089667632865,68132921785633,5475930673248439,mursita.pangestu@yahoo.co.id,"Jalan Kendalsari No. 5, Madiun, SS 00963",9910903789944824
4512,Purwadi Firmansyah,F,1959-10-28,3172016810592376,+6281876412537,20523726004246,5324792917892588,purwadi_firmansyah242@outlook.com,"Jl. Surapati No. 59, Palopo, KT 01038",9939512712884728
4513,Cinta Riyanti,M,1957-06-23,3602012306579727,081518402529,725972118,5595579294516092,cinta.riyanti473@gmail.com,"Jl. Gedebage Selatan No. 2, Surabaya, KR 89234",9961988187591602
4514,Cawuk Sihombing,F,1983-12-25,3402016512836158,085954965384,7608078269,5562252221646056,cawuksihombing670@gmail.com,"Gang Gedebage Selatan No. 15, Pekanbaru, PA 89598",9984518621404847
4515,Bakidin Oktaviani,M,1978-12-24,3203012412781543,081796139984,905455278536493,5138030343808531,bakidin_oktaviani@outlook.com,"Jl. Merdeka No. 6, Batam, GO 94975",9994765914885413
4516,Shania Januar,F,1963-01-24,3502016401637361,08319561552,8984714784,5250084532173865,shania.januar@yahoo.co.id,"Jalan Peta No. 827, Metro, Gorontalo 64433",9970486789915205
4517,Ajiono Sudiati,M,1989-09-13,3176011309895158,085723857463,34237570,5401914699944936,ajionosudiati809@gmail.com,"Gg. Jend. Sudirman No. 9, Tegal, Kalimantan Timur 41040",9961095944165738
4518,Balidin Setiawan,F,1976-04-19,5103015904763499,081622278056,69467598,5351493044803450,balidinsetiawan@gmail.com,"Jalan Asia Afrika No. 916, Metro, YO 58530",9915466000310024
4519,Yulia Hastuti,M,1983-04-02,3175010204837876,08326750677,927792060,5297357013595821,yulia_hastuti@gmail.com,"Jl. Joyoboyo No. 52, Tebingtinggi, SN 19036",9951634659309980
4520,Juli Santoso,M,1959-03-30,3173013003591499,08324078553,48176106,5120889960685745,juli_santoso271@hotmail.com,"Jalan H.J Maemunah No. 632, Denpasar, Kalimantan Timur 63459",9993603370187449
4521,Salman Astuti,M,1976-04-01,3202010104762857,+6288396093644,45611525890330,5297584778739992,salmanastuti@ymail.com,"Gg. Gegerkalong Hilir No. 2, Tanjungpinang, Sulawesi Tenggara 80766",9920321134599593
4522,"KH. Arsipatra Pratiwi, S.Farm",M,1977-07-04,5101010407774428,+628780677370,72563202,5462004160778078,"kh._arsipatra_pratiwi,_s.farm924@outlook.com","Jalan KH Amin Jasuta No. 5, Kotamobagu, NB 76424",9926054759781124
4523,Cemplunk Kuswandari,F,1995-10-16,3302015610955011,+6281629579126,8367847293168,5362797234493611,cemplunkkuswandari@gmail.com,"Gang Ciumbuleuit No. 059, Prabumulih, Jawa Tengah 06908",9968945140861233
4524,Yusuf Prabowo,F,1979-12-29,3502016912791942,085889736365,95959945,5406551297400719,yusuf_prabowo@hotmail.com,"Gg. Monginsidi No. 208, Banjarbaru, Riau 60288",9933529832199253
4525,Hasan Maryati,M,1991-12-14,7301011412918905,+628122221718,744815712347209,5496424765541249,hasanmaryati@ymail.com,"Jalan Dipatiukur No. 80, Kota Administrasi Jakarta Barat, KT 86967",9998850449885332
4526,Emin Salahudin,F,1973-03-30,3175017003737627,08991805775,914489275,5456414965346471,eminsalahudin@yahoo.co.id,"Jl. Yos Sudarso No. 20, Surabaya, SS 28273",9983853019420443
4527,Labuh Suryatmi,M,1985-10-21,7101012110853365,+6285688463919,9634994034726,5507204622173470,labuh.suryatmi178@gmail.com,"Gang Rajawali Timur No. 69, Bandar Lampung, LA 10583",9961158633522472
4528,"Tgk. Rahayu Mulyani, S.Farm",M,1981-07-01,3174010107815568,08997099424,87525433255,5257837812109883,"tgk._rahayu_mulyani,_s.farm298@gmail.com","Gang HOS. Cokroaminoto No. 18, Sungai Penuh, Sumatera Utara 55077",9919447872579953
4529,Ghaliyati Prastuti,M,1982-09-30,3303013009821607,+6289999736455,114659987464,5568652215790000,ghaliyati.prastuti@gmail.com,"Jl. PHH. Mustofa No. 8, Magelang, BT 65287",9920622300931981
4530,Taufik Sinaga,M,1986-02-11,5101011102861837,+6281117211942,814696665,5584092667312970,taufiksinaga@outlook.com,"Gg. Cempaka No. 81, Prabumulih, GO 05754",9959866840129883
4531,Damar Januar,M,1960-08-21,3273012108603493,08531351242,3771420372,5229891237966048,damarjanuar483@ymail.com,"Jl. Laswi No. 2, Prabumulih, JA 51424",9972036305142957
4532,Tgk. Endah Uyainah,M,1966-09-02,3171010209667431,087866024714,6724605288736,5429704635980896,tgk._endah_uyainah637@gmail.com,"Gg. PHH. Mustofa No. 33, Mataram, Jawa Timur 79941",9983726028595167
4533,Ganda Hassanah,F,1987-10-12,3201015210879965,+628210583491,5363001840339,5190013368706061,ganda.hassanah479@outlook.com,"Jalan Moch. Toha No. 319, Bitung, Jawa Timur 54878",9969178091485197
4534,Azalea Novitasari,F,1990-09-06,6101014609902042,081353791808,553056050052435,5340334689452755,azaleanovitasari181@outlook.com,"Gang Pasirkoja No. 906, Kota Administrasi Jakarta Timur, KT 63108",9931764661529081
4535,Manah Hidayanto,M,1963-06-26,3301012606636619,081600670118,830734070063,5175923468832690,manah_hidayanto@yahoo.co.id,"Jalan M.T Haryono No. 486, Subulussalam, Gorontalo 16355",9945581047294891
4536,"KH. Sabri Situmorang, M.Kom.",M,1998-06-10,6101011006981693,+6281678992023,98623252812382,6011788804725204,"kh.sabrisitumorang,m.kom.@outlook.com","Gang Erlangga No. 73, Malang, SG 76716",9946001953457966
4537,"Sutan Gadang Santoso, M.Kom.",M,1998-12-30,3174013012983748,+6281986378224,852145639,5240784893734028,"sutan.gadang.santoso,.m.kom.@gmail.com","Jl. Ciwastra No. 975, Medan, KU 45370",9970004472748695
4538,Zelda Winarsih,M,2000-05-22,3171012205003477,089937896845,7833450120931,5407656343867960,zeldawinarsih@ymail.com,"Jl. Pasir Koja No. 969, Padang Sidempuan, JK 82793",9915372609043793
4539,"Hairyanto Gunawan, S.T.",M,1957-03-31,3104013103576130,081579616241,72218661703712,5268497875885735,"hairyanto.gunawan,.s.t.@yahoo.co.id","Jalan Ahmad Yani No. 7, Tangerang Selatan, JA 17450",9970605582124390
4540,"Hj. Salimah Januar, S.Psi",M,1960-06-25,3272012506607088,+628817391275,8477589784,5425151745610780,"hj._salimah_januar,_s.psi@outlook.com","Gg. Ronggowarsito No. 1, Lubuklinggau, JK 44785",9981942030729061
4541,Drs. Gadang Rajasa,F,2002-04-22,3301016204027562,+6282221885414,804460809267139,5570284322113710,drs._gadang_rajasa340@gmail.com,"Jalan Ciwastra No. 0, Kota Administrasi Jakarta Selatan, Nusa Tenggara Timur 20848",9920387483119043
4542,Wardi Pertiwi,F,1992-02-13,3301015302924494,081544922488,98060463111,4892886587110124,wardipertiwi673@gmail.com,"Gg. Rajiman No. 18, Tanjungpinang, SU 08562",9943453954548212
4543,Latif Uyainah,M,1975-08-26,5101012608759402,089701994254,50559958341,5284210090905543,latifuyainah244@gmail.com,"Gg. Dipatiukur No. 401, Kota Administrasi Jakarta Utara, Sulawesi Tenggara 36412",9973788354906954
4544,"Yessi Santoso, S.IP",F,1972-07-17,3273015707725446,+628512251274,26920075,5551665338934400,"yessisantoso,s.ip141@yahoo.co.id","Gg. Pasteur No. 7, Dumai, SU 51793",9958655907969733
4545,"Garang Mandala, S.I.Kom",F,2005-11-26,3301016611053514,088166975108,5455734946351,5396315033918599,"garang.mandala,.s.i.kom@outlook.com","Gang Antapani Lama No. 65, Bekasi, Sulawesi Tenggara 77157",9955717669518952
4546,"Ilyas Nugroho, M.Farm",F,1996-04-20,3102016004964311,+628522778169,814706434012039,5220169163197201,"ilyas_nugroho,_m.farm@outlook.com","Jalan Jayawijaya No. 8, Singkawang, Kalimantan Barat 93829",9979799116274745
4547,"dr. Iriana Pradipta, S.E.",M,1978-01-01,5101010101788138,08822979482,431015833910340,4556075791999317,"dr..iriana.pradipta,.s.e.838@gmail.com","Jalan HOS. Cokroaminoto No. 124, Padang Sidempuan, MA 61669",9938793093780769
4548,Jessica Purnawati,F,1990-08-17,3173015708900781,081832081782,9217061556981,5239307295027727,jessica_purnawati473@hotmail.com,"Gg. Pelajar Pejuang No. 399, Tanjungbalai, LA 42289",9910963936575411
4549,Okta Rajasa,M,1980-09-04,6101010409806102,085566989591,8032711908294,4296751600210193,okta_rajasa904@hotmail.com,"Gg. Dipenogoro No. 713, Banjar, KS 16622",9954599264499716
4550,"T. Bagya Wibowo, S.I.Kom",M,1993-11-11,3701011111931357,+628550029503,6664380442,5446491205670439,"t._bagya_wibowo,_s.i.kom438@gmail.com","Gg. M.H Thamrin No. 0, Palangkaraya, YO 62175",9953039683961015
4551,Rahayu Maulana,F,1977-10-29,3274016910773664,08829718834,198649103941,5459354100698581,rahayu.maulana492@yahoo.co.id,"Jl. Cikutra Timur No. 467, Payakumbuh, Sumatera Barat 79889",9917656102678074
4552,Mulya Mardhiyah,F,1956-04-15,3301015504563336,08152535685,2361780363107,5415046153976730,mulyamardhiyah942@ymail.com,"Gang Gedebage Selatan No. 96, Gorontalo, JB 12495",9939997223466008
4553,"Catur Padmasari, M.Farm",F,1970-01-01,7102014101707537,+628577947359,86497482890,5532576878769751,"catur.padmasari,.m.farm@ymail.com","Gg. Lembong No. 14, Jayapura, Sumatera Utara 51589",9998331068944970
4554,"Oman Najmudin, M.M.",M,1973-01-21,3204012101739947,08565850834,32041799744829,6011515503977920,"omannajmudin,m.m.387@ymail.com","Jalan Peta No. 6, Manado, BE 63828",9919487952911615
4555,Hendri Agustina,M,1964-10-23,3102012310640578,085108903136,36517160,5100775184653231,hendri_agustina@yahoo.co.id,"Jalan Ciwastra No. 27, Palembang, Sulawesi Tengah 74662",9963376451470834
4556,"Dt. Taufik Nababan, S.Psi",M,1998-11-28,5102012811989045,083183920343,242485615,5531578868491338,"dt..taufik.nababan,.s.psi@hotmail.com","Gg. Pasteur No. 97, Malang, BE 47962",9938647162851177
4557,Melinda Nuraini,F,1977-04-13,3203015304776263,08233754280,795705545,5266749986313821,melinda_nuraini@outlook.com,"Gg. H.J Maemunah No. 2, Sabang, YO 81087",9928867858884750
4558,Siti Widodo,M,2001-10-04,3272010410013769,08233599605,59201693981,5342545728595215,siti_widodo@hotmail.com,"Gang Raya Ujungberung No. 8, Purwokerto, Bali 26347",9989300543292127
4559,Sakura Latupono,F,2002-05-09,3174014905023310,+6283280538620,9841377026,5311798076127821,sakuralatupono@outlook.com,"Jalan Ciwastra No. 7, Palangkaraya, Kalimantan Barat 01835",9981068978412969
4560,"Dr. Enteng Maheswara, M.M.",F,1998-01-09,3271014901983639,08556398352,203271826,5463471640599121,"dr..enteng.maheswara,.m.m.@outlook.com","Jl. Pasirkoja No. 06, Sabang, Aceh 69575",9987648565360477
4561,Elma Wibowo,F,2008-08-07,3502014708086203,082130850876,26553741,5403333723780262,elma.wibowo@yahoo.co.id,"Gang Cikutra Timur No. 57, Tomohon, YO 79845",9949559472612517
4562,Hasna Winarsih,M,1989-07-22,3401012207894369,+6288443903794,26015295099612,5153438549704250,hasna.winarsih380@hotmail.com,"Gg. Cihampelas No. 956, Tangerang, Maluku 53221",9954583394416397
4563,"Hj. Putri Rajata, S.Pt",M,2007-07-07,7101010707076661,08982666457,35159267,5594026410861426,"hj._putri_rajata,_s.pt649@outlook.com","Gang Dipenogoro No. 59, Depok, JK 64396",9956286843156591
4564,Makuta Sudiati,F,1994-02-01,3103014102941462,+6283217612447,981370444466,5555969822500134,makutasudiati646@hotmail.com,"Jalan Kebonjati No. 3, Pangkalpinang, JB 51421",9953848533942170
4565,Irma Farida,M,2000-11-25,3272012511005914,+6281773290220,8370703818,5537900354454820,irma.farida146@ymail.com,"Gang Sentot Alibasa No. 086, Bandung, Sulawesi Tengah 69421",9950059868599669
4566,Mumpuni Habibi,M,1979-04-15,3173011504795535,085284002764,688878849,4293430727656217,mumpunihabibi457@gmail.com,"Gang Cihampelas No. 6, Batam, Sumatera Selatan 81636",9918661145922178
4567,Kemal Wasita,M,1957-03-26,3171012603572042,082311789517,10707652127,5145299592114631,kemalwasita@ymail.com,"Jalan Pasir Koja No. 09, Malang, Sulawesi Tengah 61851",9933292581362731
4568,Ir. Rahmat Andriani,M,1975-08-25,3271012508754367,08319978985,581649744,5352517477359343,ir._rahmat_andriani467@ymail.com,"Jalan KH Amin Jasuta No. 88, Surabaya, Maluku Utara 41088",9945442195303735
4569,Umi Sinaga,F,1965-04-13,3171015304653609,083329423591,357644665984364,5492194059106562,umi_sinaga1@hotmail.com,"Gang Kapten Muslihat No. 6, Palembang, Jawa Timur 94480",9952822905765907
4570,"Hamima Nuraini, M.Kom.",F,1989-06-18,3171015806899505,08522203273,90899905,5203359811251543,"hamima.nuraini,.m.kom.317@outlook.com","Gg. Erlangga No. 798, Palu, Nusa Tenggara Barat 94634",9950007330031649
4571,Elma Anggriawan,F,1965-10-12,7101015210657138,081601011180,947436091540,6011876349747056,elma.anggriawan@yahoo.co.id,"Jl. Kutai No. 2, Bekasi, Sulawesi Barat 81672",9919281540409019
4572,Raina Waluyo,M,1995-03-30,3176013003951108,08591860224,917283761,5305208673238211,raina_waluyo557@yahoo.co.id,"Jl. Cikapayang No. 283, Kota Administrasi Jakarta Timur, JI 73108",9913809544481263
4573,Zulaikha Damanik,M,1966-12-12,3271011212666261,+6285995670815,1809157106,4563605696727624,zulaikha.damanik@yahoo.co.id,"Gg. Yos Sudarso No. 9, Batam, Riau 28445",9946630687245641
4574,Harjaya Saefullah,M,1970-10-13,7102011310706635,+628584481078,944091536000266,5304780471714338,harjaya.saefullah@gmail.com,"Gang Kutai No. 0, Bontang, KI 81950",9961618229805772
4575,Prasetya Utama,F,1956-03-27,3602016703562890,089633069342,9498035022922,6011273720203278,prasetyautama963@gmail.com,"Gang Ciwastra No. 8, Cirebon, BT 65955",9974852993233015
4576,Lili Natsir,M,1964-04-19,3501011904640412,+6287776420709,858602492,5258606047239617,lili_natsir787@ymail.com,"Gg. Cihampelas No. 578, Payakumbuh, BT 87262",9993713718286639
4577,Ophelia Nurdiyanti,F,1995-05-26,3272016605951932,085225994123,2572575542,5281339643656481,ophelia_nurdiyanti@hotmail.com,"Gg. Rajawali Timur No. 7, Pangkalpinang, Papua Barat 25726",9924690974968316
4578,Victoria Suryatmi,M,1957-11-10,6101011011572106,085311642477,60647378213,5337027316013620,victoria_suryatmi166@hotmail.com,"Jalan Suryakencana No. 803, Salatiga, Aceh 53523",9960755415238791
4579,T. Ilyas Winarsih,M,2008-05-29,3203012905083166,082312616382,26203438890,4975338429519329,t._ilyas_winarsih426@outlook.com,"Gang Indragiri No. 78, Sorong, Kalimantan Barat 85655",9924808219995191
4580,"Cut Kani Mansur, M.TI.",F,1999-08-27,5102016708997402,+628167354840,3389545623562,5435309299082313,"cut.kani.mansur,.m.ti.320@gmail.com","Gg. PHH. Mustofa No. 424, Kota Administrasi Jakarta Selatan, PA 20394",9985186159606625
4581,Hilda Prayoga,F,1985-06-27,3502016706852785,08227190682,26363782579390,5400678961663358,hildaprayoga92@outlook.com,"Jalan Rajiman No. 2, Subulussalam, Jawa Timur 94583",9944523147925645
4582,"Hj. Septi Sitorus, S.E.",F,1984-04-13,3103015304847475,088394759075,6045985049,5289724121379202,"hj._septi_sitorus,_s.e.109@ymail.com","Gang Tebet Barat Dalam No. 5, Mojokerto, Sumatera Barat 02440",9981275261603490
4583,Balamantri Suwarno,F,2001-03-08,3501014803014531,085846143565,751648893660,5537113463046426,balamantrisuwarno515@ymail.com,"Gg. Pasteur No. 8, Jayapura, Sulawesi Utara 17887",9987345361115673
4584,Citra Tampubolon,F,1985-05-18,3101015805850507,+628573402159,166717395,5166604482775418,citratampubolon146@gmail.com,"Jalan Stasiun Wonokromo No. 07, Prabumulih, Nusa Tenggara Barat 98675",9917240059240286
4585,Capa Namaga,F,1973-03-24,3601016403735123,08788379298,664475980880715,5149753139751319,capanamaga@ymail.com,"Gang K.H. Wahid Hasyim No. 0, Pangkalpinang, Jawa Timur 55258",9963602687891661
4586,Tgk. Ellis Siregar,F,1985-08-13,3701015308858712,08191529703,874857528,4346570612950835,tgk._ellis_siregar507@gmail.com,"Gg. PHH. Mustofa No. 112, Kota Administrasi Jakarta Barat, MU 16737",9971289486838930
4587,"Rizki Suartini, M.Kom.",F,1969-05-01,3102014105691666,088571445633,34703347533211,5423444571540698,"rizki.suartini,.m.kom.730@ymail.com","Jl. Jend. Sudirman No. 544, Kota Administrasi Jakarta Barat, KI 75843",9956642579148441
4588,Budi Yuniar,F,1980-05-10,3274015005804120,+628381618402,6985257551967,4014541877249087,budi.yuniar463@hotmail.com,"Jalan Asia Afrika No. 2, Palembang, NB 58955",9979102366620163
4589,"R.A. Anastasia Rajata, S.I.Kom",M,1963-04-17,3602011704636900,082105837746,326186918,5337859823475790,"r.a._anastasia_rajata,_s.i.kom737@gmail.com","Gg. Surapati No. 6, Pariaman, Gorontalo 99964",9933896640021221
4590,Edi Rahmawati,M,1998-05-25,3201012505982702,083138440911,160972960077,5135407689664942,edi_rahmawati@ymail.com,"Jl. Gedebage Selatan No. 291, Kota Administrasi Jakarta Timur, JT 94111",9957573489678979
4591,Daniswara Ramadan,F,1979-08-16,3174015608794199,08840790736,472342987442,5220083456702353,daniswara.ramadan160@hotmail.com,"Jl. M.T Haryono No. 901, Bengkulu, SB 87180",9923242928214227
4592,"Sutan Reksa Hutagalung, S.H.",M,1967-09-08,3204010809670992,081911751039,11069670,5539161888462328,"sutan_reksa_hutagalung,_s.h.389@hotmail.com","Jl. Joyoboyo No. 328, Sorong, JA 18560",9945336646105889
4593,"Nadine Latupono, S.T.",F,1975-09-24,3602016409752147,+628520556772,266855104145882,4488745006321501,"nadinelatupono,s.t.994@outlook.com","Jl. BKR No. 1, Tanjungpinang, Sulawesi Utara 55831",9911427758768691
4594,Ibrani Maryadi,M,2003-09-10,3501011009033626,+6285709899266,8690839079,5317029304656254,ibranimaryadi466@yahoo.co.id,"Gg. Kutai No. 04, Kendari, Sulawesi Barat 08829",9976045500073155
4595,Bambang Puspasari,M,1955-07-25,3701012507558254,085532205776,50917080,5235493715628453,bambang.puspasari@gmail.com,"Jl. Surapati No. 66, Tebingtinggi, BE 62455",9984794190111418
4596,KH. Bakianto Zulaika,M,1973-05-22,3701012205734832,+628858401785,898622973169,5423601116170331,kh.bakiantozulaika681@ymail.com,"Jalan Ahmad Yani No. 5, Lubuklinggau, Papua 37972",9969038281859083
4597,"Tgk. Wani Thamrin, M.TI.",M,1981-08-26,3502012608811234,08835454687,416805015633704,5226795004273542,"tgk.wanithamrin,m.ti.@hotmail.com","Jl. Ir. H. Djuanda No. 459, Pasuruan, Kepulauan Riau 62167",9912128538171025
4598,Julia Hassanah,F,1984-01-14,3204015401843959,08776002197,49152508350,5563258079996243,julia.hassanah@hotmail.com,"Gang M.H Thamrin No. 1, Meulaboh, KT 29640",9940419595849619
4599,Bakiono Melani,F,2004-10-28,3701016810044792,+6285296872933,405864086079,6011239212845399,bakiono_melani877@gmail.com,"Gg. Pasteur No. 99, Kediri, JK 18798",9960696674372583
4600,"Cemani Nainggolan, S.I.Kom",F,1982-10-30,3272017010821144,08131001531,341087922630977,4032991714830351,"cemaninainggolan,s.i.kom@outlook.com","Gg. S. Parman No. 05, Magelang, Nusa Tenggara Timur 47912",9983167216458339
4601,Gandewa Kuswandari,F,1965-02-21,3272016102659861,089729746719,58658313,4152493844618932,gandewa.kuswandari@outlook.com,"Jl. Siliwangi No. 8, Salatiga, BE 89104",9940767753280742
4602,"R. Pranata Gunawan, M.Ak",M,1960-08-05,5102010508609874,+6283373631117,1483261789,5105259139710418,"r..pranata.gunawan,.m.ak@outlook.com","Gg. Jamika No. 84, Tasikmalaya, LA 93373",9955751570887756
4603,"R. Kiandra Firmansyah, M.Pd",F,2007-10-25,3274016510071546,08826747933,6060736623,4709588655623082,"r..kiandra.firmansyah,.m.pd@yahoo.co.id","Jalan Kiaracondong No. 8, Padang, Nusa Tenggara Barat 65486",9962363611608021
4604,Cager Wahyuni,F,1995-09-11,3402015109957689,+628135110702,623103559088,4128114288022842,cager.wahyuni536@yahoo.co.id,"Gang M.T Haryono No. 004, Padang Sidempuan, NT 16511",9966330888285021
4605,"Hj. Faizah Oktaviani, M.Ak",F,1978-08-15,3102015508784072,08333069993,1016221357,6011112616384871,"hj..faizah.oktaviani,.m.ak@hotmail.com","Jalan Merdeka No. 868, Solok, Sulawesi Utara 70425",9934911667835791
4606,"Banawi Purnawati, M.Farm",F,1993-10-18,3602015810938384,08985578236,54301765,5254528513503292,"banawipurnawati,m.farm153@gmail.com","Jl. Astana Anyar No. 95, Singkawang, LA 97414",9914240442916645
4607,Karta Lestari,M,1972-09-08,5101010809728215,+6285527829169,179048891835,5279202330719415,kartalestari@gmail.com,"Jalan Soekarno Hatta No. 5, Kendari, Lampung 92021",9921694162680380
4608,R.M. Asman Natsir,F,1968-06-22,3274016206680870,088453241259,43013249,5270366272992739,r.m.asmannatsir502@gmail.com,"Jl. S. Parman No. 280, Purwokerto, SG 53941",9929923302377744
4609,Prabowo Farida,M,1960-11-30,3174013011603088,08599183327,2171144402,5114654461777730,prabowo.farida125@yahoo.co.id,"Gang M.T Haryono No. 58, Sungai Penuh, Kalimantan Barat 74331",9921648175415133
4610,Indah Hassanah,F,1997-08-22,3272016208976923,+6285224960697,851736827,4959018376127844,indah.hassanah@yahoo.co.id,"Gg. Kebonjati No. 6, Ternate, SB 33989",9956265671789675
4611,"Drs. Ulya Firgantoro, M.Ak",F,1995-01-23,5102016301955858,08516241183,2294218129533,6011197094910667,"drs.ulyafirgantoro,m.ak962@gmail.com","Jalan Rajawali Barat No. 315, Ambon, Kepulauan Riau 28159",9924523461110925
4612,Pranata Waluyo,F,1968-09-15,7101015509682913,08782648903,111865143087,4135567921839795,pranata_waluyo545@outlook.com,"Jl. Tubagus Ismail No. 0, Kota Administrasi Jakarta Utara, DKI Jakarta 68135",9950229926971437
4613,Samiah Aryani,M,1994-06-14,3701011406940982,08524890763,32093390901,5250033409397154,samiah.aryani204@hotmail.com,"Gg. Kutai No. 183, Tanjungpinang, Sulawesi Barat 88745",9940117186971024
4614,Chelsea Nurdiyanti,M,1998-11-24,3174012411985672,+628962109329,874576434392,5269559236579716,chelsea.nurdiyanti@yahoo.co.id,"Gg. Jayawijaya No. 77, Tual, RI 95035",9920125305117683
4615,Dr. Lukman Gunarto,F,2005-07-11,3204015107050837,+628835896508,853920602,5359647779514093,dr.lukmangunarto@ymail.com,"Jl. Raya Setiabudhi No. 75, Surakarta, MA 69704",9990660314456421
4616,"Dt. Caraka Sihombing, S.T.",M,1965-02-14,3303011402656654,08510269953,31500552,6011888231555794,"dt._caraka_sihombing,_s.t.@yahoo.co.id","Jl. Rajiman No. 240, Kota Administrasi Jakarta Selatan, JA 98785",9918316936443827
4617,"R. Paramita Wibisono, M.Pd",M,1987-01-11,3171011101871686,+6288331393046,33039827,4629677842257330,"r..paramita.wibisono,.m.pd827@outlook.com","Gg. Joyoboyo No. 696, Bekasi, PA 10118",9955545454186103
4618,Samiah Maryadi,F,2008-11-08,5102014811081572,+6285767223430,49358132299936,5355778160441716,samiah_maryadi306@gmail.com,"Gang Asia Afrika No. 17, Pematangsiantar, JB 91759",9939059394236488
4619,Eko Wijaya,M,1974-07-21,3203012107745895,08118399338,7322762560598,5180383497265689,ekowijaya@ymail.com,"Gang Medokan Ayu No. 1, Parepare, Sulawesi Barat 40072",9958943610026088
4620,Niyaga Mangunsong,M,1956-11-16,6101011611567223,+628536057556,30067553,5263716403318551,niyaga_mangunsong718@gmail.com,"Jalan Jayawijaya No. 859, Bima, JT 57855",9960173582345646
4621,Paris Wijaya,F,1957-12-15,7101015512570027,085509498440,4641003781298,5176997205480164,paris_wijaya286@hotmail.com,"Gang Astana Anyar No. 4, Tanjungpinang, Gorontalo 92177",9992398864303438
4622,Yuni Suartini,M,2005-07-28,6101012807055447,08839766240,59208594,5324470534134187,yunisuartini@yahoo.co.id,"Gg. Rumah Sakit No. 3, Tangerang, BA 17789",9953224646257510
4623,Hamima Uwais,F,2000-05-27,3501016705005112,+6289934640784,6093427884895,5173874165376171,hamima.uwais@outlook.com,"Jl. Cikutra Barat No. 687, Kota Administrasi Jakarta Barat, DI Yogyakarta 58430",9970889934781805
4624,Dimaz Setiawan,F,1961-05-17,3175015705618662,08384929676,9818557461973,6011816255685953,dimaz_setiawan477@gmail.com,"Jl. Yos Sudarso No. 99, Madiun, JT 14398",9986431703833927
4625,Bambang Dongoran,M,2002-03-28,3204012803021210,081659646849,935254181,4484556900397967,bambang_dongoran@gmail.com,"Gang Pasteur No. 8, Binjai, KB 63786",9917864595258646
4626,KH. Narji Manullang,F,1964-07-18,3101015807649354,+6281514534937,363781887969,5548060099198120,kh.narjimanullang11@hotmail.com,"Jalan Pasteur No. 1, Manado, KB 43004",9928095560502792
4627,Fitriani Nurdiyanti,M,1990-07-14,6101011407906321,+6281964603814,479435141,4191214296070273,fitriani_nurdiyanti774@hotmail.com,"Gang Joyoboyo No. 18, Makassar, PB 40354",9965321858881804
4628,Rosman Waskita,M,1990-04-18,3701011804905648,081902800035,2248777935,4751236022463442,rosman.waskita404@gmail.com,"Jalan K.H. Wahid Hasyim No. 89, Kupang, Riau 12106",9995347528230685
4629,"Paris Pranowo, S.I.Kom",F,1988-11-17,3272015711883786,081167754847,79548779,5592222286483317,"parispranowo,s.i.kom@outlook.com","Gg. Stasiun Wonokromo No. 412, Banjarbaru, SU 45730",9923817309450995
4630,Asmianto Manullang,F,1979-05-23,3301016305791140,08567217892,582485280,4059405042161082,asmianto.manullang931@yahoo.co.id,"Gang Cihampelas No. 3, Kediri, KS 17205",9955170390932779
4631,"Kezia Utama, M.M.",F,1957-05-14,3204015405576632,085392116918,56305547,5276405134936357,"kezia_utama,_m.m.@yahoo.co.id","Gang Ir. H. Djuanda No. 13, Bogor, LA 13265",9914805073745589
4632,Wisnu Prasetyo,F,1968-06-15,3171015506689095,+6289853446136,4457023703,5580305496415418,wisnu.prasetyo@ymail.com,"Jl. Cempaka No. 23, Malang, PA 99208",9932797185614215
4633,"Jane Firmansyah, S.IP",M,1975-09-25,3301012509759241,085941779107,62535968,4367677644862888,"janefirmansyah,s.ip@outlook.com","Gang Lembong No. 6, Tanjungbalai, Jambi 32763",9958759132238476
4634,Maya Zulaika,F,1989-05-13,3103015305893426,+6288123339445,37496441,5209989367626335,maya.zulaika@hotmail.com,"Jalan Lembong No. 04, Medan, GO 13843",9985187984138562
4635,"Laila Wibowo, S.Pt",F,2006-11-19,3201015911067239,+6285748235261,4993269274352,5331308769500669,"laila_wibowo,_s.pt301@outlook.com","Gang Setiabudhi No. 75, Cimahi, Sulawesi Tenggara 99890",9910087837100820
4636,Bahuwarna Latupono,F,1997-03-27,3204016703977653,+628836195641,1170981386296,5549878814033283,bahuwarnalatupono479@gmail.com,"Jalan Siliwangi No. 858, Tebingtinggi, Banten 10791",9929765159807080
4637,drg. Tri Lailasari,M,1992-03-05,3102010503923676,+6288224343250,3992948117,5546400293191290,drg..tri.lailasari@gmail.com,"Gang Tubagus Ismail No. 473, Cimahi, Kalimantan Utara 09306",9920494120948026
4638,dr. Upik Utami,F,1966-10-25,3101016510664941,08967150560,295852428,4138131846753902,dr._upik_utami653@outlook.com,"Jl. Jakarta No. 742, Parepare, Kalimantan Barat 71050",9940194652281161
4639,Niyaga Widiastuti,M,2000-07-16,6101011607003068,08224850869,378556111493,4938867047960179,niyagawidiastuti@outlook.com,"Gang Dipatiukur No. 138, Banjarbaru, Sumatera Selatan 39334",9991897462101006
4640,Hasan Ramadan,F,1978-07-16,3174015607787263,085738251247,821482826741,4929723883563279,hasan_ramadan279@hotmail.com,"Jl. Dr. Djunjunan No. 42, Singkawang, Gorontalo 47383",9937797661608500
4641,"R.A. Lalita Kusmawati, S.Gz",M,1996-08-08,3602010808962964,08520405727,31105492,5267746054774448,"r.a.lalitakusmawati,s.gz@hotmail.com","Jl. Kutisari Selatan No. 9, Padang Sidempuan, BA 24408",9927484815269703
4642,Yance Handayani,F,1989-05-04,5101014405898802,+628854443770,87061029,5266895948193793,yance.handayani@outlook.com,"Jl. Cempaka No. 78, Probolinggo, Sulawesi Utara 81164",9954856696870197
4643,Yahya Samosir,F,1988-08-25,3303016508881846,+6285237266168,109111296,5265990389254300,yahyasamosir@yahoo.co.id,"Gang Kebonjati No. 6, Padang, Kalimantan Tengah 72872",9943640905863127
4644,"Tgk. Salman Hasanah, S.Kom",F,1980-05-07,3302014705801731,08559280660,403029594,5120790455258894,"tgk.salmanhasanah,s.kom524@yahoo.co.id","Jl. Ciumbuleuit No. 386, Palopo, Jawa Timur 46222",9940313685665860
4645,Ilsa Waluyo,F,1962-07-09,3501014907627130,088310215809,486914787,5279371372132297,ilsa_waluyo@gmail.com,"Jl. Sukabumi No. 91, Meulaboh, Riau 30241",9993587982175010
4646,"Raina Purwanti, S.T.",M,1972-03-03,3271010303727760,081818787542,640744899264853,5205684004371033,"raina.purwanti,.s.t.566@ymail.com","Gang Jayawijaya No. 4, Bima, RI 56948",9960035477317227
4647,Ina Yulianti,F,1974-10-16,3174015610744434,+6289613199015,936783874,5289471935409213,ina_yulianti@ymail.com,"Jl. Raya Ujungberung No. 06, Banjarmasin, Kalimantan Selatan 56264",9972091011520571
4648,Kasiran Thamrin,F,1991-11-10,3401015011913493,08388759342,369198104964688,5196413163882029,kasiran.thamrin@gmail.com,"Gg. Kutisari Selatan No. 72, Sabang, GO 05960",9914357061379449
4649,Melinda Hutapea,M,1972-09-23,3602012309727069,+6283277926948,6998427862,6011506483134481,melindahutapea819@ymail.com,"Jalan Kutisari Selatan No. 67, Bitung, MA 24795",9914601150866647
4650,Azalea Simbolon,M,2003-02-11,7101011102038537,+6285749717998,680874388,4258734107167318,azalea.simbolon726@hotmail.com,"Gg. Sadang Serang No. 572, Denpasar, Kepulauan Bangka Belitung 90536",9995365885081117
4651,Lega Wibisono,F,1963-05-07,3701014705638729,08178845782,34746008386,4964064800593832,lega_wibisono247@gmail.com,"Jalan Siliwangi No. 3, Bukittinggi, Nusa Tenggara Timur 65481",9959438247845372
4652,Balangga Yuliarti,F,1986-11-27,3273016711864876,081564522071,9576874437275,5270443713947334,balangga.yuliarti816@gmail.com,"Gg. Jayawijaya No. 117, Kota Administrasi Jakarta Timur, Kalimantan Utara 06752",9915082209804199
4653,"Tami Tarihoran, S.Ked",F,1969-06-21,3175016106691655,085600261591,772035339323,5389014706176104,"tami_tarihoran,_s.ked335@outlook.com","Gg. Kapten Muslihat No. 588, Bima, KU 28754",9964844224882137
4654,"Kariman Prastuti, S.Ked",F,2008-10-24,3103016410081343,+628233082468,860512667648573,5538525592866731,"kariman.prastuti,.s.ked218@outlook.com","Gang Rajawali Barat No. 829, Surakarta, Kalimantan Tengah 50448",9936058149851440
4655,Jarwi Nainggolan,F,1966-03-19,3105015903668946,08952975397,42566124757,6011921218619954,jarwi.nainggolan@ymail.com,"Gang Tebet Barat Dalam No. 87, Banjarbaru, Kepulauan Riau 57429",9979420578563165
4656,Cakrajiya Hutagalung,F,1986-04-25,3271016504869381,+628557343445,178016395,4310685089078528,cakrajiyahutagalung612@hotmail.com,"Jalan Ahmad Yani No. 730, Kota Administrasi Jakarta Barat, KU 07348",9980237819825885
4657,"dr. Jayadi Sitompul, M.Pd",M,1972-09-05,3175010509722169,+628841523991,74844703371999,6011552129828331,"dr._jayadi_sitompul,_m.pd404@gmail.com","Gg. Pasir Koja No. 9, Palembang, NT 92708",9967026398853792
4658,Okto Hutagalung,F,1975-05-27,3201016705752057,+6281532251827,63874977,5486658349973194,oktohutagalung153@outlook.com,"Jalan PHH. Mustofa No. 448, Padang, SN 17716",9935413012106667
4659,Cemplunk Setiawan,M,1963-05-21,3101012105631830,085652102189,452511688546019,5420006307853854,cemplunk_setiawan@yahoo.co.id,"Jl. Cihampelas No. 725, Makassar, Jawa Timur 62554",9980215506008196
4660,Galiono Natsir,M,1983-11-23,7102012311831068,+6282235237371,402073473046590,6011419397986086,galiono.natsir123@outlook.com,"Jl. Dipenogoro No. 96, Bengkulu, Maluku 08549",9952713501728165
4661,Wisnu Siregar,F,1990-05-04,3201014405909722,08553099907,97909926379034,5354859391673105,wisnu.siregar886@outlook.com,"Jl. Dr. Djunjunan No. 63, Kota Administrasi Jakarta Timur, KT 70143",9997922774650297
4662,R. Tari Budiman,M,1982-11-25,3172012511827337,08580585998,9505927180058,5514119090884489,r..tari.budiman914@ymail.com,"Jalan Raya Setiabudhi No. 5, Bekasi, JK 17992",9927517546589223
4663,Ani Tampubolon,F,1958-03-05,7101014503589557,088347362958,48796613,6011291525742785,ani_tampubolon839@ymail.com,"Gg. Soekarno Hatta No. 335, Mataram, ST 29460",9980800090082605
4664,Opan Mulyani,M,1961-10-10,3104011010614498,08333267089,13876585477,5177917128603156,opan.mulyani421@yahoo.co.id,"Gg. Indragiri No. 3, Pekalongan, BB 26970",9996102427666698
4665,"R. Victoria Haryanti, M.Ak",F,1980-10-15,3102015510805501,08594498841,150643017527637,5594779571823243,"r..victoria.haryanti,.m.ak@gmail.com","Jl. Suryakencana No. 3, Tasikmalaya, Papua Barat 50783",9978236232633388
4666,dr. Sabar Situmorang,F,1992-08-08,3201014808923568,+6289785707163,316188955,5252368962771202,dr._sabar_situmorang165@gmail.com,"Gg. Rajawali Barat No. 65, Bogor, SU 53396",9921603477854417
4667,Almira Hidayat,F,1985-07-07,3271014707850279,+6282140490609,225388360,4869200460690815,almirahidayat@outlook.com,"Gang Tebet Barat Dalam No. 9, Solok, Sulawesi Tengah 99714",9914278770890984
4668,Drs. Rahmi Widodo,F,1978-08-21,3105016108787689,082255858813,12050930810335,5337880479821241,drs..rahmi.widodo@gmail.com,"Gang Sadang Serang No. 05, Manado, Banten 48403",9952309436537863
4669,Kadir Rahimah,F,1976-08-06,3302014608763346,+6288255173482,382062837972552,4136320255602771,kadir_rahimah970@outlook.com,"Gang Pasirkoja No. 92, Ambon, JI 89812",9961205438099855
4670,Nasab Namaga,F,1990-12-16,3174015612900986,08134887581,79578994342053,6011485373388366,nasab.namaga733@outlook.com,"Jl. Rungkut Industri No. 2, Palembang, PB 09525",9913998816677127
4671,Asmuni Nuraini,F,2003-10-13,3103015310036541,+628118900179,58303195138115,5552627865271747,asmuninuraini530@ymail.com,"Jl. Moch. Toha No. 8, Bandar Lampung, Sulawesi Tengah 12600",9937928424762390
4672,Asmadi Prasetyo,M,1999-05-17,3301011705998822,087813734095,5689164046466,5551694825101952,asmadiprasetyo@gmail.com,"Gg. Otto Iskandardinata No. 2, Sungai Penuh, Lampung 46226",9996505637277256
4673,drg. Intan Firgantoro,F,2009-02-14,6101015402090570,089769274074,97477798286,5465332760995087,drg.intanfirgantoro51@outlook.com,"Gg. Merdeka No. 1, Kediri, BB 55470",9926687789521817
4674,Laswi Lailasari,F,1977-09-02,3601014209777937,08956825292,634946872,5319707000349210,laswi_lailasari@yahoo.co.id,"Jalan Cempaka No. 298, Salatiga, Aceh 17621",9921546583956864
4675,Dr. Jarwadi Pradipta,F,2003-10-25,7102016510035805,+6285623216683,89659937,4633071816374826,dr._jarwadi_pradipta142@ymail.com,"Jalan Kapten Muslihat No. 315, Gorontalo, Papua 53220",9952299521955182
4676,"Bakijan Nashiruddin, M.Kom.",M,1985-02-16,7101011602852594,081482489713,849087741332752,5322327854889595,"bakijan.nashiruddin,.m.kom.278@yahoo.co.id","Jl. Abdul Muis No. 1, Blitar, SS 01723",9916797357036143
4677,"Hana Wijaya, M.Kom.",F,1969-04-07,3271014704694548,08386915469,8574272319685,5132678975794117,"hana_wijaya,_m.kom.300@hotmail.com","Gg. M.H Thamrin No. 0, Padang, SS 54238",9921693323351936
4678,Lantar Agustina,M,1964-12-01,3176010112644598,08839599050,5143796568,5451791762163671,lantaragustina740@outlook.com,"Jl. Ronggowarsito No. 015, Samarinda, Sulawesi Tenggara 07443",9922321068990537
4679,"Eka Kusmawati, M.TI.",M,2006-07-17,3502011707063375,082204374207,3187237187828,5168888912710013,"eka.kusmawati,.m.ti.905@yahoo.co.id","Jalan Stasiun Wonokromo No. 1, Mataram, Papua 56420",9955653910233416
4680,Lili Sihombing,M,1962-06-08,3173010806623756,085984590661,7963404840,5567646775468817,lili.sihombing603@outlook.com,"Jalan Sadang Serang No. 924, Tanjungbalai, Bengkulu 42584",9973902391983736
4681,"Limar Pertiwi, S.Pt",F,1967-10-17,3202015710672374,+6285204450767,400696722018979,4609140409382505,"limarpertiwi,s.pt516@yahoo.co.id","Gg. Yos Sudarso No. 244, Kota Administrasi Jakarta Utara, Riau 32788",9994987856628298
4682,"Winda Suryono, S.Psi",M,2001-03-29,3501012903016713,087801777343,6101843536236,5582577360841202,"windasuryono,s.psi@yahoo.co.id","Jalan Bangka Raya No. 9, Medan, Sumatera Utara 25724",9929981067087958
4683,Prasetyo Wahyudin,F,1997-07-24,6101016407978860,08857178791,64609658894,4809297816497626,prasetyowahyudin292@gmail.com,"Jalan Cihampelas No. 6, Kota Administrasi Jakarta Pusat, SN 16442",9981470382031185
4684,"Dr. Ajeng Hutapea, S.Pd",M,1994-01-21,3301012101946031,08231405292,8666642721,6011187084718548,"dr.ajenghutapea,s.pd@ymail.com","Jalan Cihampelas No. 17, Magelang, Sulawesi Utara 12358",9989647774058830
4685,Keisha Wibowo,M,2006-09-23,3402012309069097,08141813724,81708288772,6011273200619117,keisha.wibowo337@hotmail.com,"Jl. Ciwastra No. 6, Yogyakarta, Jawa Timur 62537",9925825796577750
4686,Argono Hartati,M,1983-07-13,3203011307836191,08140471607,447376222993,6011269974834041,argonohartati799@gmail.com,"Jl. Tebet Barat Dalam No. 88, Pontianak, Bengkulu 32316",9950679733863937
4687,Patricia Wacana,F,1971-09-22,3272016209713982,08329082071,730157024349500,4075491753161441,patricia.wacana@gmail.com,"Jalan Raya Ujungberung No. 0, Banjarmasin, SU 46010",9968145387688575
4688,Oliva Kusmawati,F,1988-08-29,3171016908888672,081278771817,793536513490,6011080961325416,oliva.kusmawati@ymail.com,"Jalan Dipatiukur No. 1, Samarinda, Sulawesi Utara 03105",9996465934829908
4689,"Drs. Harsana Nasyidah, S.Pt",M,2001-04-21,3701012104019692,+628810663318,92858547171,6011052072330650,"drs.harsananasyidah,s.pt360@yahoo.co.id","Jl. Cempaka No. 6, Kendari, JT 31424",9962650911630906
4690,R.M. Mahesa Maryadi,F,1967-01-31,3171017101671393,08310398795,190431559412428,4330152953171328,r.m..mahesa.maryadi@yahoo.co.id,"Gg. Dr. Djunjunan No. 38, Bengkulu, BT 40975",9961029237724401
4691,"Lala Dongoran, S.Sos",M,1965-02-15,3103011502652318,085319829543,398824570986090,4594609676381278,"lala.dongoran,.s.sos267@yahoo.co.id","Jalan Gedebage Selatan No. 309, Kendari, ST 40194",9926316663842318
4692,Kacung Tamba,M,1964-07-12,6101011207645746,08314332257,407625295125401,5567518666136414,kacung.tamba734@yahoo.co.id,"Gg. Kiaracondong No. 006, Kediri, Bengkulu 04782",9978083287950995
4693,Faizah Samosir,F,2006-02-20,3401016002069726,08219985638,97937510,4818459299964134,faizah_samosir@yahoo.co.id,"Gg. W.R. Supratman No. 5, Tebingtinggi, SN 49988",9998574991424739
4694,"dr. Tari Iswahyudi, M.Ak",M,1968-04-21,3176012104685691,08382749821,699187914194786,5241268757821237,"dr._tari_iswahyudi,_m.ak@yahoo.co.id","Jalan Rawamangun No. 60, Cimahi, Papua 77245",9911168016886482
4695,Hani Lazuardi,F,1979-06-30,3602017006793200,081208347365,55875788731313,4369506761854721,hani_lazuardi@hotmail.com,"Gang BKR No. 6, Lhokseumawe, SS 01851",9990627286590890
4696,Victoria Prastuti,F,2002-01-10,5102015001029336,08192429397,46481730,5443629139128831,victoriaprastuti42@ymail.com,"Gg. R.E Martadinata No. 9, Lubuklinggau, PB 89134",9969173178119936
4697,Narji Iswahyudi,M,1988-08-24,7102012408886646,089752102795,6005010500867,5102885754367776,narji_iswahyudi918@gmail.com,"Gang Astana Anyar No. 3, Ambon, KS 95637",9999312007259936
4698,Ghaliyati Wacana,F,1988-07-23,3101016307889130,088494896718,622898586246,5264096066349986,ghaliyati.wacana281@outlook.com,"Gg. Jamika No. 314, Bima, GO 53404",9926200145912925
4699,Siti Sihombing,F,2002-11-02,3402014211024936,085678904586,6490723898,4350919827413075,siti_sihombing@hotmail.com,"Jl. Ciumbuleuit No. 1, Lubuklinggau, Papua Barat 79561",9980969981739997
4700,R.A. Tania Tampubolon,M,1961-11-25,3273012511614241,08557010867,766199963,6011121003396476,r.a.taniatampubolon156@ymail.com,"Jl. Surapati No. 395, Tomohon, Papua 78977",9963707873903044
4701,Ciaobella Narpati,M,1994-01-04,7101010401940026,089667510962,685702257,5280802903847764,ciaobella_narpati@outlook.com,"Jalan Pasir Koja No. 9, Lhokseumawe, GO 09690",9941251896059463
4702,Chelsea Mulyani,F,1956-04-07,3501014704568861,088564187013,6635531408255,5259463269103745,chelseamulyani396@gmail.com,"Gang Ir. H. Djuanda No. 666, Ambon, Jawa Timur 11745",9945789996868725
4703,"H. Johan Yuliarti, M.TI.",F,1961-05-01,3174014105613565,088535812558,201260451,5390151758734968,"h._johan_yuliarti,_m.ti.830@yahoo.co.id","Gang Merdeka No. 011, Padang, Bengkulu 30859",9977073506176792
4704,Aurora Wibisono,M,1980-10-12,3401011210808151,085848313080,919852289,6011572135196739,aurora_wibisono@outlook.com,"Gang Soekarno Hatta No. 19, Batam, Kalimantan Timur 22665",9927985260126272
4705,Dt. Banawi Kuswandari,F,1957-07-09,3171014907571827,089822226682,76341128034180,5528480874472145,dt._banawi_kuswandari@yahoo.co.id,"Gang Kutisari Selatan No. 0, Madiun, Sulawesi Tengah 71435",9967493873971528
4706,Arsipatra Setiawan,M,1959-03-02,3174010203599014,08539010182,72605602,5237064561067132,arsipatra_setiawan106@gmail.com,"Jalan M.H Thamrin No. 36, Palangkaraya, SS 86974",9996617485200518
4707,Among Maryadi,M,1969-07-03,7102010307692318,089899487870,22728802803,5484194675032865,amongmaryadi@hotmail.com,"Gg. Rajawali Timur No. 61, Batam, JI 54048",9959722449505755
4708,Kamaria Uyainah,F,1965-11-22,3105016211659652,081901217822,916449124354,5226839528463959,kamaria_uyainah@outlook.com,"Gg. Rajawali Timur No. 321, Tangerang Selatan, SN 77818",9963878894940537
4709,Farhunnisa Suartini,F,2000-08-15,3401015508002461,+6289765405778,166913032373450,5296798231995441,farhunnisa.suartini543@hotmail.com,"Gang Cempaka No. 50, Langsa, Sumatera Barat 74453",9915707680413284
4710,"Dr. Purwa Agustina, M.Kom.",F,1959-08-20,7101016008597704,085653033838,709295482694730,5537938504083898,"dr..purwa.agustina,.m.kom.@hotmail.com","Jalan Yos Sudarso No. 8, Tegal, Jawa Tengah 74051",9997835687356749
4711,Panji Farida,M,1980-11-08,3176010811803887,08331581649,22497763861007,5232570019447309,panji_farida124@hotmail.com,"Jl. Ir. H. Djuanda No. 3, Binjai, KS 42002",9959985717854917
4712,"Wawan Prasasta, S.Pd",M,1984-09-17,7102011709847693,+628993637297,24186875278717,5510496381711829,"wawan.prasasta,.s.pd@yahoo.co.id","Jalan Ronggowarsito No. 5, Bukittinggi, Nusa Tenggara Timur 24293",9941333935820763
4713,Hana Sitompul,F,1963-01-15,3171015501632261,+6287868412080,8499250203048,5509286366888814,hanasitompul194@gmail.com,"Gg. Tebet Barat Dalam No. 759, Palopo, Kalimantan Tengah 16012",9917319999382644
4714,"Amalia Nainggolan, S.Farm",M,1970-10-05,3104010510706249,083356420728,51574846,5510408641406182,"amalia.nainggolan,.s.farm@yahoo.co.id","Jalan R.E Martadinata No. 781, Tarakan, Sulawesi Tengah 84987",9944449091120908
4715,Widya Usamah,F,1974-06-29,3174016906745029,08981294929,462269588457,5324059895205988,widya_usamah111@yahoo.co.id,"Jl. Dr. Djunjunan No. 9, Pekanbaru, Riau 55231",9950686713135152
4716,"dr. Padma Andriani, S.E.",M,1967-07-06,3502010607678307,08171878642,23587695,5173472496554937,"dr.padmaandriani,s.e.32@hotmail.com","Jl. Jayawijaya No. 04, Sabang, PB 10163",9918043004217122
4717,Abyasa Hardiansyah,F,1963-03-12,3301015203630004,085575879126,1381337203,5330520967491995,abyasa.hardiansyah@yahoo.co.id,"Jl. Kutisari Selatan No. 07, Depok, JA 56614",9958275121908238
4718,Harjo Mahendra,M,2002-12-27,3701012712029806,+628333778684,930234090450,5110902918380610,harjomahendra96@gmail.com,"Jl. Pasteur No. 9, Sungai Penuh, Lampung 17115",9957389230791464
4719,Bancar Najmudin,F,1962-01-14,3402015401628136,08831569120,47284530,5163508097151047,bancar_najmudin@gmail.com,"Jalan Erlangga No. 65, Salatiga, KB 32425",9932880087075550
4720,Talia Handayani,F,2001-09-27,7102016709016900,08326698227,1889637787,5450787095340956,talia.handayani845@gmail.com,"Gang Jend. Sudirman No. 92, Surabaya, GO 52882",9982498199973783
4721,Azalea Marpaung,F,1983-02-14,3273015402835464,081989285003,7408255810,5114401663888877,azaleamarpaung@hotmail.com,"Gang R.E Martadinata No. 22, Surakarta, KI 67208",9919634058785419
4722,Dr. Uda Maryati,M,1967-08-16,3173011608672693,081390334484,7958889366476,5591854031895441,dr..uda.maryati@ymail.com,"Jl. M.T Haryono No. 22, Sungai Penuh, MU 94066",9914847750069383
4723,Diana Simbolon,F,1988-12-14,3601015412881766,+628332597055,76021992,5332094760830889,dianasimbolon@outlook.com,"Gang Kapten Muslihat No. 975, Semarang, Kalimantan Timur 84196",9953760228876269
4724,Drs. Jelita Utami,M,1964-03-02,3601010203647395,08785132138,39866847778,5395608988333919,drs..jelita.utami775@outlook.com,"Jalan Stasiun Wonokromo No. 4, Samarinda, Sulawesi Tengah 38473",9992490826713025
4725,Qori Narpati,M,1976-01-12,3701011201762920,08387472959,870777916,5534930173226760,qori.narpati911@outlook.com,"Jalan Gedebage Selatan No. 3, Tebingtinggi, SU 15865",9953054286411869
4726,Tirtayasa Saputra,F,1994-12-14,3701015412940917,085398203614,462961656642477,5209688653128415,tirtayasasaputra51@hotmail.com,"Jalan M.T Haryono No. 4, Bitung, AC 76454",9986095027024118
4727,Aurora Marbun,F,1957-01-03,3175014301579594,085104708424,4890264008,5446624406702943,aurora.marbun@hotmail.com,"Jalan Jakarta No. 5, Madiun, Bengkulu 53805",9985189648902340
4728,Lili Sitompul,F,1991-07-08,3175014807917858,08164175160,624028674,5237554609546958,lilisitompul694@gmail.com,"Gg. Astana Anyar No. 070, Banjar, Sumatera Selatan 42348",9913936835865057
4729,Prabu Halimah,M,1987-08-05,3303010508874129,08813977504,978347852845,5543482555599608,prabu.halimah@gmail.com,"Gang Cikapayang No. 9, Sorong, KS 54774",9957495763060101
4730,Bajragin Widiastuti,M,1977-07-17,3176011707771818,+628595509994,549645509339245,5385903858010873,bajragin_widiastuti@ymail.com,"Jalan Wonoayu No. 9, Bau-Bau, Sulawesi Selatan 58751",9989987973475707
4731,Wasis Habibi,F,1969-01-14,3102015401696862,08199285445,44526581409982,6011175156351531,wasis.habibi103@hotmail.com,"Jl. Antapani Lama No. 5, Banjar, Kalimantan Utara 49919",9929474905755319
4732,"H. Tasnim Rajasa, S.Ked",M,1974-11-26,3271012611744307,08778688044,8986258282249,5521051808986869,"h..tasnim.rajasa,.s.ked@hotmail.com","Gang Kendalsari No. 03, Kota Administrasi Jakarta Timur, Kepulauan Bangka Belitung 53058",9997720485458358
4733,"Puti Fitriani Simbolon, S.I.Kom",M,1994-12-16,3502011612946315,081735329554,3423511000657,5122186832467657,"puti_fitriani_simbolon,_s.i.kom@ymail.com","Gang Abdul Muis No. 893, Malang, Maluku Utara 80666",9920407153505195
4734,Among Anggraini,F,1996-10-18,5103015810965572,+6289955884669,59890643,5225222137380938,among_anggraini@hotmail.com,"Gang Cihampelas No. 787, Meulaboh, JI 84817",9972768907747314
4735,"Tgk. Juli Simanjuntak, M.TI.",M,1979-12-15,3272011512791643,085910159380,531704304748,5442137252789651,"tgk._juli_simanjuntak,_m.ti.@hotmail.com","Gg. Sukabumi No. 734, Kupang, KB 19914",9949432245649252
4736,Ade Wulandari,F,1965-10-31,3176017110659180,088592576696,873281296670600,5102542788023784,ade.wulandari@ymail.com,"Jalan KH Amin Jasuta No. 0, Subulussalam, BT 34925",9998046643525977
4737,"Latika Hutasoit, M.Pd",M,1957-05-28,7101012805570611,+6285342751343,528488374,5264533248850036,"latikahutasoit,m.pd@yahoo.co.id","Gg. Jend. Sudirman No. 9, Sabang, Kalimantan Timur 84007",9931608100388960
4738,Heryanto Widiastuti,F,1982-11-19,3271015911822779,+6281898411544,145434835,5560714208291903,heryantowidiastuti434@outlook.com,"Jl. Pasirkoja No. 910, Tangerang Selatan, Kalimantan Barat 59163",9962009836459481
4739,"Hana Sirait, S.Kom",M,1966-08-14,6101011408660446,087803978335,46104437250,4027472248727096,"hana_sirait,_s.kom524@outlook.com","Jl. Soekarno Hatta No. 89, Batu, KI 03052",9997132320561438
4740,Damar Ramadan,F,1997-05-25,3274016505973974,081455644636,5127634851164,5281072843254019,damarramadan177@yahoo.co.id,"Gang Cikutra Barat No. 4, Pekanbaru, AC 55405",9971408814779929
4741,"KH. Wawan Uyainah, S.I.Kom",F,1996-05-28,3176016805964369,08125277987,774769061279044,5509458630872234,"kh..wawan.uyainah,.s.i.kom641@yahoo.co.id","Gang Raya Setiabudhi No. 646, Bandar Lampung, SU 31341",9964390091863968
4742,"Ibrahim Maryadi, M.Pd",M,1988-04-12,3302011204884211,089857577587,78899206,5411129403991980,"ibrahimmaryadi,m.pd@hotmail.com","Gg. Rajiman No. 31, Purwokerto, AC 02623",9990657992242430
4743,Daniswara Megantara,M,2005-11-23,3273012311057116,085382542540,87566707393149,5141937099932493,daniswara_megantara683@hotmail.com,"Jl. Antapani Lama No. 079, Meulaboh, LA 39580",9922017614649516
4744,H. Tasnim Zulaika,M,1956-06-22,3701012206563314,085139534646,355971315330607,5504770736052233,h._tasnim_zulaika@hotmail.com,"Gang Ciumbuleuit No. 1, Banjar, Sulawesi Tenggara 30894",9938845379792039
4745,Endah Safitri,F,1976-12-20,3601016012767493,087826792959,935457091943926,4913855515246837,endahsafitri521@outlook.com,"Gg. Monginsidi No. 4, Kota Administrasi Jakarta Utara, DKI Jakarta 65036",9959463768839730
4746,Puti Rahmi Pratama,M,1956-01-22,3701012201561792,088489274160,96822570,5515346602614621,puti.rahmi.pratama@hotmail.com,"Jl. Rawamangun No. 981, Sawahlunto, Sumatera Selatan 46524",9982560822364174
4747,Dr. Cahyadi Aryani,M,1989-05-29,3271012905897400,08971879802,91187088635643,5314860839634200,dr..cahyadi.aryani@ymail.com,"Gg. Lembong No. 406, Blitar, NT 95691",9922204053209971
4748,Endah Suwarno,F,1955-12-25,3273016512558329,+628837597244,4016567317720,5334463634389942,endah_suwarno@hotmail.com,"Gang Erlangga No. 9, Pematangsiantar, DI Yogyakarta 01208",9920031384186226
4749,R. Cinthia Hidayat,F,1966-05-04,5103014405664805,+628127748166,8960229011,6011970331504515,r.cinthiahidayat@gmail.com,"Gang Antapani Lama No. 654, Pontianak, KU 29363",9929152863009910
4750,Salimah Wasita,F,2008-09-05,5103014509088260,+6285854604165,3260894945,5382357585291013,salimah.wasita339@ymail.com,"Jl. Gardujati No. 11, Banjar, Lampung 56798",9918137679108401
4751,dr. Eka Sudiati,M,2006-09-15,3172011509062575,088529507913,84285498700,4620815810970969,dr.ekasudiati@gmail.com,"Jalan Jayawijaya No. 04, Sukabumi, Gorontalo 63340",9915041604425480
4752,Hilda Pratama,M,1961-10-30,6101013010613676,+6288319091044,30249623003,5431476782303781,hildapratama@hotmail.com,"Jl. Waringin No. 617, Kota Administrasi Jakarta Selatan, Sumatera Selatan 58744",9966353551985517
4753,Banawa Mandala,M,1983-08-25,3202012508835600,08989405554,143785581716830,5354922230660951,banawamandala@yahoo.co.id,"Gang Wonoayu No. 648, Subulussalam, BA 64001",9942917748499444
4754,Rini Hutapea,M,1996-09-14,3173011409964563,082232250928,37151366,6011792326309313,rini_hutapea413@hotmail.com,"Jalan Ahmad Yani No. 4, Cimahi, Riau 16315",9968351380957156
4755,"dr. Bakianto Thamrin, M.M.",F,1980-07-05,3501014507802787,088159830710,40429155566,5364498844715555,"dr..bakianto.thamrin,.m.m.132@outlook.com","Gang H.J Maemunah No. 364, Sorong, BA 69452",9979046969400329
4756,"Hj. Mala Farida, S.E.",F,1985-10-15,3105015510857585,08985343974,1725014926167,4604822938360104,"hj._mala_farida,_s.e.117@yahoo.co.id","Gang BKR No. 492, Samarinda, GO 26974",9923155701199537
4757,"R. Ophelia Safitri, S.Ked",M,2002-09-25,3273012509027537,+628174941536,327776032,5516862455561610,"r.opheliasafitri,s.ked235@hotmail.com","Gg. Tubagus Ismail No. 643, Kota Administrasi Jakarta Pusat, KR 96977",9988582820160810
4758,Teguh Sihotang,M,1990-02-07,3103010702902654,+628384425060,91675716,5453614060445564,teguhsihotang@ymail.com,"Gg. Rajiman No. 0, Tomohon, JK 80024",9963710400859112
4759,"Drs. Yulia Hutasoit, S.Gz",M,1965-10-19,3501011910653896,+6281409050238,262174818248,5186905882698845,"drs..yulia.hutasoit,.s.gz@ymail.com","Jalan Lembong No. 36, Singkawang, Lampung 02816",9946411528009136
4760,Harjo Sitompul,F,1965-02-23,3105016302652387,08318696868,90675418875,5256804239738157,harjositompul902@outlook.com,"Gang Cikutra Timur No. 68, Palopo, KR 52882",9931104360505568
4761,Tirtayasa Palastri,M,1972-06-15,3202011506726817,08151108017,58925266,5128054557160291,tirtayasa.palastri52@hotmail.com,"Gang M.T Haryono No. 922, Depok, Papua 87977",9938176574300954
4762,Drs. Yulia Susanti,M,1963-02-11,3174011102638238,085984827494,16832968012,6011658783120958,drs..yulia.susanti77@outlook.com,"Gang Indragiri No. 746, Kota Administrasi Jakarta Barat, SS 05537",9929440766292993
4763,Paramita Pratama,M,1964-12-15,3502011512642299,08332822330,542749270234202,5519119034295835,paramita.pratama@hotmail.com,"Gg. Abdul Muis No. 607, Sukabumi, Sumatera Barat 15061",9926736068135111
4764,Dt. Prayogo Winarno,F,1968-04-15,3103015504685936,089915409265,612897222929998,5463298065165251,dt..prayogo.winarno300@ymail.com,"Jl. Monginsidi No. 0, Dumai, KS 04047",9942256242400945
4765,"Clara Anggraini, S.IP",M,1987-12-29,3301012912879004,08815213653,594012367,5154661845245370,"clara.anggraini,.s.ip@yahoo.co.id","Gang Jamika No. 9, Tual, Kalimantan Selatan 57574",9931293967777589
4766,Yance Namaga,M,2003-09-12,3273011209035507,088212330675,67364927718959,5384746443371265,yance_namaga560@outlook.com,"Gang Jend. A. Yani No. 772, Kota Administrasi Jakarta Selatan, Kalimantan Utara 45303",9989216773407358
4767,Ciaobella Permata,M,1988-05-31,3101013105881620,+628177797669,735371036743810,5570470867734771,ciaobella.permata@hotmail.com,"Gang Gardujati No. 950, Tangerang, SU 43366",9988039689477426
4768,"Drs. Suci Hidayanto, M.Ak",F,1974-05-05,3203014505741251,08829827186,213919884,4946492604488595,"drs.sucihidayanto,m.ak@ymail.com","Gg. Bangka Raya No. 21, Cimahi, Maluku Utara 85788",9989976524122072
4769,Michelle Sitompul,M,1969-02-12,3176011202693444,+6285831149844,8133726453,5173011904534782,michellesitompul@yahoo.co.id,"Gg. Cikutra Timur No. 572, Sungai Penuh, MU 84615",9963967946792761
4770,Ifa Pradana,M,1986-09-08,3174010809862052,08132389853,96740974,5111250463113476,ifa_pradana@outlook.com,"Jalan Abdul Muis No. 56, Sorong, Sulawesi Tengah 82265",9925029470030726
4771,"Raditya Pratiwi, M.Ak",F,1974-06-14,3201015406742652,+6281979831804,5640843534469,5592852944854505,"radityapratiwi,m.ak@outlook.com","Jl. Kendalsari No. 9, Bitung, Nusa Tenggara Timur 30051",9963511740678992
4772,Siska Thamrin,F,1978-02-21,3402016102788349,+6288596220091,2474216104,5278799353810719,siska_thamrin@hotmail.com,"Jalan Cikutra Timur No. 4, Makassar, Sulawesi Tenggara 99816",9967151332556191
4773,"Kacung Sihombing, S.Sos",M,1999-06-08,3173010806995707,08986569189,630369214985452,5454387291230246,"kacung_sihombing,_s.sos@hotmail.com","Jl. PHH. Mustofa No. 560, Kota Administrasi Jakarta Pusat, DI Yogyakarta 46259",9961582358753230
4774,"dr. Umi Setiawan, S.IP",F,1998-08-02,6101014208984761,+628216923786,456796446,5128151042340431,"dr.umisetiawan,s.ip@gmail.com","Jalan Antapani Lama No. 53, Banjarmasin, Bali 67480",9951850781688060
4775,Bakidin Sihombing,F,2005-06-16,3401015606052899,08153204110,7685509178,5224875950303888,bakidin_sihombing652@gmail.com,"Jalan Merdeka No. 5, Manado, SG 60678",9985022952135478
4776,Sutan Bakiman Nashiruddin,F,1956-08-09,3501014908564170,082366846065,302605844065,5330209429009873,sutanbakimannashiruddin@yahoo.co.id,"Jalan Abdul Muis No. 22, Magelang, JT 57231",9920319840184693
4777,Drs. Ilyas Usamah,F,1969-03-06,3302014603697746,08786779493,189343578142,6011037003115754,drs..ilyas.usamah817@ymail.com,"Gang S. Parman No. 13, Pontianak, SG 69990",9922795120147435
4778,"Vanesa Sihotang, S.Sos",F,2004-01-31,3101017101041949,082123119117,814873102,5145088519275625,"vanesasihotang,s.sos286@yahoo.co.id","Jl. Sadang Serang No. 876, Magelang, Papua Barat 73158",9913410912503817
4779,Jaka Januar,F,1994-06-11,7102015106948562,085284631553,3961175150510,5367439331835884,jaka.januar@yahoo.co.id,"Gang Ciwastra No. 9, Pangkalpinang, RI 15203",9911156008393580
4780,Sutan Praba Wijaya,F,1972-12-15,3101015512720263,08117356171,145409285542,5445237002939090,sutan_praba_wijaya40@hotmail.com,"Gang Ahmad Dahlan No. 49, Kota Administrasi Jakarta Selatan, JK 35892",9980584176596834
4781,"Jayadi Ardianto, S.Ked",F,2002-09-02,3202014209029265,+628957695828,5492603156,5361452743027464,"jayadi.ardianto,.s.ked445@gmail.com","Jl. Rungkut Industri No. 245, Palembang, PB 48644",9916223550350302
4782,"Lantar Namaga, S.IP",F,1986-03-27,6101016703869926,+628987542138,31732775740,5233628768874465,"lantarnamaga,s.ip@hotmail.com","Gg. Ronggowarsito No. 34, Bontang, JK 02063",9948473528729212
4783,Sutan Cawisadi Prasetyo,F,2003-07-18,3402015807037642,081738753840,262535550,5249206769828867,sutan_cawisadi_prasetyo542@ymail.com,"Gg. Dipatiukur No. 21, Sabang, SR 41714",9910964997752080
4784,Uli Safitri,F,1971-08-08,3176014808712502,08219676839,15020231154,5434514843292666,uli_safitri@hotmail.com,"Jl. Stasiun Wonokromo No. 56, Mataram, Papua Barat 62484",9966605401059849
4785,Putu Puspasari,M,1997-03-26,6101012603973557,+6288176842859,277727327,5354613995459850,putu_puspasari@hotmail.com,"Gg. Peta No. 8, Tebingtinggi, Sumatera Utara 81238",9930324143566009
4786,"Hj. Kania Hasanah, S.H.",F,1991-11-08,3172014811912579,083299703119,24678613529644,5435644145257838,"hj..kania.hasanah,.s.h.@hotmail.com","Jl. Ahmad Dahlan No. 07, Kupang, BT 32631",9984000658888990
4787,"Prabawa Sitorus, S.IP",M,1964-11-04,3271010411645915,08527108467,464331096863,5205333315849844,"prabawasitorus,s.ip729@outlook.com","Jalan Otto Iskandardinata No. 71, Samarinda, BA 08542",9936524157736704
4788,Saka Maulana,M,1970-02-14,3171011402705443,08840715833,71136328808912,5364807923341332,saka.maulana@hotmail.com,"Jl. Soekarno Hatta No. 21, Manado, Sumatera Selatan 06570",9965098089272529
4789,Hasna Utama,F,1964-12-20,3402016012647141,08952908995,93171275077,5377479122304692,hasna_utama@gmail.com,"Gg. M.T Haryono No. 854, Sungai Penuh, Papua 09851",9986532305882118
4790,Tgk. Aditya Simanjuntak,M,2006-02-03,3273010302067756,088456962455,46558820,5236073215659158,tgk..aditya.simanjuntak@hotmail.com,"Gang Gedebage Selatan No. 737, Banjarbaru, Sumatera Utara 25746",9911890414140591
4791,"Reza Setiawan, S.T.",F,2005-10-16,3173015610059492,08134736118,541246279,5542439617361207,"rezasetiawan,s.t.678@ymail.com","Gg. PHH. Mustofa No. 6, Cilegon, Kalimantan Utara 07026",9956734170810479
4792,"Ismail Mansur, S.Farm",M,2005-05-22,3104012205053530,+628516259528,462090199,5193701650721670,"ismail.mansur,.s.farm@gmail.com","Jl. Ahmad Dahlan No. 459, Sibolga, Sumatera Barat 78248",9998212888268584
4793,Queen Siregar,F,1992-07-26,3102016607926659,085984039173,206044723970968,5268291174931085,queen_siregar867@hotmail.com,"Jl. Suniaraja No. 4, Kota Administrasi Jakarta Pusat, KR 09649",9992321364226447
4794,Kasiyah Safitri,M,1975-09-20,6101012009753816,+628988350307,1520672611,4826187516180024,kasiyahsafitri430@ymail.com,"Jl. Rajiman No. 501, Sungai Penuh, Kalimantan Tengah 84298",9973671884529909
4795,Putri Padmasari,F,1958-10-08,3302014810580703,+628162967481,16958747644076,5512739716609940,putripadmasari@outlook.com,"Jl. Indragiri No. 717, Blitar, BA 80133",9995506475499266
4796,Putri Budiman,M,2000-10-30,3502013010003024,+628190102468,480893439997,5440114415116490,putribudiman446@hotmail.com,"Gg. Monginsidi No. 3, Pasuruan, Kalimantan Tengah 67194",9983905560489138
4797,"Gandi Sirait, S.Farm",F,1987-11-16,5101015611871649,089861526769,96124390208,5106405113639289,"gandisirait,s.farm363@outlook.com","Gg. Rungkut Industri No. 884, Dumai, Sumatera Barat 35966",9977198223964134
4798,"Galih Samosir, S.Sos",M,1963-06-09,3301010906636740,+628210536126,24843350484636,5196638356680040,"galihsamosir,s.sos@gmail.com","Jl. Cempaka No. 92, Parepare, LA 57937",9967471411417563
4799,"Dt. Raditya Maulana, M.Pd",M,1976-01-13,3303011301764649,+628813131666,3293111845238,5133274926416178,"dt._raditya_maulana,_m.pd369@ymail.com","Jl. Cihampelas No. 461, Batu, JT 58048",9939590186081226
4800,"Ir. Karen Latupono, S.IP",F,2003-08-14,3203015408032376,+6288183733891,293214518487056,5359599597818198,"ir.karenlatupono,s.ip@hotmail.com","Gang Rajiman No. 2, Prabumulih, Kepulauan Bangka Belitung 85678",9925653400836050
4801,"Gasti Natsir, S.IP",M,1982-12-27,5102012712822917,08321561291,16191323,5371948167462343,"gasti_natsir,_s.ip@yahoo.co.id","Jl. Veteran No. 72, Kota Administrasi Jakarta Pusat, BB 80774",9958141446657964
4802,Emil Riyanti,M,1969-04-21,3274012104699523,085736614141,943374085060,5185401556850190,emil.riyanti48@hotmail.com,"Gang Rungkut Industri No. 76, Lhokseumawe, GO 07958",9949112837565548
4803,Ibrani Winarno,M,1972-09-16,5102011609728453,+628322143803,15024195460,5310665180821341,ibraniwinarno@yahoo.co.id,"Gg. Dipatiukur No. 94, Kota Administrasi Jakarta Pusat, Jawa Timur 98796",9990335406176435
4804,Nova Maryati,M,2008-12-21,3602012112084645,+628778447133,763262554772108,5361829568096458,nova_maryati453@outlook.com,"Jl. Kiaracondong No. 4, Bekasi, KS 29990",9999308420545980
4805,Panca Widiastuti,M,1967-11-20,3175012011674927,+6282342295007,351151536477313,5213360792252461,panca_widiastuti@ymail.com,"Gg. Veteran No. 505, Mataram, JT 49742",9961526014133045
4806,Asirwada Anggraini,M,2005-10-01,3303010110054314,08820981085,4117395503555,5413699133035451,asirwada_anggraini360@ymail.com,"Gang W.R. Supratman No. 760, Meulaboh, BA 94202",9994481402366328
4807,"R. Sadina Situmorang, M.Pd",F,1963-06-07,3202014706634261,08569765113,9369231819568,4721470689812051,"r._sadina_situmorang,_m.pd422@gmail.com","Gg. Gedebage Selatan No. 49, Samarinda, MA 40180",9989658474646824
4808,R. Wage Pradana,M,1981-05-01,3176010105811789,+628136074406,6250535053,5125600132898331,r._wage_pradana@yahoo.co.id,"Jl. Raya Ujungberung No. 14, Tegal, Jawa Timur 61167",9975474252900423
4809,Melinda Hastuti,F,1981-06-07,7101014706816123,089735976955,761036472,4849460466957194,melinda_hastuti@yahoo.co.id,"Jl. Pasteur No. 1, Pariaman, Banten 72935",9989047817226730
4810,Dr. Hesti Mangunsong,F,1994-09-18,3303015809949875,08823401655,38493426549453,5194187404534091,dr.hestimangunsong@gmail.com,"Gg. Suryakencana No. 50, Kota Administrasi Jakarta Timur, SS 99120",9917711819238245
4811,"Bahuwarna Wastuti, S.Psi",M,1999-12-28,3176012812996191,+628532464485,90542474972616,6011187540733425,"bahuwarnawastuti,s.psi@outlook.com","Gg. Rawamangun No. 22, Malang, PB 51519",9924126179060493
4812,"Gambira Setiawan, S.IP",F,1962-11-16,3203015611626988,082155605380,9695711309,5311687767368596,"gambirasetiawan,s.ip727@hotmail.com","Gang Monginsidi No. 88, Kota Administrasi Jakarta Utara, Papua Barat 58041",9959979758090335
4813,"Puti Betania Kusumo, S.Sos",F,1986-09-23,3175016309867562,+628525624213,2713555154,5140111762298859,"puti.betania.kusumo,.s.sos733@hotmail.com","Jl. Rumah Sakit No. 5, Cimahi, Papua 43442",9922996040032145
4814,Ajimin Saputra,F,1978-02-18,3204015802788986,08117393463,30180096966,5168485035761526,ajiminsaputra87@hotmail.com,"Jalan Monginsidi No. 494, Semarang, PA 43306",9911203302409439
4815,Azalea Saefullah,F,1976-06-16,3103015606768103,085117520056,2030662983,5254613853118918,azaleasaefullah467@hotmail.com,"Gg. Joyoboyo No. 382, Bandung, PA 25802",9979660093803379
4816,"Drs. Eluh Aryani, M.Pd",F,2008-04-27,3602016704088974,+628526804272,6084275927,5528857228829746,"drs._eluh_aryani,_m.pd@outlook.com","Jalan Waringin No. 9, Banda Aceh, Sumatera Utara 68198",9914765961817243
4817,Talia Nurdiyanti,M,2007-04-28,3601012804072017,+6289909047562,303189017125001,5362359386262734,talianurdiyanti402@hotmail.com,"Gang Raya Setiabudhi No. 3, Cilegon, KU 71212",9998643863809807
4818,"Jayeng Ardianto, S.IP",M,2009-01-01,3502010101091543,089960886071,2895403795052,5574876650365653,"jayengardianto,s.ip759@ymail.com","Gg. Cempaka No. 739, Denpasar, Papua 19227",9931133684414766
4819,Wahyu Permata,F,1990-10-25,5102016510900704,+628582647409,598110912,5422254992788885,wahyu_permata@outlook.com,"Jl. Gedebage Selatan No. 537, Yogyakarta, SU 98205",9954156782358728
4820,Maryadi Nababan,M,2006-04-09,3171010904062010,08594184877,31430719,5405405538883963,maryadi.nababan336@outlook.com,"Jalan Ciumbuleuit No. 847, Kota Administrasi Jakarta Barat, KI 52166",9947389497669564
4821,Uchita Suwarno,F,1969-02-08,3104014802694844,08596757363,88542954366385,5267915120107869,uchita_suwarno497@outlook.com,"Gang K.H. Wahid Hasyim No. 787, Bandar Lampung, BE 75257",9963844202282401
4822,"Kambali Nainggolan, S.Sos",M,1975-01-25,3601012501755802,085990064476,43704004663,5471079162926913,"kambali.nainggolan,.s.sos@hotmail.com","Gang Stasiun Wonokromo No. 063, Banda Aceh, SU 18265",9944775531718296
4823,"dr. Zulaikha Pradana, M.Pd",F,1968-07-19,3303015907681057,088495195200,5741870749056,5559315280290374,"dr._zulaikha_pradana,_m.pd@ymail.com","Jl. R.E Martadinata No. 6, Bogor, Kepulauan Riau 21474",9977731468461264
4824,"Jane Rajasa, M.Farm",M,1986-06-15,3301011506863628,08129006452,6905750087942,5318121569728064,"jane.rajasa,.m.farm@hotmail.com","Gg. Soekarno Hatta No. 7, Surakarta, SN 96087",9937454383561013
4825,Ir. Raina Putra,F,2003-06-20,3201016006038855,08189175949,7689086091,5504960205596508,ir.rainaputra348@gmail.com,"Gg. W.R. Supratman No. 931, Subulussalam, SU 77230",9970274687426166
4826,drg. Mala Prastuti,F,1991-04-27,7102016704918534,08328286865,932428329414846,5478798078036771,drg.malaprastuti766@outlook.com,"Jalan BKR No. 159, Magelang, SG 14305",9913682322246410
4827,Harsana Budiyanto,M,1987-12-22,3272012212870597,08197086939,670819714338742,5533931660861348,harsana.budiyanto424@hotmail.com,"Jalan Pacuan Kuda No. 18, Pekanbaru, RI 40081",9959195149094559
4828,R.M. Catur Yolanda,F,1985-12-18,3401015812853779,+628337543594,3292938520633,5423815299133681,r.m.caturyolanda175@hotmail.com,"Jl. Antapani Lama No. 55, Langsa, Jawa Timur 58197",9940930179478693
4829,Kardi Wacana,M,1963-11-10,3501011011631634,085905962000,385007532,4206258231658816,kardi.wacana521@outlook.com,"Jalan Kapten Muslihat No. 261, Palembang, Kalimantan Utara 66053",9973028116094333
4830,"Ir. Indah Rajasa, S.Psi",M,1983-05-13,5101011305831671,089816554051,45211938,6011157663899813,"ir._indah_rajasa,_s.psi171@gmail.com","Gg. PHH. Mustofa No. 1, Cilegon, Kalimantan Tengah 15357",9910075600640462
4831,Lulut Salahudin,M,1987-05-15,3602011505875651,08993249390,80994616,5419360631231246,lulut_salahudin@yahoo.co.id,"Jl. Raya Ujungberung No. 1, Lhokseumawe, SU 65319",9968401419608507
4832,Keisha Sirait,F,1968-01-09,3174014901683154,089681151789,837467070439,5506075092494010,keisha.sirait@ymail.com,"Gg. Pasteur No. 12, Manado, Maluku 91322",9976794085404779
4833,Lintang Dabukke,M,1975-02-26,3104012602759019,+6289906714029,22966964345,4467481385255770,lintang_dabukke@outlook.com,"Jl. PHH. Mustofa No. 5, Pariaman, Kalimantan Utara 43748",9997136800505189
4834,Muni Waskita,F,1996-06-03,5101014306960282,+6282354189220,94610567553,5535192368069150,muni_waskita@ymail.com,"Gg. Dipenogoro No. 8, Pekalongan, Riau 59124",9952700632323976
4835,Uchita Nababan,M,1978-11-20,3303012011786915,+6285769420674,112107086876893,5444122163825766,uchitanababan@hotmail.com,"Jalan Gegerkalong Hilir No. 1, Banjarmasin, Gorontalo 92141",9986547527940238
4836,Ajimin Hutapea,F,2001-08-10,3101015008013634,088167674162,81830165,5348157430231839,ajiminhutapea379@outlook.com,"Jalan Jend. A. Yani No. 480, Kota Administrasi Jakarta Pusat, Kalimantan Barat 48863",9950849646118516
4837,Ajimat Wastuti,F,1966-06-19,3601015906666836,08517142908,512575301010,5515254926838857,ajimat.wastuti797@gmail.com,"Jalan Kutai No. 00, Depok, Kepulauan Riau 38101",9930883976622311
4838,"drg. Clara Hutasoit, S.I.Kom",F,2006-01-20,6101016001065387,+6281452181514,370179219505440,4132206187445089,"drg..clara.hutasoit,.s.i.kom546@gmail.com","Gang Setiabudhi No. 61, Singkawang, Sulawesi Barat 10764",9931781149274785
4839,Ami Utami,F,1979-09-29,3501016909790289,088194484728,590865669,4438859793201169,amiutami@outlook.com,"Gg. BKR No. 14, Kota Administrasi Jakarta Timur, Sulawesi Selatan 08118",9929766318263346
4840,"dr. Agnes Putra, S.E.I",M,1970-10-29,7102012910709086,+628532185738,136312444,5450328698058036,"dr._agnes_putra,_s.e.i176@yahoo.co.id","Jalan Surapati No. 1, Palangkaraya, Kepulauan Riau 31476",9996014793844875
4841,Vanya Waskita,F,1983-07-08,3601014807836439,08833145704,390885988238,5544034087675414,vanyawaskita@ymail.com,"Gang Suryakencana No. 018, Lhokseumawe, Nusa Tenggara Barat 25284",9957141898841667
4842,Prayoga Pratiwi,F,1967-03-04,3104014403672964,+6282174132981,21875023462905,4290289348044293,prayoga.pratiwi@gmail.com,"Jl. Moch. Ramdan No. 0, Medan, KB 72390",9940626106413082
4843,"drg. Melinda Nashiruddin, M.TI.",F,1955-09-27,3103016709556499,089568512126,4880184823425,5517021650567821,"drg._melinda_nashiruddin,_m.ti.389@yahoo.co.id","Gg. Pasir Koja No. 331, Gorontalo, Kalimantan Barat 73421",9981523268625158
4844,Tari Prastuti,F,2006-07-22,3303016207060729,08954925897,391892202,5245562711008395,tari.prastuti@outlook.com,"Gg. Siliwangi No. 205, Yogyakarta, SU 55427",9939337522716536
4845,Ganjaran Maryati,F,1994-04-13,3173015304948652,085782657367,639553257144150,5219976652570964,ganjaran_maryati109@outlook.com,"Jl. S. Parman No. 832, Manado, Maluku Utara 26768",9999648404300545
4846,"Ir. Pia Hariyah, S.Sos",F,1981-02-18,3174015802813216,083878712183,817173675,5452351044709899,"ir..pia.hariyah,.s.sos841@hotmail.com","Jl. H.J Maemunah No. 97, Pekalongan, Jawa Tengah 63585",9999357260330671
4847,R.A. Dalima Hidayanto,M,1993-02-24,3272012402931975,08583837012,113547457,5331764024865790,r.a._dalima_hidayanto@ymail.com,"Gang Raya Ujungberung No. 68, Binjai, Sumatera Barat 92688",9923718920820387
4848,Drs. Kartika Hutasoit,M,1993-11-26,3173012611938741,+6282165963518,444971365314,5598358684726322,drs._kartika_hutasoit810@hotmail.com,"Gg. Rumah Sakit No. 81, Sukabumi, JA 23140",9918027708737753
4849,Hilda Tampubolon,M,1969-07-04,3176010407697356,08845010528,1948459127710,5205202455452979,hilda.tampubolon@hotmail.com,"Gg. Cihampelas No. 689, Banjarmasin, BA 82093",9980797138990418
4850,Icha Suryono,F,2001-12-13,7102015312012757,085176397375,211978916450,6011214241175422,icha.suryono@hotmail.com,"Gang Kutai No. 5, Parepare, DI Yogyakarta 15804",9932227876332840
4851,Diah Hutagalung,M,1977-10-11,7101011110775642,+6289571164603,88441175471195,5416000991433858,diah.hutagalung145@yahoo.co.id,"Gg. Laswi No. 97, Depok, Papua 51169",9977201741491859
4852,Ade Lailasari,F,1987-09-23,3172016309874468,082376633461,6951666933417,5329416339233999,ade.lailasari83@gmail.com,"Jl. Gardujati No. 0, Tasikmalaya, NB 25085",9947349640908735
4853,Salsabila Mandala,M,1983-05-25,3401012505837567,08816460028,85330672,5593826709346313,salsabila_mandala581@ymail.com,"Gg. Kutai No. 68, Ternate, MA 74692",9975145326649116
4854,Lidya Purnawati,F,1972-11-06,3105014611721528,+628788953886,658069285035,5415898108457982,lidyapurnawati995@outlook.com,"Gang Ahmad Dahlan No. 03, Bontang, Sulawesi Barat 12040",9913865041362061
4855,Hasna Permadi,M,1980-09-26,3271012609807994,+628849490708,8497701853066,5551547526511879,hasna_permadi939@gmail.com,"Jl. Moch. Ramdan No. 539, Bukittinggi, BE 08063",9972802662889156
4856,Gawati Hidayanto,M,1997-07-18,3176011807976071,+6289979205451,81410968583568,5393586538937432,gawati.hidayanto629@hotmail.com,"Gg. Siliwangi No. 329, Bitung, JK 71834",9982756470158166
4857,Argono Melani,F,1985-01-03,3274014301854290,088485638842,625456827537865,5215167445199827,argonomelani952@ymail.com,"Jalan Dr. Djunjunan No. 677, Palembang, KR 42824",9958153093461917
4858,Bakianto Samosir,M,1984-02-06,3502010602846322,088498047662,652448406441,5275207062341431,bakianto.samosir@hotmail.com,"Jl. Pasteur No. 180, Singkawang, KR 06595",9958619463654809
4859,Vivi Halimah,F,1967-04-26,3301016604679081,+628193295818,29077499031,5435894290953471,vivi_halimah@yahoo.co.id,"Gang Ciumbuleuit No. 960, Jambi, GO 21070",9970472103231174
4860,Cawisono Suryono,F,1995-02-14,3102015402953010,+6289693975042,41521380409689,6011443778688863,cawisonosuryono@hotmail.com,"Jalan Ir. H. Djuanda No. 2, Padang, KI 84184",9938094232385837
4861,Sarah Prasetyo,M,1985-09-28,3176012809856698,087836276390,18219228,5336870039228870,sarahprasetyo202@gmail.com,"Gg. Abdul Muis No. 468, Palembang, KT 36866",9992119286757283
4862,"Rahayu Agustina, S.Pt",M,1978-06-27,3103012706786249,08168360324,94608220681,5238683351475598,"rahayu.agustina,.s.pt@yahoo.co.id","Gg. Rawamangun No. 91, Banda Aceh, ST 48351",9926326823830063
4863,"drg. Natalia Ardianto, S.IP",M,1995-10-06,7301010610957238,088256781027,81558479392308,5159305867371870,"drg..natalia.ardianto,.s.ip@outlook.com","Gang Rumah Sakit No. 58, Surakarta, Maluku Utara 67385",9963660283296272
4864,Balamantri Prastuti,M,1965-03-29,3271012903651608,081784539986,56344723113145,5226515478757105,balamantriprastuti963@ymail.com,"Gang Siliwangi No. 0, Bekasi, BE 45700",9942383883420469
4865,Lala Mangunsong,M,2004-09-01,5103010109049101,08198024694,42352284,5401177702922231,lala.mangunsong561@yahoo.co.id,"Jalan Siliwangi No. 194, Bukittinggi, MU 87761",9927083985986180
4866,Salsabila Mulyani,F,2004-07-28,7301016807043577,08518403523,792215297850497,5292726430684780,salsabilamulyani810@hotmail.com,"Gg. Abdul Muis No. 0, Denpasar, KI 67360",9917794725319352
4867,Betania Pradipta,F,1975-02-11,7301015102758936,+628845046989,29734213,5106962610810388,betania_pradipta@yahoo.co.id,"Gang Rungkut Industri No. 2, Pagaralam, BB 98512",9984887752556170
4868,Nasab Marbun,M,1971-04-11,3601011104719628,+628383876156,133079598823,5245191732582928,nasab_marbun146@yahoo.co.id,"Gang Kutisari Selatan No. 318, Binjai, KR 56035",9964133110207553
4869,Sutan Jarwi Putra,F,1960-06-15,3303015506600662,083136302832,61275902541,6011957920329882,sutan.jarwi.putra@ymail.com,"Gang Asia Afrika No. 15, Kota Administrasi Jakarta Utara, Sumatera Utara 48743",9973484384155870
4870,Okto Marpaung,F,1987-01-16,6101015601871551,082220697940,39366536,5367833689912026,okto_marpaung266@yahoo.co.id,"Jalan Kutai No. 46, Kota Administrasi Jakarta Utara, Kalimantan Barat 94182",9940383969841973
4871,Janet Sihombing,M,2001-04-20,3502012004010636,08172817196,53267159587501,5184827159981470,janetsihombing739@gmail.com,"Jalan Rajawali Barat No. 1, Lhokseumawe, Sumatera Barat 57499",9921768267580916
4872,"Lalita Saptono, M.M.",M,1997-03-02,3173010203972896,+6288107368354,937939254,5579476897259377,"lalita_saptono,_m.m.@outlook.com","Gang Ciwastra No. 1, Padang, DI Yogyakarta 70279",9975874780199864
4873,Syahrini Halim,F,1991-12-22,7101016212913082,085344426110,776479350231,4549924878412131,syahrini.halim@outlook.com,"Jl. Dr. Djunjunan No. 24, Tangerang Selatan, JA 65346",9970763827324318
4874,Hj. Ellis Ramadan,M,1959-08-11,3401011108598086,088284561868,46001800,5487175903084757,hj..ellis.ramadan406@hotmail.com,"Jl. Cikapayang No. 989, Manado, Maluku 72673",9995881682830176
4875,Taufik Pertiwi,M,1959-01-09,3104010901593588,+628830327389,749916041560120,5392831717652788,taufik_pertiwi@yahoo.co.id,"Gg. Erlangga No. 117, Medan, Sulawesi Selatan 26714",9945751407297503
4876,Ajiono Safitri,F,1957-02-07,7102014702575182,08579058246,9397919668,6011159306162540,ajiono_safitri47@hotmail.com,"Gg. Tebet Barat Dalam No. 6, Purwokerto, ST 43966",9976971507147262
4877,"Maras Uyainah, S.Gz",M,1996-09-22,3401012209963741,08583675607,2240144754,5423826707951199,"marasuyainah,s.gz652@hotmail.com","Jalan Tebet Barat Dalam No. 013, Banjar, Kalimantan Selatan 90257",9927436435217020
4878,Asmuni Purwanti,M,1973-05-14,3272011405734475,08384707808,18868560,6011677909687853,asmuni.purwanti@outlook.com,"Jl. Otto Iskandardinata No. 40, Mojokerto, Jawa Timur 95951",9937182562166243
4879,Farhunnisa Suartini,M,1985-12-16,3203011612856907,+628971844994,6522827194,6011502090662852,farhunnisa_suartini554@outlook.com,"Gang Kutisari Selatan No. 0, Bekasi, NB 31959",9983205184960823
4880,Najwa Padmasari,F,1957-11-14,3105015411575887,085604423302,7749431953126,4133403278912445,najwa_padmasari952@yahoo.co.id,"Jl. Pasteur No. 1, Samarinda, Jawa Barat 28727",9959271458283831
4881,Nalar Lazuardi,F,1977-10-06,3274014610778490,+6281833651709,76090332,6011954292064352,nalarlazuardi791@ymail.com,"Jl. Asia Afrika No. 7, Bitung, BA 52677",9995352872489392
4882,Halima Permata,M,1977-01-12,3301011201772826,08559653542,462728366,4130696166233286,halima.permata@hotmail.com,"Jl. PHH. Mustofa No. 3, Tasikmalaya, DI Yogyakarta 62864",9955388822322286
4883,R. Farah Hutasoit,M,1982-02-24,3273012402827738,+628319153186,520367833983,6011648517700915,r.farahhutasoit362@hotmail.com,"Jl. Pasirkoja No. 88, Lhokseumawe, BB 56426",9996307742685399
4884,Latif Winarsih,F,1971-03-02,3274014203718932,088391029262,12124861,5266952921559789,latif_winarsih@yahoo.co.id,"Jalan Sentot Alibasa No. 161, Bima, LA 19551",9992195019565118
4885,Dirja Budiyanto,M,1969-06-29,3602012906691036,08335004514,5094407055617,4137126804363537,dirja.budiyanto@yahoo.co.id,"Jalan M.H Thamrin No. 3, Pangkalpinang, Riau 52685",9965376889362414
4886,Vanya Sihombing,F,1968-08-02,3272014208682097,08587007286,276189398,5261320251492064,vanyasihombing444@hotmail.com,"Gg. Kebonjati No. 64, Tegal, SN 24666",9993100170834436
4887,"Indah Utami, S.I.Kom",M,2005-12-21,3105012112059835,08239598648,4314560604,6011577990944078,"indah_utami,_s.i.kom@ymail.com","Jalan S. Parman No. 3, Bitung, Kepulauan Bangka Belitung 23524",9998411979372471
4888,"Aurora Kuswandari, S.IP",M,1983-07-24,3402012407836813,+628132537510,927731482,5570439075411496,"aurora.kuswandari,.s.ip@hotmail.com","Gg. Ir. H. Djuanda No. 1, Batu, PB 21243",9993832993174746
4889,"Karman Latupono, S.I.Kom",M,1985-12-08,3272010812856683,08857799154,18740867323,5309847135400141,"karman.latupono,.s.i.kom301@outlook.com","Gg. Stasiun Wonokromo No. 3, Singkawang, JK 94296",9940728389422356
4890,Kani Lailasari,M,1984-09-12,3502011209842721,+6281628333325,527125418,5260047593163784,kani_lailasari856@gmail.com,"Gg. Asia Afrika No. 18, Tidore Kepulauan, Bali 52851",9992007288664565
4891,Yusuf Mahendra,M,1992-08-16,3272011608920065,08597968278,5518546561208,6011111387607773,yusuf.mahendra@outlook.com,"Jl. Cempaka No. 3, Sibolga, Maluku Utara 43584",9955158717034147
4892,"Naradi Natsir, M.Kom.",F,1987-12-03,3271014312871790,08594575975,25194793579430,5558386802750436,"naradinatsir,m.kom.967@yahoo.co.id","Gg. Setiabudhi No. 948, Bontang, PB 67645",9960463520063180
4893,"Dr. Umi Safitri, S.Pd",M,1977-04-16,3175011604777645,081212789431,620606419,5492798633860944,"dr._umi_safitri,_s.pd799@gmail.com","Gang Rawamangun No. 8, Tidore Kepulauan, KU 05829",9996167494228679
4894,Hj. Wirda Hastuti,M,2004-12-14,3101011412048569,089674109509,726173361010561,5534788299248788,hj.wirdahastuti@outlook.com,"Jalan K.H. Wahid Hasyim No. 735, Payakumbuh, DKI Jakarta 55340",9939284897694149
4895,Ir. Puti Wijaya,F,1961-02-17,3174015702612234,+628155444859,6484321615,5588584106389928,ir.putiwijaya@ymail.com,"Jalan Erlangga No. 3, Banda Aceh, ST 34875",9936426776906303
4896,Ajimat Nugroho,F,1992-04-23,3601016304922586,085288385622,4639633106,5371781609132941,ajimatnugroho277@gmail.com,"Gang Ahmad Yani No. 421, Pekanbaru, Maluku Utara 63577",9986331531220255
4897,Drs. Jail Safitri,M,1963-08-09,3171010908634536,083866242689,312361553908,6011857575111100,drs..jail.safitri@yahoo.co.id,"Jalan Bangka Raya No. 56, Sibolga, Jawa Barat 61199",9996982040313080
4898,"Padma Marpaung, S.T.",F,1973-07-17,3402015707739710,08559813619,38666098824084,5379345292784271,"padma_marpaung,_s.t.@hotmail.com","Jl. Jayawijaya No. 000, Mataram, Kalimantan Utara 14227",9948408230616961
4899,"Cut Uchita Prasasta, S.Farm",M,1976-11-07,3701010711764964,08529577968,72184717117,5387506669668563,"cut_uchita_prasasta,_s.farm37@ymail.com","Gang Merdeka No. 278, Manado, Sulawesi Utara 92627",9931034644798612
4900,"Melinda Putra, S.Ked",M,2005-11-26,3175012611057549,+6281752202903,606879887334,6011230597726261,"melindaputra,s.ked@yahoo.co.id","Jalan Moch. Toha No. 650, Medan, Nusa Tenggara Timur 73992",9934535255755747
4901,"Tgk. Saadat Hidayanto, M.Kom.",F,1989-11-19,5103015911898685,+6281964289616,149712946715133,4571747394176358,"tgk.saadathidayanto,m.kom.@hotmail.com","Gang Kutisari Selatan No. 42, Bitung, SU 14073",9940357611550874
4902,Puti Tiara Wulandari,M,1960-06-13,3105011306607470,083820394370,1490493854,4668887026498752,puti_tiara_wulandari148@yahoo.co.id,"Jalan Jend. Sudirman No. 70, Malang, SN 63486",9945569763628329
4903,Wirda Mustofa,M,1973-03-29,3204012903732348,081423790486,5485622959,5230361123114807,wirda_mustofa292@ymail.com,"Jl. Astana Anyar No. 5, Purwokerto, Sumatera Barat 56768",9955685281517845
4904,"Dt. Damar Rajasa, M.M.",M,1958-04-29,3601012904583681,+6285763729686,8907106174,6011948147853147,"dt.damarrajasa,m.m.353@yahoo.co.id","Jl. HOS. Cokroaminoto No. 780, Balikpapan, Sumatera Selatan 03444",9963156507871616
4905,Tri Hariyah,F,1983-05-04,7301014405830889,08814525405,83849431,5156555066717278,tri.hariyah@outlook.com,"Gg. Sentot Alibasa No. 653, Semarang, RI 68389",9939568822329124
4906,Galuh Manullang,F,1955-12-31,3105017112559346,082328798378,9269958654826,4049903610216631,galuhmanullang424@outlook.com,"Gang Sukabumi No. 64, Padang, AC 93037",9938069474776387
4907,"KH. Artawan Dabukke, S.Farm",M,1971-12-03,3201010312718020,08133455424,165288564456,5221998134341159,"kh._artawan_dabukke,_s.farm177@ymail.com","Gang M.H Thamrin No. 4, Kediri, Gorontalo 38377",9962254964752310
4908,T. Cawisono Nuraini,F,1969-11-15,3204015511691837,089600596332,5362421026890,5121133167818758,t._cawisono_nuraini780@hotmail.com,"Gang Siliwangi No. 56, Prabumulih, SU 69181",9984135764772170
4909,Yuliana Fujiati,F,1976-03-08,3502014803760770,088399934309,13384361855,5388875334384737,yuliana_fujiati676@outlook.com,"Gg. Jend. A. Yani No. 57, Bekasi, Sulawesi Tengah 64952",9981084338338477
4910,Keisha Hutasoit,F,1996-08-14,3172015408967107,083898665244,8472106748432,5113346050346034,keisha_hutasoit@hotmail.com,"Jalan HOS. Cokroaminoto No. 2, Palangkaraya, BB 65197",9985132351424456
4911,Yono Mustofa,F,1978-06-26,3502016606780509,088473374254,998568359,5499093482670961,yono_mustofa@outlook.com,"Gg. Abdul Muis No. 70, Samarinda, GO 87663",9943273992397734
4912,KH. Darmanto Pangestu,M,1971-05-16,3171011605716954,+6289553138246,15958689175409,5165934241909928,kh.darmantopangestu582@yahoo.co.id,"Gg. Bangka Raya No. 737, Bekasi, DKI Jakarta 06045",9921644144511506
4913,Lukita Astuti,F,1971-05-07,3502014705713440,+6281321147459,1633421780329,5563208048459392,lukita_astuti134@outlook.com,"Jl. Ciwastra No. 482, Medan, Nusa Tenggara Barat 28783",9945534371498311
4914,H. Bagus Yuniar,F,2002-03-20,3601016003028796,081194930906,75380558,5434095655522280,h.bagusyuniar@ymail.com,"Gg. Surapati No. 970, Dumai, NB 29709",9914439535380193
4915,Bakda Hariyah,M,1976-12-18,3272011812766641,08520868861,1505497443687,4620602046092407,bakdahariyah@ymail.com,"Jalan Lembong No. 3, Sawahlunto, SU 91131",9911768891241597
4916,Sutan Darsirah Wibowo,M,1983-07-12,3401011207838636,081562164680,2267941783333,5552747461978372,sutandarsirahwibowo719@hotmail.com,"Gg. Monginsidi No. 816, Manado, KI 66141",9920002735234298
4917,"Amelia Irawan, S.H.",F,1985-05-05,3271014505859092,08552004589,38554528,5258840035885090,"amelia_irawan,_s.h.@gmail.com","Gg. Jayawijaya No. 11, Payakumbuh, GO 22754",9981449386453481
4918,dr. Yuliana Susanti,M,1960-05-30,5103013005607235,083274866052,92329283,5185458472010475,dr.yulianasusanti@ymail.com,"Gang Rajawali Barat No. 066, Bima, KB 94434",9945783230893869
4919,Zelda Saptono,F,1982-09-07,3172014709825127,08152328859,502036871278701,5579855693766368,zelda_saptono171@outlook.com,"Jalan Joyoboyo No. 84, Pontianak, Kalimantan Selatan 42811",9985695153962943
4920,Lutfan Agustina,M,1962-07-15,3102011507623973,08851930620,55467169268494,4642277262509619,lutfanagustina@ymail.com,"Gg. Cihampelas No. 87, Bitung, Kalimantan Timur 03574",9949894913259304
4921,dr. Aisyah Yulianti,F,1968-07-31,5102017107688998,085386693860,205925102946917,5485087234390686,dr..aisyah.yulianti958@ymail.com,"Jalan Abdul Muis No. 07, Bima, Sumatera Selatan 63183",9912306948887365
4922,Laras Wulandari,F,1976-05-08,3203014805762259,+628968871253,5468530483398,5124111717545206,laraswulandari463@outlook.com,"Jl. PHH. Mustofa No. 4, Pangkalpinang, Banten 76806",9913089101553985
4923,Putri Hardiansyah,M,1980-07-16,3273011607800262,08963991022,9034940635,4335848654281300,putri_hardiansyah315@ymail.com,"Jalan Antapani Lama No. 90, Lubuklinggau, Nusa Tenggara Timur 41672",9938905803441732
4924,Ibrahim Pratiwi,F,1957-12-24,3171016412570611,+628838093506,19573469780,5181118988457845,ibrahim_pratiwi@ymail.com,"Jl. Stasiun Wonokromo No. 8, Jambi, Jawa Tengah 31013",9978160498335700
4925,Dr. Asirwanda Purwanti,F,2008-07-05,3701014507086333,08161935176,619982201,6011543823327257,dr..asirwanda.purwanti102@yahoo.co.id,"Gang Jend. A. Yani No. 2, Bitung, GO 26675",9995727602126769
4926,Wardi Namaga,M,1975-05-25,3301012505753051,08770847081,446276007302,4714958496850880,wardi_namaga@hotmail.com,"Gg. Ronggowarsito No. 9, Tangerang, Kalimantan Utara 68939",9949054687877643
4927,"Tgk. Tugiman Mandala, S.IP",M,1960-06-27,3502012706600529,+6289592396412,2978932337,5231820256974308,"tgk._tugiman_mandala,_s.ip149@outlook.com","Jalan M.H Thamrin No. 93, Tangerang, BT 85472",9954788862113807
4928,"dr. Raisa Widiastuti, S.T.",F,1983-02-23,3201016302838575,+628337086281,9430115762031,5182895857567944,"dr._raisa_widiastuti,_s.t.657@yahoo.co.id","Gg. Sadang Serang No. 5, Bitung, Sumatera Barat 48189",9944889901739422
4929,"Cut Eva Rahayu, S.Gz",M,1989-11-01,3701010111896000,08315714964,54303809771,4224687058085865,"cut.eva.rahayu,.s.gz80@hotmail.com","Gg. BKR No. 29, Purwokerto, Kalimantan Tengah 81007",9914813329198356
4930,"Tgk. Mahdi Lestari, S.H.",F,1991-06-20,3203016006918121,08982720207,148142245,5596762311878509,"tgk._mahdi_lestari,_s.h.993@gmail.com","Jl. Joyoboyo No. 8, Bengkulu, KR 96198",9926802459322849
4931,"H. Purwadi Najmudin, S.E.",F,1970-09-20,3203016009702698,08315486702,71385753276874,5364380487523333,"h._purwadi_najmudin,_s.e.@gmail.com","Gg. Rajawali Barat No. 08, Kota Administrasi Jakarta Barat, Sumatera Barat 77631",9946266649006327
4932,"Galiono Haryanto, S.H.",M,2000-04-24,3201012404009232,08566694608,16389572025484,6011464449829384,"galiono.haryanto,.s.h.@yahoo.co.id","Jalan Moch. Toha No. 679, Gorontalo, KI 34631",9958317925497737
4933,Maimunah Wibisono,F,1983-05-23,3173016305838527,+6281450466385,24616090849,5596516430043873,maimunahwibisono122@ymail.com,"Jalan Sukajadi No. 2, Palopo, Sumatera Selatan 40477",9998356936997660
4934,Rini Prayoga,F,2005-02-12,3103015202052748,082112446730,340126926637082,5165157545030265,rini.prayoga705@yahoo.co.id,"Gg. Dr. Djunjunan No. 8, Padang Sidempuan, Maluku Utara 71368",9943542905333115
4935,"Hj. Fitriani Zulkarnain, M.Pd",F,1977-12-18,3173015812775723,08190781563,829754862418406,5488273394279511,"hj..fitriani.zulkarnain,.m.pd241@hotmail.com","Jl. Ronggowarsito No. 105, Tangerang Selatan, DKI Jakarta 62783",9972797584530044
4936,Darsirah Saefullah,F,1959-01-12,3602015201596619,08221777014,685793072997,5347359218397989,darsirah_saefullah@hotmail.com,"Gang Ronggowarsito No. 96, Banjarbaru, Kalimantan Utara 18507",9967942852635085
4937,Among Safitri,F,1989-08-17,3401015708891797,+6289963185125,9651629329,5244917362952290,among.safitri452@gmail.com,"Gang Medokan Ayu No. 436, Palembang, YO 91204",9912141082872484
4938,Ida Sihombing,M,2006-10-20,3701012010065903,08339044839,103216263,5285176701983987,ida.sihombing897@outlook.com,"Gang Cikutra Timur No. 974, Padang, KI 64905",9978594522255291
4939,Elisa Adriansyah,F,1992-05-04,3104014405929722,+6285361178164,4343974016,5387448890225376,elisa_adriansyah@yahoo.co.id,"Gang Kiaracondong No. 134, Jayapura, JK 20160",9990484218986774
4940,Harsana Sirait,M,1980-12-03,3502010312804059,081309975039,90067674,4954182568551628,harsana.sirait@outlook.com,"Jalan Lembong No. 84, Tegal, Riau 22572",9962593072497117
4941,Budi Kurniawan,F,1968-06-18,3502015806688095,082167814802,108054196361,5135242884949776,budi.kurniawan@outlook.com,"Gg. Rajawali Timur No. 725, Padang, Banten 47716",9955677043438838
4942,Gantar Saefullah,F,2005-05-03,3601014305058889,+6288176249598,18549454341,5189187481074399,gantar.saefullah@gmail.com,"Gang M.T Haryono No. 571, Sabang, Sumatera Barat 77097",9969176324993206
4943,Luwar Maryadi,F,1976-06-03,3176014306768410,+628129474350,40296924809148,5238584524306826,luwarmaryadi@hotmail.com,"Jl. Laswi No. 14, Ternate, Kalimantan Timur 44324",9941422532484683
4944,"Lala Prasasta, S.E.I",F,1955-10-22,3501016210551812,08570222602,105110127,5339597282006781,"lala.prasasta,.s.e.i921@outlook.com","Jalan Tebet Barat Dalam No. 88, Parepare, Aceh 50213",9977581630573842
4945,Dt. Warsa Wibisono,M,1977-12-29,3272012912770927,085561383910,2670238177,6011939222838069,dt._warsa_wibisono454@ymail.com,"Gg. Pasteur No. 2, Kota Administrasi Jakarta Selatan, Lampung 68834",9950054232498474
4946,"Icha Narpati, S.Farm",M,1982-04-07,7102010704824853,085782866304,2051376653,5415302976955863,"icha.narpati,.s.farm@ymail.com","Gg. Ciumbuleuit No. 855, Malang, Sulawesi Utara 10828",9992274958492241
4947,Eka Aryani,F,1999-05-04,7301014405997669,+628819602512,922247050,5285535632668054,ekaaryani246@yahoo.co.id,"Gang Raya Ujungberung No. 56, Depok, Maluku Utara 52615",9934477902007809
4948,"Fitria Wibowo, M.TI.",F,1986-05-19,3103015905869235,088452713684,112214207,5404110276559579,"fitria.wibowo,.m.ti.176@hotmail.com","Gang HOS. Cokroaminoto No. 06, Purwokerto, Banten 60265",9910159297426912
4949,"Kezia Pradana, S.Psi",M,1961-12-07,7102010712617971,08814379661,155367166034096,6011245891279681,"kezia_pradana,_s.psi@gmail.com","Jl. Laswi No. 29, Banda Aceh, Aceh 76694",9975384591902761
4950,R. Mala Mardhiyah,M,2006-10-20,3502012010060565,081558748489,620961338060973,4152458527044841,r.malamardhiyah345@hotmail.com,"Jl. Joyoboyo No. 952, Jayapura, Papua Barat 14546",9985113597493112
4951,Gilang Najmudin,F,2004-11-18,3273015811045441,08131896882,81777481821,5314923705332855,gilang.najmudin@outlook.com,"Gang Dr. Djunjunan No. 6, Lubuklinggau, Sumatera Barat 61648",9990937192017918
4952,Elisa Uyainah,F,1958-06-02,3302014206584953,08115770675,1530156469793,5100851368903182,elisa.uyainah544@hotmail.com,"Jl. W.R. Supratman No. 182, Medan, Sumatera Utara 36387",9955692691357933
4953,Bakianto Yuniar,F,1985-01-17,3102015701851136,081946513176,39857555,5263551372539210,bakianto_yuniar61@gmail.com,"Gang Ahmad Yani No. 26, Meulaboh, KR 70269",9957621195290499
4954,Oni Zulaika,M,1961-08-27,7301012708614786,083273517970,122324355314216,5283117144485221,oni_zulaika@gmail.com,"Gg. Pasirkoja No. 273, Kotamobagu, Papua 56353",9934128870296527
4955,"Karta Sihombing, M.Kom.",M,2004-11-07,3701010711043249,085615545606,248601958891,5313555026032268,"karta_sihombing,_m.kom.720@hotmail.com","Gg. Ir. H. Djuanda No. 882, Sungai Penuh, BE 13579",9917391855989255
4956,Laila Rahimah,F,1990-10-02,6101014210909612,082384668598,282955128616,6011671984430317,lailarahimah@hotmail.com,"Gang Rungkut Industri No. 13, Pangkalpinang, MU 34967",9989198865731996
4957,drg. Margana Pradana,M,1980-01-14,3302011401803069,083385718640,53531316,6011083924849686,drg._margana_pradana@outlook.com,"Jalan Yos Sudarso No. 300, Bogor, SU 27113",9944512133158557
4958,Rika Saefullah,F,1972-10-14,3203015410727126,089745145288,501084063,5475508076104038,rika.saefullah@hotmail.com,"Gg. Rajiman No. 650, Ternate, KT 14074",9923923055653143
4959,"Dt. Adiarja Aryani, M.TI.",M,1987-11-26,3301012611872220,+628212078922,71755994318780,5134396589792810,"dt..adiarja.aryani,.m.ti.@yahoo.co.id","Jalan Cihampelas No. 123, Sawahlunto, Aceh 12088",9984171681058363
4960,Aswani Winarno,M,1973-10-09,3174010910736237,085399108050,711742171665,4462188635410928,aswani.winarno181@hotmail.com,"Jl. Siliwangi No. 685, Banjar, JB 18657",9918643694863900
4961,Irfan Sihombing,M,1962-09-15,3173011509624444,08580666792,7496764473108,4336571170602621,irfan.sihombing895@ymail.com,"Gg. Rajiman No. 09, Salatiga, Sulawesi Tengah 55490",9925534349462426
4962,Vera Usada,M,1971-01-09,7301010901714596,081825153767,8223034949995,5143326757034087,vera_usada88@gmail.com,"Gg. Bangka Raya No. 29, Cirebon, RI 59043",9958897345741496
4963,Alambana Hariyah,M,2004-09-23,3102012309044610,+6285986794892,846286018,4101918770897659,alambana_hariyah@yahoo.co.id,"Gang Sukajadi No. 303, Padang Sidempuan, AC 95677",9940519416252536
4964,"Dr. Kunthara Setiawan, S.E.I",M,1965-08-29,3101012908657726,+6285504869914,9081448703383,5560844102978144,"dr.kuntharasetiawan,s.e.i506@ymail.com","Jalan Cikutra Barat No. 92, Tasikmalaya, Nusa Tenggara Barat 43812",9938227344680293
4965,Tami Namaga,F,1985-07-03,6101014307857121,081953764745,1510144305,5399085572683234,taminamaga234@yahoo.co.id,"Jl. Antapani Lama No. 412, Tidore Kepulauan, Banten 54258",9976061640345307
4966,"Tedi Oktaviani, S.Psi",F,1974-08-03,6101014308745555,087832699243,491858255,5220514593825657,"tedi_oktaviani,_s.psi@outlook.com","Jl. Sukajadi No. 47, Sawahlunto, Kepulauan Bangka Belitung 09748",9915025239148460
4967,Siti Tarihoran,F,1996-04-18,3303015804969137,089821070525,57508138723683,5198677734447987,siti_tarihoran@gmail.com,"Gg. Soekarno Hatta No. 799, Metro, Riau 54801",9967040484093010
4968,Darsirah Hutasoit,M,1989-03-27,3273012703896391,+6281320202264,479812104995549,5503863303340957,darsirah.hutasoit555@gmail.com,"Jalan Peta No. 877, Kota Administrasi Jakarta Barat, BA 81806",9944751466197954
4969,Dr. Ghaliyati Pratama,F,1973-10-08,5102014810732436,08325058848,45541417024924,6011233133706523,dr.ghaliyatipratama789@ymail.com,"Gg. Kapten Muslihat No. 9, Dumai, Kalimantan Tengah 11552",9978718308812217
4970,Titi Laksmiwati,M,1968-12-03,3174010312688014,088316962130,215133750416,5560807181207217,titi_laksmiwati@gmail.com,"Gang Lembong No. 922, Metro, PA 38144",9923925818458795
4971,"Drs. Dadap Nashiruddin, M.Pd",M,2007-08-16,3104011608075501,08317712324,1762610319671,5252920333721388,"drs._dadap_nashiruddin,_m.pd@outlook.com","Jalan M.T Haryono No. 0, Depok, KT 85122",9980411666431690
4972,dr. Siska Safitri,M,1964-07-05,3273010507641003,+6282374831300,260465225916985,5538271824100277,dr..siska.safitri372@gmail.com,"Gang Tubagus Ismail No. 056, Kupang, DKI Jakarta 48868",9953571588535991
4973,Maida Haryanto,F,1986-07-06,3602014607867102,08836104955,27888002540,5581945405308752,maidaharyanto@hotmail.com,"Gang K.H. Wahid Hasyim No. 9, Jayapura, AC 21967",9924126025113952
4974,Lasmono Sudiati,F,1989-05-30,7101017005896303,08848291514,589777950893406,4935603118853477,lasmono.sudiati523@gmail.com,"Gg. Lembong No. 72, Dumai, AC 40850",9919954517953054
4975,Kambali Siregar,F,1990-03-18,3175015803905336,087766263614,799305264,6011622785663414,kambali_siregar@gmail.com,"Gang Sadang Serang No. 1, Batu, Bali 77988",9915685800644509
4976,Darmaji Utami,F,1998-03-15,3601015503982537,085505834569,414613886,5321453399800915,darmaji_utami286@yahoo.co.id,"Jl. Cihampelas No. 82, Padang Sidempuan, SG 12079",9933283587493001
4977,Anita Oktaviani,M,1974-09-25,3502012509747562,088282757385,1629063857,5270472214521304,anita_oktaviani350@gmail.com,"Gg. Gardujati No. 1, Kediri, Sulawesi Utara 17403",9939593219067170
4978,Fitria Nashiruddin,F,1988-11-25,3104016511885545,+6289915141509,949229327,5244561945586561,fitria_nashiruddin608@hotmail.com,"Jl. Raya Setiabudhi No. 38, Banda Aceh, Sulawesi Tenggara 92365",9973858719942734
4979,Vera Suartini,M,1992-10-21,3301012110924129,+628561523619,784383701823,5169927509971888,vera_suartini883@yahoo.co.id,"Gang Bangka Raya No. 4, Bukittinggi, Sulawesi Selatan 42172",9983345481032106
4980,Unjani Firgantoro,F,1974-09-24,3271016409744043,+628818358564,29111835023,5535040237698383,unjanifirgantoro307@ymail.com,"Jalan Ir. H. Djuanda No. 13, Magelang, Kalimantan Selatan 26177",9979369174754545
4981,"Daru Simbolon, S.Kom",F,1997-06-25,3201016506976685,+628997139674,968381051329807,5322068287686248,"daru.simbolon,.s.kom437@gmail.com","Gang H.J Maemunah No. 96, Salatiga, Jawa Tengah 05807",9990015442914386
4982,Zulaikha Thamrin,F,1968-03-22,3302016203687425,+628847803467,96345536,5248030100471887,zulaikha_thamrin730@hotmail.com,"Gg. Pasirkoja No. 749, Tual, JA 53901",9998191762800167
4983,Dr. Febi Wacana,F,1974-05-15,5101015505744389,+628563888982,95878526,5533558073275024,dr._febi_wacana@ymail.com,"Jalan H.J Maemunah No. 01, Tomohon, PA 50866",9973853416838251
4984,Puti Uchita Astuti,M,1959-06-19,5102011906597438,083236852890,14850369303116,6011404722077572,puti_uchita_astuti@outlook.com,"Jalan Joyoboyo No. 8, Malang, AC 42185",9985616992665889
4985,Asmadi Prayoga,M,2008-01-28,3301012801082083,+628530542883,5499622837,5192847139520978,asmadiprayoga693@hotmail.com,"Gang Merdeka No. 656, Kota Administrasi Jakarta Barat, SN 20754",9994114621876688
4986,Jelita Marbun,F,1963-01-05,3501014501636973,081717051244,8732017703166,5326346866355351,jelita_marbun373@yahoo.co.id,"Jl. Pelajar Pejuang No. 568, Tomohon, Sulawesi Tenggara 85600",9950686515979080
4987,Dr. Lasmanto Sinaga,F,1981-07-24,3273016407813301,+6287815683323,96637736,4779770309647597,dr._lasmanto_sinaga@yahoo.co.id,"Gg. Ciwastra No. 511, Bau-Bau, Lampung 04115",9993107467656859
4988,Cahyo Novitasari,F,1982-06-24,3102016406820283,08324725601,73147593097,6011377716066044,cahyo.novitasari@outlook.com,"Gang Cihampelas No. 298, Palopo, Jambi 60528",9952497159520978
4989,"Nrima Zulaika, S.Sos",M,2000-08-08,3401010808001490,081775295382,7719911872,5130179708414469,"nrimazulaika,s.sos849@outlook.com","Jalan Pacuan Kuda No. 6, Padang Sidempuan, DKI Jakarta 09724",9992043281454873
4990,"Ir. Kasiyah Simbolon, S.E.I",M,2004-12-01,3103010112041585,+628599692993,813222069918714,5269789891740858,"ir..kasiyah.simbolon,.s.e.i@hotmail.com","Jl. Rumah Sakit No. 63, Surakarta, Kepulauan Riau 04568",9928538231873278
4991,Zaenab Laksita,M,1998-08-15,7102011508984841,088548053289,994756125,5160219110689152,zaenab.laksita312@hotmail.com,"Jalan Sukabumi No. 1, Cirebon, JI 71069",9996372259296960
4992,Wani Hassanah,F,2006-12-31,3203017112063073,08813250518,343588284421350,5591714797315706,wanihassanah@ymail.com,"Jl. Ciwastra No. 812, Kota Administrasi Jakarta Timur, KU 36451",9954166710862838
4993,Kenes Astuti,F,1991-07-19,3171015907914419,+6289619646383,24588488667,5202406075447331,kenes_astuti@outlook.com,"Gang Abdul Muis No. 0, Serang, LA 61303",9941983837283568
4994,Rosman Situmorang,M,1956-06-23,3301012306562495,08785147129,888277126007087,5145929541916841,rosman_situmorang@hotmail.com,"Jl. Kebonjati No. 06, Parepare, JB 95876",9941447276767128
4995,Nalar Usada,F,1955-11-11,3271015111559578,08196789090,39440696,6011451466482899,nalarusada@gmail.com,"Jl. Cikapayang No. 5, Surakarta, DKI Jakarta 19593",9961983839429606
4996,Gading Hutapea,F,1966-01-13,3204015301669244,+628983842543,42445270736443,5358379772440798,gading.hutapea430@hotmail.com,"Jalan Joyoboyo No. 7, Kotamobagu, Sulawesi Selatan 38573",9963043715071571
4997,Melinda Pratama,M,1961-09-30,3401013009613896,081829665985,1514090504,5542188884940386,melinda.pratama@gmail.com,"Gg. Kebonjati No. 990, Padangpanjang, Nusa Tenggara Barat 66509",9989655897773240
4998,"Dr. Farah Gunawan, S.Gz",F,2006-01-26,3204016601063643,08321079409,33083437916,5487359798552119,"dr._farah_gunawan,_s.gz142@yahoo.co.id","Jl. Waringin No. 22, Bekasi, Aceh 28311",9930373555182090
4999,Teddy Nainggolan,F,1958-10-17,3101015710582487,+6281202897058,398536854894808,5559058663855869,teddy.nainggolan92@yahoo.co.id,"Jalan Kutisari Selatan No. 64, Sungai Penuh, LA 13072",9998033746395565
